{
	"__comment": "Designed by - with BDcraft Cubik PRO 0.91 Beta - http://bdcraft.net",
	"textures": {
		"texture": "item/golden_crowbar"
	},
	"elements": [
		{
			"from": [ 8.1875, 2.5, 8.125 ],
			"to": [ 8.4375, 10.125, 8.5 ],
			"faces": {
				"north": { "uv": [ 8, 7.5, 8.5, 8 ], "texture": "#texture" },
				"south": { "uv": [ 8.5, 7, 9, 7.5 ], "texture": "#texture" },
				"west": { "uv": [ 8.5, 7, 9, 7.5 ], "texture": "#texture" },
				"east": { "uv": [ 8.5, 7, 9, 7.5 ], "texture": "#texture" }
			}
		},
		{
			"from": [ 8, 10.1875, 8 ],
			"to": [ 8.5, 10.5, 8.9375 ],
			"rotation": { "origin": [ 8, 10.5, 8 ], "axis": "x", "angle": -45 },
			"faces": {
				"down": { "uv": [ 12.5, 3, 11.5, 2.5 ], "texture": "#texture" },
				"up": { "uv": [ 11.5, 2.5, 12.5, 3 ], "texture": "#texture" },
				"north": { "uv": [ 11.5, 2.5, 12.5, 3 ], "texture": "#texture" },
				"south": { "uv": [ 11.5, 2.5, 12.5, 3 ], "texture": "#texture" },
				"west": { "uv": [ 10.5, 2.5, 12.5, 3 ], "texture": "#texture" },
				"east": { "uv": [ 10.5, 2.5, 12.5, 3 ], "texture": "#texture" }
			}
		},
		{
			"from": [ 8, 10, 9.375 ],
			"to": [ 8.5, 10.5625, 9.6875 ],
			"rotation": { "origin": [ 8, 10.5625, 9.375 ], "axis": "x", "angle": -45 },
			"faces": {
				"down": { "uv": [ 12.5, 3, 11.5, 2.5 ], "texture": "#texture" },
				"up": { "uv": [ 11.5, 2.5, 12.5, 3 ], "texture": "#texture" },
				"north": { "uv": [ 11.5, 2.5, 12.5, 3 ], "texture": "#texture" },
				"south": { "uv": [ 11.5, 2.5, 12.5, 3 ], "texture": "#texture" },
				"west": { "uv": [ 11.5, 2.5, 12.5, 3 ], "texture": "#texture" },
				"east": { "uv": [ 11.5, 2.5, 12.5, 3 ], "texture": "#texture" }
			}
		},
		{
			"from": [ 8, 1.25, 7.25 ],
			"to": [ 8.5, 1.5, 8.5 ],
			"rotation": { "origin": [ 8, 1.5, 7.25 ], "axis": "x", "angle": -22.5 },
			"faces": {
				"down": { "uv": [ 12.5, 3, 11.5, 2.5 ], "texture": "#texture" },
				"up": { "uv": [ 11.5, 2.5, 12.5, 3 ], "texture": "#texture" },
				"north": { "uv": [ 11.5, 2.5, 12, 3 ], "texture": "#texture" },
				"south": { "uv": [ 11.5, 2.5, 12, 3 ], "texture": "#texture" },
				"west": { "uv": [ 11, 2.5, 12.5, 3 ], "texture": "#texture" },
				"east": { "uv": [ 11, 2.5, 12.5, 3 ], "texture": "#texture" }
			}
		},
		{
			"from": [ 8, 10, 8 ],
			"to": [ 8.5, 10.5, 8.5 ],
			"faces": {
				"down": { "uv": [ 12.5, 3, 11.5, 2.5 ], "texture": "#texture" },
				"up": { "uv": [ 11.5, 2.5, 12.5, 3 ], "texture": "#texture" },
				"north": { "uv": [ 11.5, 2.5, 12.5, 3 ], "texture": "#texture" },
				"south": { "uv": [ 11.5, 2.5, 12.5, 3 ], "texture": "#texture" },
				"west": { "uv": [ 10.5, 2.5, 12.5, 3 ], "texture": "#texture" },
				"east": { "uv": [ 10.5, 2.5, 12.5, 3 ], "texture": "#texture" }
			}
		},
		{
			"from": [ 8, 1.8125, 8 ],
			"to": [ 8.5, 2.5, 8.5 ],
			"faces": {
				"down": { "uv": [ 12.5, 3, 11.5, 2.5 ], "texture": "#texture" },
				"up": { "uv": [ 11.5, 2.5, 12.5, 3 ], "texture": "#texture" },
				"north": { "uv": [ 11.5, 2.5, 12.5, 3 ], "texture": "#texture" },
				"south": { "uv": [ 11.5, 2.5, 12.5, 3 ], "texture": "#texture" },
				"west": { "uv": [ 10.5, 2.5, 12.5, 3 ], "texture": "#texture" },
				"east": { "uv": [ 10.5, 2.5, 12.5, 3 ], "texture": "#texture" }
			}
		},
		{
			"from": [ 8, 10.8125, 8.6875 ],
			"to": [ 8.5, 11.125, 9.625 ],
			"rotation": { "origin": [ 8, 11.125, 8.6875 ], "axis": "x", "angle": 22.5 },
			"faces": {
				"down": { "uv": [ 12.5, 3, 11.5, 2.5 ], "texture": "#texture" },
				"up": { "uv": [ 11.5, 2.5, 12.5, 3 ], "texture": "#texture" },
				"north": { "uv": [ 11.5, 2.5, 12.5, 3 ], "texture": "#texture" },
				"south": { "uv": [ 11.5, 2.5, 12.5, 3 ], "texture": "#texture" },
				"west": { "uv": [ 10.5, 2.5, 12.5, 3 ], "texture": "#texture" },
				"east": { "uv": [ 10.5, 2.5, 12.5, 3 ], "texture": "#texture" }
			}
		},
		{
			"from": [ 8.0625, 9.8125, 9.75 ],
			"to": [ 8.3125, 10.375, 10 ],
			"rotation": { "origin": [ 8.0625, 10.375, 9.75 ], "axis": "z", "angle": -22.5 },
			"faces": {
				"down": { "uv": [ 12.5, 3, 11.5, 2.5 ], "texture": "#texture" },
				"up": { "uv": [ 11.5, 2.5, 12.5, 3 ], "texture": "#texture" },
				"north": { "uv": [ 11.5, 2.5, 12.5, 3 ], "texture": "#texture" },
				"south": { "uv": [ 11.5, 2.5, 12.5, 3 ], "texture": "#texture" },
				"west": { "uv": [ 11.5, 2.5, 12.5, 3 ], "texture": "#texture" },
				"east": { "uv": [ 11.5, 2.5, 12.5, 3 ], "texture": "#texture" }
			}
		},
		{
			"from": [ 8.1875, 9.75, 9.75 ],
			"to": [ 8.4375, 10.3125, 10 ],
			"rotation": { "origin": [ 8.1875, 10.3125, 9.75 ], "axis": "z", "angle": 22.5 },
			"faces": {
				"down": { "uv": [ 12.5, 3, 11.5, 2.5 ], "texture": "#texture" },
				"up": { "uv": [ 11.5, 2.5, 12.5, 3 ], "texture": "#texture" },
				"north": { "uv": [ 11.5, 2.5, 12.5, 3 ], "texture": "#texture" },
				"south": { "uv": [ 11.5, 2.5, 12.5, 3 ], "texture": "#texture" },
				"west": { "uv": [ 11.5, 2.5, 12.5, 3 ], "texture": "#texture" },
				"east": { "uv": [ 11.5, 2.5, 12.5, 3 ], "texture": "#texture" }
			}
		},
		{
			"from": [ 8, 2.4375, 8.25 ],
			"to": [ 8.1875, 10, 8.5 ],
			"faces": {
				"north": { "uv": [ 8, 8, 8.5, 8.5 ], "texture": "#texture" },
				"south": { "uv": [ 8, 8, 8.5, 8.5 ], "texture": "#texture" },
				"west": { "uv": [ 8.5, 7.5, 9, 8 ], "texture": "#texture" },
				"east": { "uv": [ 8.5, 7.5, 9, 8 ], "texture": "#texture" }
			}
		},
		{
			"from": [ 8, 2.4375, 8 ],
			"to": [ 8.5625, 10, 8.25 ],
			"faces": {
				"north": { "uv": [ 8, 7.5, 8.5, 8 ], "texture": "#texture" },
				"south": { "uv": [ 8.5, 7, 9, 7.5 ], "texture": "#texture" },
				"west": { "uv": [ 8.5, 7, 9, 7.5 ], "texture": "#texture" },
				"east": { "uv": [ 8.5, 7, 9, 7.5 ], "texture": "#texture" }
			}
		}
	],
	"display": {
		"thirdperson_righthand": {
			"rotation":  [ 4, 180, -4 ],
			"translation":  [ 0.19, 6.43, 2.83 ],
			"scale":  [ 2, 2, 2 ]
		},
		"thirdperson_lefthand": {
			"rotation":  [ 4, 180, -4 ],
			"translation":  [ -1.7, 6.43, 2.83 ],
			"scale":  [ 2, 2, 2 ]
		},
		"firstperson_righthand": {
			"rotation":  [ 6, 166, -3 ],
			"translation":  [ -3.78, 6.05, 5.67 ]
		},
		"firstperson_lefthand": {
			"rotation":  [ 6, 166, -3 ],
			"translation":  [ -3.077, 6.7456, 5.67 ]
		},
		"gui": {
			"rotation":  [ 40, 37, -31 ],
			"translation":  [ 0.57, 2.46, 0 ],
			"scale":  [ 1.5, 1.5, 1.5 ]
		},
		"head": {
			"rotation":  [ 119, 0, 0 ],
			"translation":  [ 0.6, 8.88, 0 ],
			"scale":  [ 2, 2, 2 ]
		},
		"ground": {
			"rotation":  [ -64, -13, 0 ],
			"translation":  [ 0, 2, 0 ],
			"scale":  [ 0.8, 0.8, 0.8 ]
		},
		"fixed": {
			"rotation":  [ 0, 100, 0 ],
			"translation":  [ 0, 3.4, 0 ],
			"scale":  [ 2, 2, 2 ]
		}
	}
}