{
	"credit": "Made with Blockbench",
	"texture_size": [64, 64],
	"textures": {
		"2": "item/modeldata/npcs/kleiner/kleinerthreepose"
	},
	"elements": [
		{
			"name": "Body",
			"from": [4, 12, 7],
			"to": [12, 24, 11],
			"faces": {
				"north": {"uv": [5, 5, 7, 8], "texture": "#2"},
				"east": {"uv": [4, 5, 5, 8], "texture": "#2"},
				"south": {"uv": [8, 5, 10, 8], "texture": "#2"},
				"west": {"uv": [7, 5, 8, 8], "texture": "#2"},
				"up": {"uv": [7, 5, 5, 4], "texture": "#2"},
				"down": {"uv": [9, 4, 7, 5], "texture": "#2"}
			}
		},
		{
			"name": "Left Leg",
			"from": [0.1, 11, -2],
			"to": [4.1, 15, 10],
			"rotation": {"angle": 22.5, "axis": "y", "origin": [0, 0, 0]},
			"faces": {
				"north": {"uv": [7, 12, 6, 13], "rotation": 180, "texture": "#2"},
				"east": {"uv": [4, 13, 5, 16], "rotation": 270, "texture": "#2"},
				"south": {"uv": [6, 13, 5, 12], "texture": "#2"},
				"west": {"uv": [6, 13, 7, 16], "rotation": 90, "texture": "#2"},
				"up": {"uv": [5, 13, 6, 16], "rotation": 180, "texture": "#2"},
				"down": {"uv": [7, 13, 8, 16], "texture": "#2"}
			}
		},
		{
			"name": "Left Arm",
			"from": [-8, 12, 7],
			"to": [-4, 24, 11],
			"rotation": {"angle": -22.5, "axis": "z", "origin": [0, 0, 0]},
			"faces": {
				"north": {"uv": [9, 13, 10, 16], "texture": "#2"},
				"east": {"uv": [8, 13, 9, 16], "texture": "#2"},
				"south": {"uv": [11, 13, 12, 16], "texture": "#2"},
				"west": {"uv": [10, 13, 11, 16], "texture": "#2"},
				"up": {"uv": [10, 13, 9, 12], "texture": "#2"},
				"down": {"uv": [11, 12, 10, 13], "texture": "#2"}
			}
		},
		{
			"name": "Right Arm",
			"from": [12, 12, 7],
			"to": [16, 24, 11],
			"faces": {
				"north": {"uv": [11, 5, 12, 8], "texture": "#2"},
				"east": {"uv": [10, 5, 11, 8], "texture": "#2"},
				"south": {"uv": [13, 5, 14, 8], "texture": "#2"},
				"west": {"uv": [12, 5, 13, 8], "texture": "#2"},
				"up": {"uv": [12, 5, 11, 4], "texture": "#2"},
				"down": {"uv": [13, 4, 12, 5], "texture": "#2"}
			}
		},
		{
			"name": "Right Leg",
			"from": [7.9, 7, 1],
			"to": [11.9, 11, 13],
			"rotation": {"angle": -22.5, "axis": "x", "origin": [0, 0, 0]},
			"faces": {
				"north": {"uv": [3, 4, 2, 5], "rotation": 180, "texture": "#2"},
				"east": {"uv": [0, 5, 1, 8], "rotation": 270, "texture": "#2"},
				"south": {"uv": [2, 5, 1, 4], "texture": "#2"},
				"west": {"uv": [2, 5, 3, 8], "rotation": 90, "texture": "#2"},
				"up": {"uv": [1, 5, 2, 8], "rotation": 180, "texture": "#2"},
				"down": {"uv": [3, 5, 4, 8], "texture": "#2"}
			}
		},
		{
			"name": "Head",
			"from": [4, 24, 5],
			"to": [12, 32, 13],
			"faces": {
				"north": {"uv": [2, 2, 4, 4], "texture": "#2"},
				"east": {"uv": [0, 2, 2, 4], "texture": "#2"},
				"south": {"uv": [6, 2, 8, 4], "texture": "#2"},
				"west": {"uv": [4, 2, 6, 4], "texture": "#2"},
				"up": {"uv": [4, 2, 2, 0], "texture": "#2"},
				"down": {"uv": [6, 0, 4, 2], "texture": "#2"}
			}
		}
	],
	"display": {
		"thirdperson_righthand": {
			"scale": [0.2, 0.2, 0.2]
		},
		"thirdperson_lefthand": {
			"scale": [0.2, 0.2, 0.2]
		},
		"firstperson_righthand": {
			"scale": [0.2, 0.2, 0.2]
		},
		"firstperson_lefthand": {
			"scale": [0.2, 0.2, 0.2]
		},
		"ground": {
			"translation": [0.5, -2.5, 0.5],
			"scale": [0.5, 0.5, 0.5]
		},
		"gui": {
			"rotation": [155.95, 38.28, -157.06],
			"translation": [-1.5, -6, 0],
			"scale": [0.5, 0.5, 0.5]
		},
		"head": {
			"translation": [0, -32.5, -1.25],
			"scale": [1.62, 1.62, 1.62]
		},
		"fixed": {
			"rotation": [-90, 1, 0],
			"translation": [0.5, -5.5, 24.25],
			"scale": [2, 2, 2]
		}
	},
	"groups": [
		{
			"name": "Body",
			"origin": [0, 24, 0],
			"color": 0,
			"children": [0]
		},
		{
			"name": "LeftLeg",
			"origin": [-1.9, 12, 0],
			"color": 0,
			"children": [1]
		},
		{
			"name": "LeftArm",
			"origin": [-5, 22, 0],
			"color": 0,
			"children": [2]
		},
		{
			"name": "RightArm",
			"origin": [5, 22, 0],
			"color": 0,
			"children": [3]
		},
		{
			"name": "RightLeg",
			"origin": [1.9, 12, 0],
			"color": 0,
			"children": [4]
		},
		{
			"name": "Head",
			"origin": [0, 24, 0],
			"color": 0,
			"children": [5]
		}
	]
}
