{
  	"parent": "minecraft:block/orientable",

	"textures": {
    		"front": "minecraft:block/carved_pumpkin",
    		"side": "minecraft:block/pumpkin_side",
    		"top": "minecraft:block/pumpkin_top"
  	},

	"overrides": [
		{ "predicate": { "custom_model_data":1 }, "model": "item/npcs/alyx/alyxzeropose" },
		{ "predicate": { "custom_model_data":2 }, "model": "item/npcs/alyx/alyxonepose" },
		{ "predicate": { "custom_model_data":3 }, "model": "item/npcs/alyx/alyxtwopose" },
		{ "predicate": { "custom_model_data":4 }, "model": "item/npcs/alyx/alyxthreepose" },
		{ "predicate": { "custom_model_data":5 }, "model": "item/npcs/alyx/alyxspecialpose" },
		{ "predicate": { "custom_model_data":6 }, "model": "item/npcs/barney/barneyzeropose" },
		{ "predicate": { "custom_model_data":7 }, "model": "item/npcs/barney/barneyonepose" },
		{ "predicate": { "custom_model_data":8 }, "model": "item/npcs/barney/barneytwopose" },
		{ "predicate": { "custom_model_data":9 }, "model": "item/npcs/barney/barneythreepose" },
		{ "predicate": { "custom_model_data":10 }, "model": "item/npcs/barney/barneycrowbarpose" },
		{ "predicate": { "custom_model_data":11 }, "model": "item/npcs/breen/breenzeropose" },
		{ "predicate": { "custom_model_data":12 }, "model": "item/npcs/breen/breenonepose" },
		{ "predicate": { "custom_model_data":13 }, "model": "item/npcs/breen/breentwopose" },
		{ "predicate": { "custom_model_data":14 }, "model": "item/npcs/breen/breenthreepose" },
		{ "predicate": { "custom_model_data":15 }, "model": "item/npcs/breen/breenspecialpose" },
		{ "predicate": { "custom_model_data":16 }, "model": "item/npcs/citizen/female/citizenfemalezeropose" },
		{ "predicate": { "custom_model_data":17 }, "model": "item/npcs/citizen/female/citizenfemaleonepose" },
		{ "predicate": { "custom_model_data":18 }, "model": "item/npcs/citizen/female/citizenfemaletwopose" },
		{ "predicate": { "custom_model_data":19 }, "model": "item/npcs/citizen/female/citizenfemalethreepose" },
		{ "predicate": { "custom_model_data":20 }, "model": "item/npcs/citizen/female/citizenfemalespecialpose" },
		{ "predicate": { "custom_model_data":21 }, "model": "item/npcs/citizen/male/citizenmalezeropose" },
		{ "predicate": { "custom_model_data":22 }, "model": "item/npcs/citizen/male/citizenmaleonepose" },
		{ "predicate": { "custom_model_data":23 }, "model": "item/npcs/citizen/male/citizenmaletwopose" },
		{ "predicate": { "custom_model_data":24 }, "model": "item/npcs/citizen/male/citizenmalethreepose" },
		{ "predicate": { "custom_model_data":25 }, "model": "item/npcs/citizen/male/citizenmalespecialpose" },
		{ "predicate": { "custom_model_data":26 }, "model": "item/npcs/gman/gmanzeropose" },
		{ "predicate": { "custom_model_data":27 }, "model": "item/npcs/gman/gmanonepose" },
		{ "predicate": { "custom_model_data":28 }, "model": "item/npcs/gman/gmantwopose" },
		{ "predicate": { "custom_model_data":29 }, "model": "item/npcs/gman/gmanthreepose" },
		{ "predicate": { "custom_model_data":30 }, "model": "item/npcs/gman/gmanspecialpose" },
		{ "predicate": { "custom_model_data":31 }, "model": "item/npcs/kleiner/kleinerzeropose" },
		{ "predicate": { "custom_model_data":32 }, "model": "item/npcs/kleiner/kleineronepose" },
		{ "predicate": { "custom_model_data":33 }, "model": "item/npcs/kleiner/kleinertwopose" },
		{ "predicate": { "custom_model_data":34 }, "model": "item/npcs/kleiner/kleinerthreepose" },
		{ "predicate": { "custom_model_data":35 }, "model": "item/npcs/kleiner/kleinertabletpose" },
		{ "predicate": { "custom_model_data":36 }, "model": "item/npcs/metropolice/metropolicezeropose" },
		{ "predicate": { "custom_model_data":37 }, "model": "item/npcs/metropolice/metropoliceonepose" },
		{ "predicate": { "custom_model_data":38 }, "model": "item/npcs/metropolice/metropolicetwopose" },
		{ "predicate": { "custom_model_data":39 }, "model": "item/npcs/metropolice/metropolicestunstickpose" },
		{ "predicate": { "custom_model_data":256 }, "model": "item/props/static_npcs/manhack" },
                { "predicate": { "custom_model_data":257 }, "model": "item/props/static_npcs/scanner" },
		{ "predicate": { "custom_model_data":258 }, "model": "item/props/static_npcs/vort1" },
                { "predicate": { "custom_model_data":259 }, "model": "item/props/static_npcs/vort2" },
                { "predicate": { "custom_model_data":260 }, "model": "item/props/static_npcs/headcrab" },
		{ "predicate": { "custom_model_data":261 }, "model": "item/props/static_npcs/barnacle" },
                { "predicate": { "custom_model_data":262 }, "model": "item/props/static_npcs/ichthyosaur" }
	]
}
