{
	"parent": "item/generated",
	"textures": {
		"layer0": "item/coal"
	},

	"overrides": [
		{ "predicate": { "custom_model_data":1 }, "model": "item/props/items/healthkit" },
		{ "predicate": { "custom_model_data":2 }, "model": "item/props/items/healthvial" },
		{ "predicate": { "custom_model_data":3 }, "model": "item/props/items/battery" },
		{ "predicate": { "custom_model_data":4 }, "model": "item/props/items/wallhealthkit" },
		{ "predicate": { "custom_model_data":5 }, "model": "item/props/items/wallrecharger" },
		{ "predicate": { "custom_model_data":6 }, "model": "item/props/items/skull" },
		{ "predicate": { "custom_model_data":7 }, "model": "item/props/static_npcs/manhack" },
		{ "predicate": { "custom_model_data":8 }, "model": "item/props/static_npcs/scanner" },
		{ "predicate": { "custom_model_data":9 }, "model": "item/props/misc_props/cremator" },
		{ "predicate": { "custom_model_data":10 }, "model": "item/props/misc_props/lambdabox" },
		{ "predicate": { "custom_model_data":11 }, "model": "item/props/misc_props/konus" },
		{ "predicate": { "custom_model_data":12 }, "model": "item/props/misc_props/chair" },
		{ "predicate": { "custom_model_data":13 }, "model": "item/props/storyline_props/breen_water" },
		{ "predicate": { "custom_model_data":14 }, "model": "item/props/static_npcs/vort1" },
		{ "predicate": { "custom_model_data":15 }, "model": "item/props/static_npcs/vort2" },
		{ "predicate": { "custom_model_data":16 }, "model": "item/props/static_npcs/headcrab" },
		{ "predicate": { "custom_model_data":17 }, "model": "item/props/storyline_props/breen_hologram" },
		{ "predicate": { "custom_model_data":18 }, "model": "item/props/misc_props/TV" },
		{ "predicate": { "custom_model_data":19 }, "model": "item/props/barrels/barrel" },
		{ "predicate": { "custom_model_data":20 }, "model": "item/props/barrels/flambarrel" }
		{ "predicate": { "custom_model_data":21 }, "model": "item/props/static_npcs/barnacle" }
	]
}
