{
	"parent": "item/generated",
	"textures": {
		"layer0": "item/feather"
	},

	"overrides": [
		{ "predicate": { "custom_model_data":255 }, "model": "item/steam/hlx_find_onegman" },
		{ "predicate": { "custom_model_data":340 }, "model": "item/steam/hl2_escape_apartmentraid" },
		{ "predicate": { "custom_model_data":341 }, "model": "item/steam/hl2_get_crowbar" },
		{ "predicate": { "custom_model_data":342 }, "model": "item/steam/hl2_get_airboat" },
		{ "predicate": { "custom_model_data":343 }, "model": "item/steam/hl2_get_airboatgun" },
		{ "predicate": { "custom_model_data":344 }, "model": "item/steam/hl2_kill_chopper" },
		{ "predicate": { "custom_model_data":345 }, "model": "item/steam/hl2_put_canintrash" },
		{ "predicate": { "custom_model_data":346 }, "model": "item/steam/hl2_beat_ravenholm_noweapons" },
		{ "predicate": { "custom_model_data":347 }, "model": "item/steam/hl2_beat_cemetery" },
		{ "predicate": { "custom_model_data":348 }, "model": "item/steam/hl2_kill_odessagunship" },
		{ "predicate": { "custom_model_data":349 }, "model": "item/steam/hl2_kill_barnacleswithbarrel" },
		{ "predicate": { "custom_model_data":350 }, "model": "item/steam/hl2_kill_enemies_withantlions" },
		{ "predicate": { "custom_model_data":351 }, "model": "item/steam/hl2_hit_cancop_withcan" },
		{ "predicate": { "custom_model_data":352 }, "model": "item/steam/hl2_beat_turretstandoff2" },
		{ "predicate": { "custom_model_data":353 }, "model": "item/steam/hl2_followfreeman" },
		{ "predicate": { "custom_model_data":354 }, "model": "item/steam/hl2_beat_toxictunnel" },
		{ "predicate": { "custom_model_data":355 }, "model": "item/steam/hl2_beat_plazastandoff" },
		{ "predicate": { "custom_model_data":356 }, "model": "item/steam/hl2_kill_threegunships" },
		{ "predicate": { "custom_model_data":357 }, "model": "item/steam/hl2_beat_supressiondevice" },
		{ "predicate": { "custom_model_data":358 }, "model": "item/steam/hl2_beat_c1713striderstandoff" },
		{ "predicate": { "custom_model_data":359 }, "model": "item/steam/hl2_beat_game" },
		{ "predicate": { "custom_model_data":360 }, "model": "item/steam/hl2_find_hevfaceplate" },
		{ "predicate": { "custom_model_data":361 }, "model": "item/steam/hl2_kill_enemies_withcrane" },
		{ "predicate": { "custom_model_data":362 }, "model": "item/steam/hl2_pin_soldier_tobillboard" },
		{ "predicate": { "custom_model_data":363 }, "model": "item/steam/hl2_disintegrate_soldiersinfield" },
		{ "predicate": { "custom_model_data":364 }, "model": "item/steam/hl2_break_miniteleporter" },
		{ "predicate": { "custom_model_data":365 }, "model": "item/steam/hl2_kill_allc1709snipers" },
		{ "predicate": { "custom_model_data":366 }, "model": "item/steam/hl2_find_vortigauntcave" },
		{ "predicate": { "custom_model_data":367 }, "model": "item/steam/hl2_kill_enemy_withtoilet" },
		{ "predicate": { "custom_model_data":368 }, "model": "item/steam/hlx_kill_enemies_withmanhack" },
		{ "predicate": { "custom_model_data":369 }, "model": "item/steam/hl2_beat_ravenholm_noweapons" },
		{ "predicate": { "custom_model_data":370 }, "model": "item/steam/hl2_beat_donttouchsand" },
		{ "predicate": { "custom_model_data":371 }, "model": "item/steam/hl2_find_alllambdas" },
		{ "predicate": { "custom_model_data":372 }, "model": "item/steam/hl2_makeabasket" },
		{ "predicate": { "custom_model_data":1024 }, "model": "item/steam/hl3_taz" }
	]
}
