{
	"parent": "item/generated",
	"textures": {
		"layer0": "item/stick"
	},

	"overrides": [
		{ "predicate": { "custom_model_data":1 }, "model": "item/sanyasho" },
		{ "predicate": { "custom_model_data":2 }, "model": "item/sanyasho" },
		{ "predicate": { "custom_model_data":3 }, "model": "item/sanyasho" },
		{ "predicate": { "custom_model_data":4 }, "model": "item/sanyasho" },
		{ "predicate": { "custom_model_data":5 }, "model": "item/sanyasho" },
		{ "predicate": { "custom_model_data":6 }, "model": "item/sanyasho" },
		{ "predicate": { "custom_model_data":7 }, "model": "item/sanyasho" },
		{ "predicate": { "custom_model_data":8 }, "model": "item/sanyasho" },
		{ "predicate": { "custom_model_data":9 }, "model": "item/sanyasho" },
		{ "predicate": { "custom_model_data":10 }, "model": "item/sanyasho" },
		{ "predicate": { "custom_model_data":11 }, "model": "item/sanyasho" },
		{ "predicate": { "custom_model_data":12 }, "model": "item/sanyasho" },
		{ "predicate": { "custom_model_data":13 }, "model": "item/sanyasho" },
		{ "predicate": { "custom_model_data":14 }, "model": "item/sanyasho" },
		{ "predicate": { "custom_model_data":15 }, "model": "item/sanyasho" },
		{ "predicate": { "custom_model_data":16 }, "model": "item/sanyasho" },
		{ "predicate": { "custom_model_data":17 }, "model": "item/sanyasho" },
		{ "predicate": { "custom_model_data":18 }, "model": "item/sanyasho" },
		{ "predicate": { "custom_model_data":19 }, "model": "item/sanyasho" },
		{ "predicate": { "custom_model_data":20 }, "model": "item/sanyasho" },
		{ "predicate": { "custom_model_data":21 }, "model": "item/sanyasho" },
		{ "predicate": { "custom_model_data":22 }, "model": "item/sanyasho" },
		{ "predicate": { "custom_model_data":23 }, "model": "item/sanyasho" },
		{ "predicate": { "custom_model_data":24 }, "model": "item/sanyasho" },
		{ "predicate": { "custom_model_data":25 }, "model": "item/sanyasho" },
		{ "predicate": { "custom_model_data":26 }, "model": "item/sanyasho" },
		{ "predicate": { "custom_model_data":27 }, "model": "item/sanyasho" },
		{ "predicate": { "custom_model_data":28 }, "model": "item/sanyasho" },
		{ "predicate": { "custom_model_data":29 }, "model": "item/sanyasho" },
		{ "predicate": { "custom_model_data":30 }, "model": "item/sanyasho" },
		{ "predicate": { "custom_model_data":31 }, "model": "item/sanyasho" },
		{ "predicate": { "custom_model_data":32 }, "model": "item/sanyasho" },
		{ "predicate": { "custom_model_data":33 }, "model": "item/sanyasho" },
		{ "predicate": { "custom_model_data":34 }, "model": "item/sanyasho" },
		{ "predicate": { "custom_model_data":35 }, "model": "item/sanyasho" },
		{ "predicate": { "custom_model_data":36 }, "model": "item/sanyasho" },
		{ "predicate": { "custom_model_data":37 }, "model": "item/sanyasho" },
		{ "predicate": { "custom_model_data":38 }, "model": "item/sanyasho" },
		{ "predicate": { "custom_model_data":39 }, "model": "item/sanyasho" }
	]
}
