{
	"credit": "Made by 🌌Pasport🌌 modified by SanyaSho",
	"texture_size": [32, 32],
	"textures": {
		"2": "item/modeldata/props/items/battery"
	},
	"elements": [
		{
			"from": [6.1, 0, 9],
			"to": [9.9, 1, 10.9],
			"faces": {
				"north": {"uv": [8, 2, 9.875, 2.5], "texture": "#2"},
				"east": {"uv": [9, 7, 10, 7.5], "texture": "#2"},
				"south": {"uv": [8, 2.5, 9.875, 3], "texture": "#2"},
				"west": {"uv": [9, 7.5, 10, 8], "texture": "#2"},
				"up": {"uv": [8.375, 5, 6.5, 4], "texture": "#2"},
				"down": {"uv": [8.375, 5, 6.5, 6], "texture": "#2"}
			}
		},
		{
			"from": [6.3, 1, 8.2],
			"to": [9.7, 1.8, 11],
			"faces": {
				"north": {"uv": [8.5, 5.5, 10.25, 5.875], "texture": "#2"},
				"east": {"uv": [9, 6, 10.375, 6.375], "texture": "#2"},
				"south": {"uv": [8.5, 8, 10.25, 8.375], "texture": "#2"},
				"west": {"uv": [9, 6.5, 10.375, 6.875], "texture": "#2"},
				"up": {"uv": [7.75, 1.375, 6, 0], "texture": "#2"},
				"down": {"uv": [7.75, 1.5, 6, 2.875], "texture": "#2"}
			}
		},
		{
			"from": [6.5, 1.1, 7.1],
			"to": [9.3, 1.7, 8.2],
			"faces": {
				"north": {"uv": [9.5, 4.5, 10.875, 4.75], "texture": "#2"},
				"east": {"uv": [4, 2, 4.5, 2.25], "texture": "#2"},
				"south": {"uv": [9.5, 5, 10.875, 5.25], "texture": "#2"},
				"west": {"uv": [4, 2.5, 4.5, 2.75], "texture": "#2"},
				"up": {"uv": [9.875, 4.5, 8.5, 4], "texture": "#2"},
				"down": {"uv": [5.875, 8.5, 4.5, 9], "texture": "#2"}
			}
		},
		{
			"from": [6, 1, 8.2],
			"to": [6.3, 8.1, 11],
			"faces": {
				"north": {"uv": [5.5, 9, 5.625, 12.5], "texture": "#2"},
				"east": {"uv": [0, 3, 1.375, 6.5], "texture": "#2"},
				"south": {"uv": [6, 9.5, 6.125, 13], "texture": "#2"},
				"west": {"uv": [1.5, 3, 2.875, 6.5], "texture": "#2"},
				"up": {"uv": [0.125, 11.375, 0, 10], "texture": "#2"},
				"down": {"uv": [0.625, 10, 0.5, 11.375], "texture": "#2"}
			}
		},
		{
			"from": [5.75, 7.5, 7.6],
			"to": [6.05, 8.6, 9.5],
			"faces": {
				"north": {"uv": [6, 3, 6.125, 3.5], "texture": "#2"},
				"east": {"uv": [9, 8.5, 10, 9], "texture": "#2"},
				"south": {"uv": [10, 4, 10.125, 4.5], "texture": "#2"},
				"west": {"uv": [9, 9, 10, 9.5], "texture": "#2"},
				"up": {"uv": [10.125, 2.5, 10, 1.5], "texture": "#2"},
				"down": {"uv": [2.625, 10, 2.5, 11], "texture": "#2"}
			}
		},
		{
			"from": [10, 7.5, 7.6],
			"to": [10.3, 8.6, 9.5],
			"faces": {
				"north": {"uv": [4.5, 10, 4.625, 10.5], "texture": "#2"},
				"east": {"uv": [2.5, 9.5, 3.5, 10], "texture": "#2"},
				"south": {"uv": [5, 10, 5.125, 10.5], "texture": "#2"},
				"west": {"uv": [3.5, 9.5, 4.5, 10], "texture": "#2"},
				"up": {"uv": [10.125, 3.5, 10, 2.5], "texture": "#2"},
				"down": {"uv": [3.125, 10, 3, 11], "texture": "#2"}
			}
		},
		{
			"from": [9.7, 1, 8.2],
			"to": [10, 8.1, 11],
			"faces": {
				"north": {"uv": [6.5, 9.5, 6.625, 13], "texture": "#2"},
				"east": {"uv": [3, 3, 4.375, 6.5], "texture": "#2"},
				"south": {"uv": [7, 9.5, 7.125, 13], "texture": "#2"},
				"west": {"uv": [4.5, 0, 5.875, 3.5], "texture": "#2"},
				"up": {"uv": [1.125, 11.375, 1, 10], "texture": "#2"},
				"down": {"uv": [1.625, 10, 1.5, 11.375], "texture": "#2"}
			}
		},
		{
			"from": [6.3, 1.8, 9.5],
			"to": [9.7, 7.5, 11],
			"faces": {
				"north": {"uv": [0, 0, 1.75, 2.875], "texture": "#2"},
				"east": {"uv": [2.5, 6.5, 3.25, 9.375], "texture": "#2"},
				"south": {"uv": [2, 0, 3.75, 2.875], "texture": "#2"},
				"west": {"uv": [3.5, 6.5, 4.25, 9.375], "texture": "#2"},
				"up": {"uv": [6.25, 8.25, 4.5, 7.5], "texture": "#2"},
				"down": {"uv": [9.75, 1, 8, 1.75], "texture": "#2"}
			}
		},
		{
			"from": [5.8, 7.5, 9.5],
			"to": [10.3, 9, 11.1],
			"faces": {
				"north": {"uv": [6.5, 6, 8.75, 6.75], "texture": "#2"},
				"east": {"uv": [9, 3, 9.75, 3.75], "texture": "#2"},
				"south": {"uv": [6.5, 7, 8.75, 7.75], "texture": "#2"},
				"west": {"uv": [4.5, 9, 5.25, 9.75], "texture": "#2"},
				"up": {"uv": [2.25, 8.25, 0, 7.5], "texture": "#2"},
				"down": {"uv": [10.25, 0, 8, 0.75], "texture": "#2"}
			}
		},
		{
			"from": [5.8, 8.6, 7.6],
			"to": [10.3, 8.8, 9.5],
			"faces": {
				"north": {"uv": [7.5, 9.5, 9.75, 9.625], "texture": "#2"},
				"east": {"uv": [3.5, 10, 4.5, 10.125], "texture": "#2"},
				"south": {"uv": [10, 1, 12.25, 1.125], "texture": "#2"},
				"west": {"uv": [10, 3.5, 11, 3.625], "texture": "#2"},
				"up": {"uv": [2.25, 7.5, 0, 6.5], "texture": "#2"},
				"down": {"uv": [8.75, 3, 6.5, 4], "texture": "#2"}
			}
		},
		{
			"from": [6.3, 5.3, 8],
			"to": [9.75, 8.6, 9],
			"faces": {
				"north": {"uv": [4.5, 3.5, 6.25, 5.125], "texture": "#2"},
				"east": {"uv": [4, 0, 4.5, 1.625], "texture": "#2"},
				"south": {"uv": [4.5, 5.5, 6.25, 7.125], "texture": "#2"},
				"west": {"uv": [2, 8.5, 2.5, 10.125], "texture": "#2"},
				"up": {"uv": [8.25, 8.5, 6.5, 8], "texture": "#2"},
				"down": {"uv": [1.75, 8.5, 0, 9], "texture": "#2"}
			}
		},
		{
			"from": [7.25, 6.25, 6.25],
			"to": [8.75, 7.75, 8],
			"faces": {
				"north": {"uv": [0, 9, 0.75, 9.75], "texture": "#2"},
				"east": {"uv": [8.5, 4.5, 9.375, 5.25], "texture": "#2"},
				"south": {"uv": [1, 9, 1.75, 9.75], "texture": "#2"},
				"west": {"uv": [6, 8.5, 6.875, 9.25], "texture": "#2"},
				"up": {"uv": [7.75, 9.375, 7, 8.5], "texture": "#2"},
				"down": {"uv": [8.75, 8.5, 8, 9.375], "texture": "#2"}
			}
		}
	],
	"display": {
		"thirdperson_righthand": {
			"translation": [0, 3.25, 0],
			"scale": [0.5, 0.5, 0.5]
		},
		"thirdperson_lefthand": {
			"translation": [0, 3.25, 0],
			"scale": [0.5, 0.5, 0.5]
		},
		"firstperson_righthand": {
			"translation": [0, 6, 0]
		},
		"firstperson_lefthand": {
			"translation": [0, 7.25, 0]
		},
		"ground": {
			"translation": [0, 5, 0]
		},
		"gui": {
			"rotation": [-150.75, 32.75, 180],
			"translation": [-0.5, 1.5, 0]
		},
		"head": {
			"translation": [0, 13, 0]
		},
		"fixed": {
			"rotation": [-90, 0, 0],
			"translation": [0, 0, -6.5]
		}
	}
}
