{
	"credit": "Made by 🌌Pasport🌌 modified by SanyaSho",
	"textures": {
		"0": "item/modeldata/props/items/healthvial"
	},
	"elements": [
		{
			"from": [6, 0, 6],
			"to": [8, 2, 11],
			"faces": {
				"north": {"uv": [7, 1, 9, 3], "texture": "#0"},
				"east": {"uv": [0, 0, 5, 2], "texture": "#0"},
				"south": {"uv": [6, 7, 8, 9], "texture": "#0"},
				"west": {"uv": [0, 2, 5, 4], "texture": "#0"},
				"up": {"uv": [2, 9, 0, 4], "texture": "#0"},
				"down": {"uv": [4, 4, 2, 9], "texture": "#0"}
			}
		},
		{
			"from": [5.9, -0.1, 6.8],
			"to": [8.1, 2.2, 7.3],
			"faces": {
				"north": {"uv": [8, 5, 10, 7], "texture": "#0"},
				"east": {"uv": [10, 3, 11, 5], "texture": "#0"},
				"south": {"uv": [8, 7, 10, 9], "texture": "#0"},
				"west": {"uv": [10, 5, 11, 7], "texture": "#0"},
				"up": {"uv": [12, 8, 10, 7], "texture": "#0"},
				"down": {"uv": [12, 8, 10, 9], "texture": "#0"}
			}
		},
		{
			"from": [5.9, -0.1, 9.6],
			"to": [8.1, 2.2, 10.1],
			"faces": {
				"north": {"uv": [0, 9, 2, 11], "texture": "#0"},
				"east": {"uv": [10, 9, 11, 11], "texture": "#0"},
				"south": {"uv": [9, 1, 11, 3], "texture": "#0"},
				"west": {"uv": [0, 11, 1, 13], "texture": "#0"},
				"up": {"uv": [13, 1, 11, 0], "texture": "#0"},
				"down": {"uv": [3, 11, 1, 12], "texture": "#0"}
			}
		},
		{
			"from": [6.25, 0.25, 11],
			"to": [8, 1.75, 11.25],
			"faces": {
				"north": {"uv": [2, 9, 4, 11], "texture": "#0"},
				"east": {"uv": [11, 1, 12, 3], "texture": "#0"},
				"south": {"uv": [6, 9, 8, 11], "texture": "#0"},
				"west": {"uv": [3, 11, 4, 13], "texture": "#0"},
				"up": {"uv": [13, 4, 11, 3], "texture": "#0"},
				"down": {"uv": [6, 11, 4, 12], "texture": "#0"}
			}
		},
		{
			"from": [8, 0.5, 5.75],
			"to": [8.25, 1.5, 11.25],
			"faces": {
				"north": {"uv": [9, 3, 10, 4], "texture": "#0"},
				"east": {"uv": [4, 4, 10, 5], "texture": "#0"},
				"south": {"uv": [11, 4, 12, 5], "texture": "#0"},
				"west": {"uv": [5, 0, 11, 1], "texture": "#0"},
				"up": {"uv": [5, 11, 4, 5], "texture": "#0"},
				"down": {"uv": [6, 5, 5, 11], "texture": "#0"}
			}
		},
		{
			"from": [6.25, 0.25, 5.75],
			"to": [8, 1.75, 6],
			"faces": {
				"north": {"uv": [5, 1, 7, 3], "texture": "#0"},
				"east": {"uv": [8, 9, 9, 11], "texture": "#0"},
				"south": {"uv": [6, 5, 8, 7], "texture": "#0"},
				"west": {"uv": [9, 9, 10, 11], "texture": "#0"},
				"up": {"uv": [7, 4, 5, 3], "texture": "#0"},
				"down": {"uv": [9, 3, 7, 4], "texture": "#0"}
			}
		}
	],
	"display": {
		"thirdperson_righthand": {
			"rotation": [97.75, 0, 0],
			"translation": [1.25, 0.25, 8.5]
		},
		"thirdperson_lefthand": {
			"rotation": [96.5, 0, 0],
			"translation": [-1, -0.75, 8.5]
		},
		"firstperson_righthand": {
			"rotation": [-91, 0, 0],
			"translation": [0, 5, -2.75]
		},
		"firstperson_lefthand": {
			"rotation": [-85.5, 0, 0],
			"translation": [0, 4.25, -4]
		},
		"ground": {
			"translation": [0, 5.25, 0]
		},
		"gui": {
			"rotation": [-84.75, 0, 0],
			"translation": [2.5, 0, 0],
			"scale": [3, 3, 3]
		},
		"head": {
			"translation": [0, 14, 0]
		},
		"fixed": {
			"rotation": [90, 0, 0],
			"translation": [2, 1.75, 19],
			"scale": [3, 3, 3]
		}
	}
}
