{
	"credit": "Made by 🌌Pasport🌌 modified by SanyaSho",
	"texture_size": [32, 32],
	"textures": {
		"0": "item/modeldata/props/items/healthkit"
	},
	"elements": [
		{
			"from": [6, 1, 6],
			"to": [8, 3, 11],
			"rotation": {"angle": 0, "axis": "y", "origin": [8, 0, 9]},
			"faces": {
				"north": {"uv": [9, 7, 10, 8], "texture": "#0"},
				"east": {"uv": [0, 4.5, 2.5, 5.5], "texture": "#0"},
				"south": {"uv": [3, 9.5, 4, 10.5], "texture": "#0"},
				"west": {"uv": [2.5, 4.5, 5, 5.5], "texture": "#0"},
				"up": {"uv": [6, 7, 5, 4.5], "texture": "#0"},
				"down": {"uv": [1, 5.5, 0, 8], "texture": "#0"}
			}
		},
		{
			"from": [5.9, 0.9, 6.8],
			"to": [8.1, 3.2, 7.3],
			"rotation": {"angle": 0, "axis": "y", "origin": [8, 0, 9]},
			"faces": {
				"north": {"uv": [6.5, 8, 7.5, 9.25], "texture": "#0"},
				"east": {"uv": [9, 10, 9.25, 11.25], "texture": "#0"},
				"south": {"uv": [7.5, 8, 8.5, 9.25], "texture": "#0"},
				"west": {"uv": [9.5, 10, 9.75, 11.25], "texture": "#0"},
				"up": {"uv": [1.5, 10.75, 0.5, 10.5], "texture": "#0"},
				"down": {"uv": [4, 10.5, 3, 10.75], "texture": "#0"}
			}
		},
		{
			"from": [5.9, 0.9, 9.6],
			"to": [8.1, 3.2, 10.1],
			"rotation": {"angle": 0, "axis": "y", "origin": [8, 0, 9]},
			"faces": {
				"north": {"uv": [1, 8.5, 2, 9.75], "texture": "#0"},
				"east": {"uv": [10, 10, 10.25, 11.25], "texture": "#0"},
				"south": {"uv": [2, 8.5, 3, 9.75], "texture": "#0"},
				"west": {"uv": [0, 10.5, 0.25, 11.75], "texture": "#0"},
				"up": {"uv": [11.5, 4.75, 10.5, 4.5], "texture": "#0"},
				"down": {"uv": [11.5, 5, 10.5, 5.25], "texture": "#0"}
			}
		},
		{
			"from": [6.25, 1.25, 11],
			"to": [8, 2.75, 11.25],
			"rotation": {"angle": 0, "axis": "y", "origin": [8, 0, 9]},
			"faces": {
				"north": {"uv": [10, 0, 11, 0.75], "texture": "#0"},
				"east": {"uv": [11, 5.5, 11.25, 6.25], "texture": "#0"},
				"south": {"uv": [2, 10, 3, 10.75], "texture": "#0"},
				"west": {"uv": [6.5, 11, 6.75, 11.75], "texture": "#0"},
				"up": {"uv": [7.5, 10.75, 6.5, 10.5], "texture": "#0"},
				"down": {"uv": [8.5, 10.5, 7.5, 10.75], "texture": "#0"}
			}
		},
		{
			"from": [6.25, 1.25, 5.75],
			"to": [8, 2.75, 6],
			"rotation": {"angle": 0, "axis": "y", "origin": [8, 0, 9]},
			"faces": {
				"north": {"uv": [10, 5.5, 11, 6.25], "texture": "#0"},
				"east": {"uv": [11, 6.5, 11.25, 7.25], "texture": "#0"},
				"south": {"uv": [10, 6.5, 11, 7.25], "texture": "#0"},
				"west": {"uv": [7, 11, 7.25, 11.75], "texture": "#0"},
				"up": {"uv": [11.5, 10.25, 10.5, 10], "texture": "#0"},
				"down": {"uv": [11.5, 10.5, 10.5, 10.75], "texture": "#0"}
			}
		},
		{
			"from": [4, 0, 4],
			"to": [12, 1, 13],
			"rotation": {"angle": 0, "axis": "y", "origin": [8, 0, 9]},
			"faces": {
				"north": {"uv": [1, 5.5, 5, 6], "texture": "#0"},
				"east": {"uv": [6, 4.5, 10.5, 5], "texture": "#0"},
				"south": {"uv": [1, 6, 5, 6.5], "texture": "#0"},
				"west": {"uv": [6, 5, 10.5, 5.5], "texture": "#0"},
				"up": {"uv": [4, 4.5, 0, 0], "texture": "#0"},
				"down": {"uv": [8, 0, 4, 4.5], "texture": "#0"}
			}
		},
		{
			"from": [4, 1, 4],
			"to": [12, 2, 5],
			"rotation": {"angle": 0, "axis": "y", "origin": [8, 0, 9]},
			"faces": {
				"north": {"uv": [6, 5.5, 10, 6], "texture": "#0"},
				"east": {"uv": [1.5, 10.5, 2, 11], "texture": "#0"},
				"south": {"uv": [6, 6, 10, 6.5], "texture": "#0"},
				"west": {"uv": [11, 0, 11.5, 0.5], "texture": "#0"},
				"up": {"uv": [5, 7, 1, 6.5], "texture": "#0"},
				"down": {"uv": [10, 6.5, 6, 7], "texture": "#0"}
			}
		},
		{
			"from": [4, 1, 5],
			"to": [5, 2, 12],
			"rotation": {"angle": 0, "axis": "y", "origin": [8, 0, 9]},
			"faces": {
				"north": {"uv": [0.5, 11, 1, 11.5], "texture": "#0"},
				"east": {"uv": [1, 8, 4.5, 8.5], "texture": "#0"},
				"south": {"uv": [11, 0.5, 11.5, 1], "texture": "#0"},
				"west": {"uv": [8, 2, 11.5, 2.5], "texture": "#0"},
				"up": {"uv": [5, 11.5, 4.5, 8], "texture": "#0"},
				"down": {"uv": [5.5, 8, 5, 11.5], "texture": "#0"}
			}
		},
		{
			"from": [4, 1, 12],
			"to": [12, 2, 13],
			"rotation": {"angle": 0, "axis": "y", "origin": [8, 0, 9]},
			"faces": {
				"north": {"uv": [1, 7, 5, 7.5], "texture": "#0"},
				"east": {"uv": [1, 11, 1.5, 11.5], "texture": "#0"},
				"south": {"uv": [5, 7, 9, 7.5], "texture": "#0"},
				"west": {"uv": [11, 1, 11.5, 1.5], "texture": "#0"},
				"up": {"uv": [5, 8, 1, 7.5], "texture": "#0"},
				"down": {"uv": [9, 7.5, 5, 8], "texture": "#0"}
			}
		},
		{
			"from": [8.7, 1, 5.2],
			"to": [10.9, 2, 9.3],
			"rotation": {"angle": 0, "axis": "y", "origin": [8, 0, 9]},
			"faces": {
				"north": {"uv": [10, 1, 11, 1.5], "texture": "#0"},
				"east": {"uv": [9, 1.5, 11, 2], "texture": "#0"},
				"south": {"uv": [10, 7.5, 11, 8], "texture": "#0"},
				"west": {"uv": [9.5, 3.5, 11.5, 4], "texture": "#0"},
				"up": {"uv": [1, 10, 0, 8], "texture": "#0"},
				"down": {"uv": [9, 0, 8, 2], "texture": "#0"}
			}
		},
		{
			"from": [11, 1, 5],
			"to": [12, 2, 12],
			"rotation": {"angle": 0, "axis": "y", "origin": [8, 0, 9]},
			"faces": {
				"north": {"uv": [1.5, 11, 2, 11.5], "texture": "#0"},
				"east": {"uv": [8, 2.5, 11.5, 3], "texture": "#0"},
				"south": {"uv": [11, 1.5, 11.5, 2], "texture": "#0"},
				"west": {"uv": [8, 3, 11.5, 3.5], "texture": "#0"},
				"up": {"uv": [6, 11.5, 5.5, 8], "texture": "#0"},
				"down": {"uv": [6.5, 8, 6, 11.5], "texture": "#0"}
			}
		},
		{
			"from": [8.7, 1, 9.5],
			"to": [10.9, 3, 11.8],
			"rotation": {"angle": 0, "axis": "y", "origin": [8, 0, 9]},
			"faces": {
				"north": {"uv": [6.5, 9.5, 7.5, 10.5], "texture": "#0"},
				"east": {"uv": [8, 3.5, 9.25, 4.5], "texture": "#0"},
				"south": {"uv": [7.5, 9.5, 8.5, 10.5], "texture": "#0"},
				"west": {"uv": [3, 8.5, 4.25, 9.5], "texture": "#0"},
				"up": {"uv": [9.5, 9.25, 8.5, 8], "texture": "#0"},
				"down": {"uv": [10, 0, 9, 1.25], "texture": "#0"}
			}
		},
		{
			"from": [8.5, 2, 12],
			"to": [12, 3.2, 13],
			"rotation": {"angle": 0, "axis": "y", "origin": [8, 0, 9]},
			"faces": {
				"north": {"uv": [9.5, 8.5, 11.25, 9], "texture": "#0"},
				"east": {"uv": [2, 11, 2.5, 11.5], "texture": "#0"},
				"south": {"uv": [9, 9.5, 10.75, 10], "texture": "#0"},
				"west": {"uv": [2.5, 11, 3, 11.5], "texture": "#0"},
				"up": {"uv": [11.25, 9.5, 9.5, 9], "texture": "#0"},
				"down": {"uv": [1.75, 10, 0, 10.5], "texture": "#0"}
			}
		},
		{
			"from": [11, 2, 9],
			"to": [12, 3.2, 13],
			"rotation": {"angle": 0, "axis": "y", "origin": [8, 0, 9]},
			"faces": {
				"north": {"uv": [3, 11, 3.5, 11.5], "texture": "#0"},
				"east": {"uv": [9.5, 4, 11.5, 4.5], "texture": "#0"},
				"south": {"uv": [3.5, 11, 4, 11.5], "texture": "#0"},
				"west": {"uv": [9.5, 8, 11.5, 8.5], "texture": "#0"},
				"up": {"uv": [4.5, 11.5, 4, 9.5], "texture": "#0"},
				"down": {"uv": [9, 9.5, 8.5, 11.5], "texture": "#0"}
			}
		}
	],
	"display": {
		"thirdperson_righthand": {
			"rotation": [26.75, 0, 0],
			"translation": [1.25, 5.25, 1.25]
		},
		"thirdperson_lefthand": {
			"rotation": [96.5, 0, 0],
			"translation": [-1, -0.75, 8.5]
		},
		"firstperson_righthand": {
			"rotation": [-89.57, -0.86, 117.75],
			"translation": [-4, 5, 3.5]
		},
		"firstperson_lefthand": {
			"rotation": [-85.5, 0, 0],
			"translation": [0, 4.25, -4]
		},
		"ground": {
			"translation": [0, 5.25, 0]
		},
		"gui": {
			"rotation": [-80, 0, 164.8],
			"translation": [-2.5, -2.75, 0],
			"scale": [1.5, 1.5, 1.5]
		},
		"head": {
			"translation": [0, 14, 0]
		},
		"fixed": {
			"rotation": [90, 0, -180],
			"translation": [-0.25, 1.75, -25.75],
			"scale": [3.5, 3.5, 3.5]
		}
	}
}
