{
	"credit": "Made by 🌌Pasport🌌 modified by SanyaSho",
	"textures": {
		"0": "item/modeldata/props/items/skull"
	},
	"elements": [
		{
			"from": [5, 4.2, 6.2],
			"to": [10, 9.2, 11.2],
			"rotation": {"angle": 22.5, "axis": "x", "origin": [0, 0, 0]},
			"faces": {
				"north": {"uv": [0, 0, 5, 5], "texture": "#0"},
				"east": {"uv": [0, 5, 5, 10], "texture": "#0"},
				"south": {"uv": [5, 0, 10, 5], "texture": "#0"},
				"west": {"uv": [5, 5, 10, 10], "texture": "#0"},
				"up": {"uv": [5, 15, 0, 10], "texture": "#0"},
				"down": {"uv": [15, 0, 10, 5], "texture": "#0"}
			}
		},
		{
			"from": [6, 3.2, 5.8],
			"to": [9, 5.2, 7.8],
			"rotation": {"angle": 22.5, "axis": "x", "origin": [0, 0, 0]},
			"faces": {
				"north": {"uv": [5, 10, 8, 12], "texture": "#0"},
				"east": {"uv": [11, 9, 13, 11], "texture": "#0"},
				"south": {"uv": [10, 5, 13, 7], "texture": "#0"},
				"west": {"uv": [11, 11, 13, 13], "texture": "#0"},
				"up": {"uv": [13, 9, 10, 7], "texture": "#0"},
				"down": {"uv": [11, 10, 8, 12], "texture": "#0"}
			}
		}
	],
	"display": {
		"thirdperson_righthand": {
			"translation": [0.75, 5.5, -1.75]
		},
		"thirdperson_lefthand": {
			"translation": [0, 6, -2]
		},
		"firstperson_righthand": {
			"translation": [0, 7.25, 0]
		},
		"firstperson_lefthand": {
			"translation": [0, 6.75, 0]
		},
		"ground": {
			"translation": [0, 5.25, 0]
		},
		"gui": {
			"rotation": [-151.25, 57, -180],
			"translation": [-4.5, 8.25, 0],
			"scale": [2, 2, 2]
		},
		"head": {
			"translation": [0.75, 14.25, -1.5]
		},
		"fixed": {
			"rotation": [-90.75, 0, 0],
			"translation": [0, -2.75, -13.25],
			"scale": [2, 2, 2]
		}
	}
}
