{
	"credit": "Made by 🌌Pasport🌌 modified by SanyaSho",
	"texture_size": [64, 64],
	"textures": {
		"0": "item/modeldata/props/items/wallhealthkit"
	},
	"elements": [
		{
			"from": [9, 13, 8],
			"to": [13, 22, 11],
			"faces": {
				"north": {"uv": [4.5, 3.75, 5.5, 6], "texture": "#0"},
				"east": {"uv": [6, 0, 6.75, 2.25], "texture": "#0"},
				"south": {"uv": [5, 0, 6, 2.25], "texture": "#0"},
				"west": {"uv": [0, 6.25, 0.75, 8.5], "texture": "#0"},
				"up": {"uv": [6.25, 8.5, 5.25, 7.75], "texture": "#0"},
				"down": {"uv": [8.75, 5.75, 7.75, 6.5], "texture": "#0"}
			}
		},
		{
			"from": [2.5, 12, 8],
			"to": [8.5, 22, 11],
			"faces": {
				"north": {"uv": [0, 3.75, 1.5, 6.25], "texture": "#0"},
				"east": {"uv": [5.5, 3.75, 6.25, 6.25], "texture": "#0"},
				"south": {"uv": [1.5, 3.75, 3, 6.25], "texture": "#0"},
				"west": {"uv": [4.5, 6, 5.25, 8.5], "texture": "#0"},
				"up": {"uv": [8.5, 7.75, 7, 7], "texture": "#0"},
				"down": {"uv": [2.25, 7.25, 0.75, 8], "texture": "#0"}
			}
		},
		{
			"from": [9, 6.3, 8],
			"to": [13, 12.3, 11],
			"faces": {
				"north": {"uv": [6.25, 4.75, 7.25, 6.25], "texture": "#0"},
				"east": {"uv": [2.25, 6.25, 3, 7.75], "texture": "#0"},
				"south": {"uv": [5.25, 6.25, 6.25, 7.75], "texture": "#0"},
				"west": {"uv": [6.25, 7, 7, 8.5], "texture": "#0"},
				"up": {"uv": [8.75, 4, 7.75, 3.25], "texture": "#0"},
				"down": {"uv": [8.75, 4, 7.75, 4.75], "texture": "#0"}
			}
		},
		{
			"from": [2.7, 10.5, 8],
			"to": [8.5, 11.5, 11],
			"faces": {
				"north": {"uv": [7.75, 6.5, 9.25, 6.75], "texture": "#0"},
				"east": {"uv": [7, 8, 7.75, 8.25], "texture": "#0"},
				"south": {"uv": [7.75, 6.75, 9.25, 7], "texture": "#0"},
				"west": {"uv": [7.75, 8, 8.5, 8.25], "texture": "#0"},
				"up": {"uv": [8.25, 1.5, 6.75, 0.75], "texture": "#0"},
				"down": {"uv": [8.25, 1.5, 6.75, 2.25], "texture": "#0"}
			}
		},
		{
			"from": [2.5, 6.4, 8],
			"to": [8.5, 10, 11],
			"faces": {
				"north": {"uv": [0.75, 6.25, 2.25, 7.25], "texture": "#0"},
				"east": {"uv": [3, 7.5, 3.75, 8.5], "texture": "#0"},
				"south": {"uv": [6.25, 3.75, 7.75, 4.75], "texture": "#0"},
				"west": {"uv": [3.75, 7.5, 4.5, 8.5], "texture": "#0"},
				"up": {"uv": [7.75, 7, 6.25, 6.25], "texture": "#0"},
				"down": {"uv": [8.25, 0, 6.75, 0.75], "texture": "#0"}
			}
		},
		{
			"from": [2.8, 6.7, 8.1],
			"to": [12.7, 21.8, 10.9],
			"faces": {
				"north": {"uv": [0, 0, 2.5, 3.75], "texture": "#0"},
				"east": {"uv": [3, 3.75, 3.75, 7.5], "texture": "#0"},
				"south": {"uv": [2.5, 0, 5, 3.75], "texture": "#0"},
				"west": {"uv": [3.75, 3.75, 4.5, 7.5], "texture": "#0"},
				"up": {"uv": [7.5, 3, 5, 2.25], "texture": "#0"},
				"down": {"uv": [7.5, 3, 5, 3.75], "texture": "#0"}
			}
		},
		{
			"from": [7.55, 10.25, 7.6],
			"to": [9.25, 11.95, 9],
			"faces": {
				"north": {"uv": [7.25, 5.75, 7.75, 6.25], "texture": "#0"},
				"east": {"uv": [0.75, 8.25, 1, 8.75], "texture": "#0"},
				"south": {"uv": [1.75, 8, 2.25, 8.5], "texture": "#0"},
				"west": {"uv": [1, 8.25, 1.25, 8.75], "texture": "#0"},
				"up": {"uv": [8.5, 8, 8, 7.75], "texture": "#0"},
				"down": {"uv": [8.75, 1, 8.25, 1.25], "texture": "#0"}
			}
		},
		{
			"from": [3.5, 12.75, 7.3],
			"to": [7.5, 16.75, 8.3],
			"faces": {
				"north": {"uv": [7.25, 4.75, 8.25, 5.75], "texture": "#0"},
				"east": {"uv": [2.25, 7.75, 2.5, 8.75], "texture": "#0"},
				"south": {"uv": [7.5, 2.25, 8.5, 3.25], "texture": "#0"},
				"west": {"uv": [2.5, 7.75, 2.75, 8.75], "texture": "#0"},
				"up": {"uv": [8, 8, 7, 7.75], "texture": "#0"},
				"down": {"uv": [1.75, 8, 0.75, 8.25], "texture": "#0"}
			}
		},
		{
			"from": [6.68284, 11.38284, 7.85],
			"to": [7.68284, 13.68284, 8.85],
			"rotation": {"angle": 45, "axis": "z", "origin": [7.6, 12.6, 8]},
			"faces": {
				"north": {"uv": [7.5, 3.25, 7.75, 3.75], "texture": "#0"},
				"east": {"uv": [2.75, 7.75, 3, 8.25], "texture": "#0"},
				"south": {"uv": [8.25, 0, 8.5, 0.5], "texture": "#0"},
				"west": {"uv": [8.25, 0.5, 8.5, 1], "texture": "#0"},
				"up": {"uv": [5.5, 6.25, 5.25, 6], "texture": "#0"},
				"down": {"uv": [1.5, 8.25, 1.25, 8.5], "texture": "#0"}
			}
		},
		{
			"from": [5, 16.5, 7.5],
			"to": [6, 21.9, 8.5],
			"faces": {
				"north": {"uv": [15.75, 14.65, 16, 16], "texture": "#0"},
				"east": {"uv": [14.25, 12.65, 14.5, 14], "texture": "#0"},
				"south": {"uv": [15.5, 12.9, 15.75, 14.25], "texture": "#0"},
				"west": {"uv": [14.5, 14.4, 14.75, 15.75], "texture": "#0"},
				"up": {"uv": [13.5, 13.15, 13.75, 13.4], "texture": "#0"},
				"down": {"uv": [13.75, 14.4, 14, 14.65], "texture": "#0"}
			}
		}
	],
	"display": {
		"thirdperson_righthand": {
			"scale": [0.5, 0.5, 0.5]
		},
		"thirdperson_lefthand": {
			"scale": [0.5, 0.5, 0.5]
		},
		"firstperson_righthand": {
			"translation": [1, 0, 0],
			"scale": [0.5, 0.5, 0.5]
		},
		"firstperson_lefthand": {
			"translation": [0.5, 0, 0],
			"scale": [0.5, 0.5, 0.5]
		},
		"ground": {
			"rotation": [90, 0, 0],
			"translation": [0, 0, -6.25]
		},
		"gui": {
			"rotation": [-15.25, -22, 0],
			"translation": [0, -5.75, 0]
		},
		"fixed": {
			"translation": [0, -19.25, -7.75],
			"scale": [3, 3, 3]
		}
	}
}
