{
	"credit": "Made by 🌌Pasport🌌 modified by SanyaSho",
	"texture_size": [64, 64],
	"textures": {
		"1": "item/modeldata/props/items/wallrecharger"
	},
	"elements": [
		{
			"from": [4, 4, 8],
			"to": [11, 14.9, 10],
			"faces": {
				"north": {"uv": [0, 0, 1.75, 2.75], "texture": "#1"},
				"east": {"uv": [4.75, 4, 5.25, 6.75], "texture": "#1"},
				"south": {"uv": [1.75, 0, 3.5, 2.75], "texture": "#1"},
				"west": {"uv": [5.25, 4, 5.75, 6.75], "texture": "#1"},
				"up": {"uv": [7.25, 3.75, 5.5, 3.25], "texture": "#1"},
				"down": {"uv": [7.5, 3.75, 5.75, 4.25], "texture": "#1"}
			}
		},
		{
			"from": [9, 3, 7.75],
			"to": [12, 8, 10.25],
			"faces": {
				"north": {"uv": [5.5, 2, 6.25, 3.25], "texture": "#1"},
				"east": {"uv": [0, 5.75, 0.75, 7], "texture": "#1"},
				"south": {"uv": [0.75, 5.75, 1.5, 7], "texture": "#1"},
				"west": {"uv": [1.5, 5.75, 2.25, 7], "texture": "#1"},
				"up": {"uv": [7, 2.5, 6.25, 1.75], "texture": "#1"},
				"down": {"uv": [7, 2.5, 6.25, 3.25], "texture": "#1"}
			}
		},
		{
			"from": [3, 3, 7.75],
			"to": [7, 11, 10.25],
			"faces": {
				"north": {"uv": [0, 2.75, 1, 4.75], "texture": "#1"},
				"east": {"uv": [3.5, 0, 4.25, 2], "texture": "#1"},
				"south": {"uv": [1, 2.75, 2, 4.75], "texture": "#1"},
				"west": {"uv": [4, 2, 4.75, 4], "texture": "#1"},
				"up": {"uv": [6.75, 5, 5.75, 4.25], "texture": "#1"},
				"down": {"uv": [6.75, 5, 5.75, 5.75], "texture": "#1"}
			}
		},
		{
			"from": [4, 12, 7.5],
			"to": [6.25, 16, 10.25],
			"rotation": {"angle": -22.5, "axis": "z", "origin": [5, 15, 9]},
			"faces": {
				"north": {"uv": [3, 6.75, 3.5, 7.75], "texture": "#1"},
				"east": {"uv": [2.25, 5.75, 3, 6.75], "texture": "#1"},
				"south": {"uv": [6.75, 4.25, 7.25, 5.25], "texture": "#1"},
				"west": {"uv": [6, 0.75, 6.75, 1.75], "texture": "#1"},
				"up": {"uv": [4, 2.75, 3.5, 2], "texture": "#1"},
				"down": {"uv": [7.25, 5.25, 6.75, 6], "texture": "#1"}
			}
		},
		{
			"from": [5, 14.75, 7.5],
			"to": [7.1, 16.4, 10.25],
			"rotation": {"angle": 22.5, "axis": "z", "origin": [5, 15, 9]},
			"faces": {
				"north": {"uv": [7.5, 0.5, 8, 1], "texture": "#1"},
				"east": {"uv": [6.75, 6, 7.5, 6.5], "texture": "#1"},
				"south": {"uv": [7.5, 1, 8, 1.5], "texture": "#1"},
				"west": {"uv": [0, 7, 0.75, 7.5], "texture": "#1"},
				"up": {"uv": [7.5, 0.75, 7, 0], "texture": "#1"},
				"down": {"uv": [1.25, 7, 0.75, 7.75], "texture": "#1"}
			}
		},
		{
			"from": [6.4, 15.45, 7.5],
			"to": [8.4, 17.1, 10.25],
			"rotation": {"angle": 0, "axis": "y", "origin": [5, 15, 9]},
			"faces": {
				"north": {"uv": [1.25, 7.5, 1.75, 8], "texture": "#1"},
				"east": {"uv": [1.25, 7, 2, 7.5], "texture": "#1"},
				"south": {"uv": [7.5, 2, 8, 2.5], "texture": "#1"},
				"west": {"uv": [7, 1.5, 7.75, 2], "texture": "#1"},
				"up": {"uv": [7.5, 2.75, 7, 2], "texture": "#1"},
				"down": {"uv": [7.75, 2.75, 7.25, 3.5], "texture": "#1"}
			}
		},
		{
			"from": [8.6, 10.5, 7.6],
			"to": [10.35, 13.5, 10.15],
			"rotation": {"angle": 22.5, "axis": "z", "origin": [5, 15.5, 9]},
			"faces": {
				"north": {"uv": [3.75, 7.25, 4.25, 8], "texture": "#1"},
				"east": {"uv": [5.75, 6.5, 6.5, 7.25], "texture": "#1"},
				"south": {"uv": [4.25, 7.25, 4.75, 8], "texture": "#1"},
				"west": {"uv": [6.5, 6.5, 7.25, 7.25], "texture": "#1"},
				"up": {"uv": [7.75, 5, 7.25, 4.25], "texture": "#1"},
				"down": {"uv": [7.75, 5, 7.25, 5.75], "texture": "#1"}
			}
		},
		{
			"from": [7.1, 16.25, 7.7],
			"to": [10.2, 17.9, 10.05],
			"rotation": {"angle": -22.5, "axis": "z", "origin": [5, 15.5, 9]},
			"faces": {
				"north": {"uv": [5.5, 7.25, 6.25, 7.75], "texture": "#1"},
				"east": {"uv": [2.25, 7.5, 2.75, 8], "texture": "#1"},
				"south": {"uv": [6.25, 7.25, 7, 7.75], "texture": "#1"},
				"west": {"uv": [7.5, 3.75, 8, 4.25], "texture": "#1"},
				"up": {"uv": [8, 7, 7.25, 6.5], "texture": "#1"},
				"down": {"uv": [7.75, 7.25, 7, 7.75], "texture": "#1"}
			}
		},
		{
			"from": [6, 14.9, 8.6],
			"to": [9, 15.9, 9.6],
			"faces": {
				"north": {"uv": [7.25, 7, 8, 7.25], "texture": "#1"},
				"east": {"uv": [5.5, 3.75, 5.75, 4], "texture": "#1"},
				"south": {"uv": [7.5, 2.5, 8.25, 2.75], "texture": "#1"},
				"west": {"uv": [6, 1.75, 6.25, 2], "texture": "#1"},
				"up": {"uv": [8.5, 1.75, 7.75, 1.5], "texture": "#1"},
				"down": {"uv": [8.5, 1.75, 7.75, 2], "texture": "#1"}
			}
		},
		{
			"from": [10, 8, 7.9],
			"to": [11.1, 13, 10.1],
			"faces": {
				"north": {"uv": [3.75, 4.75, 4, 6], "texture": "#1"},
				"east": {"uv": [3.75, 6, 4.25, 7.25], "texture": "#1"},
				"south": {"uv": [2, 7, 2.25, 8.25], "texture": "#1"},
				"west": {"uv": [4.25, 6, 4.75, 7.25], "texture": "#1"},
				"up": {"uv": [5.75, 7.25, 5.5, 6.75], "texture": "#1"},
				"down": {"uv": [7.25, 2.75, 7, 3.25], "texture": "#1"}
			}
		},
		{
			"from": [6.9, 10.9, 7.75],
			"to": [9.6, 13.7, 8],
			"faces": {
				"north": {"uv": [6.75, 0.75, 7.5, 1.5], "texture": "#1"},
				"east": {"uv": [7.75, 2.75, 8, 3.5], "texture": "#1"},
				"south": {"uv": [2.25, 6.75, 3, 7.5], "texture": "#1"},
				"west": {"uv": [3, 7.75, 3.25, 8.5], "texture": "#1"},
				"up": {"uv": [8.5, 4.5, 7.75, 4.25], "texture": "#1"},
				"down": {"uv": [8.5, 4.5, 7.75, 4.75], "texture": "#1"}
			}
		},
		{
			"from": [5.7, 10.9, 7.95],
			"to": [10, 15.2, 8],
			"faces": {
				"north": {"uv": [0, 4.75, 1.5, 5.75], "texture": "#1"},
				"east": {"uv": [1.75, 7.5, 2, 8.5], "texture": "#1"},
				"south": {"uv": [1.5, 4.75, 3, 5.75], "texture": "#1"},
				"west": {"uv": [2.75, 7.5, 3, 8.5], "texture": "#1"},
				"up": {"uv": [8.75, 3.75, 7.25, 3.5], "texture": "#1"},
				"down": {"uv": [8.75, 5.75, 7.25, 6], "texture": "#1"}
			}
		},
		{
			"from": [7.7, 3.9, 7.95],
			"to": [10, 11.2, 8],
			"faces": {
				"north": {"uv": [14.5, 15, 16, 16], "texture": "#1"},
				"east": {"uv": [1.75, 7.5, 2, 8.5], "texture": "#1"},
				"south": {"uv": [1.5, 4.75, 3, 5.75], "texture": "#1"},
				"west": {"uv": [2.75, 7.5, 3, 8.5], "texture": "#1"},
				"up": {"uv": [8.75, 3.75, 7.25, 3.5], "texture": "#1"},
				"down": {"uv": [8.75, 5.75, 7.25, 6], "texture": "#1"}
			}
		},
		{
			"from": [5.7, 10.9, 7.95],
			"to": [10, 15.2, 8],
			"faces": {
				"north": {"uv": [0, 4.75, 1.5, 5.75], "texture": "#1"},
				"east": {"uv": [1.75, 7.5, 2, 8.5], "texture": "#1"},
				"south": {"uv": [1.5, 4.75, 3, 5.75], "texture": "#1"},
				"west": {"uv": [2.75, 7.5, 3, 8.5], "texture": "#1"},
				"up": {"uv": [8.75, 3.75, 7.25, 3.5], "texture": "#1"},
				"down": {"uv": [8.75, 5.75, 7.25, 6], "texture": "#1"}
			}
		},
		{
			"from": [7.25, 11.25, 7.4],
			"to": [9.25, 13.25, 7.75],
			"faces": {
				"north": {"uv": [7.5, 6, 8, 6.5], "texture": "#1"},
				"east": {"uv": [6, 7.75, 6.25, 8.25], "texture": "#1"},
				"south": {"uv": [0.75, 7.75, 1.25, 8.25], "texture": "#1"},
				"west": {"uv": [6.25, 7.75, 6.5, 8.25], "texture": "#1"},
				"up": {"uv": [8.25, 5.75, 7.75, 5.5], "texture": "#1"},
				"down": {"uv": [7, 7.75, 6.5, 8], "texture": "#1"}
			}
		},
		{
			"from": [7.7, 3.2, 7.8],
			"to": [8.1, 11, 8],
			"faces": {
				"north": {"uv": [3.5, 6.75, 3.75, 8.75], "texture": "#1"},
				"east": {"uv": [4.75, 6.75, 5, 8.75], "texture": "#1"},
				"south": {"uv": [5, 6.75, 5.25, 8.75], "texture": "#1"},
				"west": {"uv": [5.25, 6.75, 5.5, 8.75], "texture": "#1"},
				"up": {"uv": [7, 1.75, 6.75, 1.5], "texture": "#1"},
				"down": {"uv": [8, 7.75, 7.75, 8], "texture": "#1"}
			}
		},
		{
			"from": [8.75, 8.2, 7.7],
			"to": [9.75, 10.5, 8],
			"faces": {
				"north": {"uv": [7, 7.75, 7.25, 8.25], "texture": "#1"},
				"east": {"uv": [7.25, 7.75, 7.5, 8.25], "texture": "#1"},
				"south": {"uv": [7.75, 7.25, 8, 7.75], "texture": "#1"},
				"west": {"uv": [7.5, 7.75, 7.75, 8.25], "texture": "#1"},
				"up": {"uv": [0.25, 8.25, 0, 8], "texture": "#1"},
				"down": {"uv": [0.5, 8, 0.25, 8.25], "texture": "#1"}
			}
		},
		{
			"from": [3.5, 1.6, 8.25],
			"to": [6.5, 9.6, 9.75],
			"faces": {
				"north": {"uv": [4.75, 2, 5.5, 4], "texture": "#1"},
				"east": {"uv": [5, 0, 5.5, 2], "texture": "#1"},
				"south": {"uv": [3, 4.75, 3.75, 6.75], "texture": "#1"},
				"west": {"uv": [5.5, 0, 6, 2], "texture": "#1"},
				"up": {"uv": [0.75, 8, 0, 7.5], "texture": "#1"},
				"down": {"uv": [8.25, 0, 7.5, 0.5], "texture": "#1"}
			}
		},
		{
			"from": [8.65, 9.7, 7.5],
			"to": [9.85, 10.8, 8],
			"faces": {
				"north": {"uv": [0.5, 8, 0.75, 8.25], "texture": "#1"},
				"east": {"uv": [8, 0.5, 8.25, 0.75], "texture": "#1"},
				"south": {"uv": [8, 0.75, 8.25, 1], "texture": "#1"},
				"west": {"uv": [8, 1, 8.25, 1.25], "texture": "#1"},
				"up": {"uv": [1.5, 8.25, 1.25, 8], "texture": "#1"},
				"down": {"uv": [8.25, 1.25, 8, 1.5], "texture": "#1"}
			}
		},
		{
			"from": [8.75, 0.75, 8.75],
			"to": [9.75, 3.75, 9.75],
			"rotation": {"angle": -22.5, "axis": "z", "origin": [9.5, 1.5, 9.25]},
			"faces": {
				"north": {"uv": [3.25, 7.75, 3.5, 8.5], "texture": "#1"},
				"east": {"uv": [7.75, 4.75, 8, 5.5], "texture": "#1"},
				"south": {"uv": [5.5, 7.75, 5.75, 8.5], "texture": "#1"},
				"west": {"uv": [5.75, 7.75, 6, 8.5], "texture": "#1"},
				"up": {"uv": [1.75, 8.25, 1.5, 8], "texture": "#1"},
				"down": {"uv": [8.25, 2, 8, 2.25], "texture": "#1"}
			}
		},
		{
			"from": [7.75, 11.75, 7.3],
			"to": [8.75, 12.75, 8],
			"faces": {
				"north": {"uv": [13.25, 13.5, 13.5, 13.75], "texture": "#1"},
				"east": {"uv": [13, 13, 13.175, 13.25], "texture": "#1"},
				"south": {"uv": [13, 13.25, 13.25, 13.5], "texture": "#1"},
				"west": {"uv": [13.25, 13, 13.425, 13.25], "texture": "#1"},
				"up": {"uv": [13.25, 13.25, 13.5, 13.425], "texture": "#1"},
				"down": {"uv": [13, 13.5, 13.25, 13.675], "texture": "#1"}
			}
		}
	],
	"display": {
		"thirdperson_righthand": {
			"rotation": [32.5, 0, 0],
			"scale": [0.5, 0.5, 0.5]
		},
		"thirdperson_lefthand": {
			"rotation": [38.75, 0, 0],
			"scale": [0.5, 0.5, 0.5]
		},
		"ground": {
			"rotation": [90, 0, 0],
			"translation": [0, 1, 0]
		},
		"gui": {
			"rotation": [-180, 0, -180],
			"translation": [0, -1, 0]
		},
		"fixed": {
			"translation": [2.25, 0, -5.75],
			"scale": [4, 4, 4]
		}
	}
}
