{
	"credit": "Made with Blockbench",
	"texture_size": [128, 128],
	"textures": {
		"0": "item/modeldata/props/storyline_props/breen_hologram"
	},
	"elements": [
		{
			"from": [-7.39104, -16, 3.06147],
			"to": [0.60896, -15, 4.06147],
			"rotation": {"angle": 22.5, "axis": "y", "origin": [-7.39104, -16, 3.06147]},
			"faces": {
				"north": {"uv": [7.25, 7.375, 8.25, 7.5], "texture": "#0"},
				"east": {"uv": [7.125, 7.375, 7.25, 7.5], "texture": "#0"},
				"south": {"uv": [8.375, 7.375, 9.375, 7.5], "texture": "#0"},
				"west": {"uv": [8.25, 7.375, 8.375, 7.5], "texture": "#0"},
				"up": {"uv": [8.25, 7.375, 7.25, 7.25], "texture": "#0"},
				"down": {"uv": [9.25, 7.25, 8.25, 7.375], "texture": "#0"}
			}
		},
		{
			"from": [0, -16, 0],
			"to": [16, -15, 1],
			"rotation": {"angle": 0, "axis": "y", "origin": [0, -16, 0]},
			"faces": {
				"north": {"uv": [7.25, 6.375, 9.25, 6.5], "texture": "#0"},
				"east": {"uv": [7.125, 6.375, 7.25, 6.5], "texture": "#0"},
				"south": {"uv": [9.375, 6.375, 11.375, 6.5], "texture": "#0"},
				"west": {"uv": [9.25, 6.375, 9.375, 6.5], "texture": "#0"},
				"up": {"uv": [9.25, 6.375, 7.25, 6.25], "texture": "#0"},
				"down": {"uv": [11.25, 6.25, 9.25, 6.375], "texture": "#0"}
			}
		},
		{
			"from": [0, -13.16793, 0.23775],
			"to": [1, -12.16793, 17.23775],
			"rotation": {"angle": -22.5, "axis": "x", "origin": [0.5, -12.66793, 7.73775]},
			"faces": {
				"north": {"uv": [6.875, 8.25, 7, 8.375], "texture": "#0"},
				"east": {"uv": [4.75, 8.25, 6.875, 8.375], "texture": "#0"},
				"south": {"uv": [9.125, 8.25, 9.25, 8.375], "texture": "#0"},
				"west": {"uv": [7, 8.25, 9.125, 8.375], "texture": "#0"},
				"up": {"uv": [7, 8.25, 6.875, 6.125], "texture": "#0"},
				"down": {"uv": [7.125, 6.125, 7, 8.25], "texture": "#0"}
			}
		},
		{
			"from": [15, -13.16793, 0.23775],
			"to": [16, -12.16793, 17.23775],
			"rotation": {"angle": -22.5, "axis": "x", "origin": [15.5, -12.66793, 7.73775]},
			"faces": {
				"north": {"uv": [4.5, 8.125, 4.625, 8.25], "texture": "#0"},
				"east": {"uv": [2.375, 8.125, 4.5, 8.25], "texture": "#0"},
				"south": {"uv": [6.75, 8.125, 6.875, 8.25], "texture": "#0"},
				"west": {"uv": [4.625, 8.125, 6.75, 8.25], "texture": "#0"},
				"up": {"uv": [4.625, 8.125, 4.5, 6], "texture": "#0"},
				"down": {"uv": [4.75, 6, 4.625, 8.125], "texture": "#0"}
			}
		},
		{
			"from": [15.19969, -16, 3.02341],
			"to": [23.19969, -15, 4.02341],
			"rotation": {"angle": -22.5, "axis": "y", "origin": [23.19969, -15.5, 3.52341]},
			"faces": {
				"north": {"uv": [7.25, 7.125, 8.25, 7.25], "texture": "#0"},
				"east": {"uv": [7.125, 7.125, 7.25, 7.25], "texture": "#0"},
				"south": {"uv": [8.375, 7.125, 9.375, 7.25], "texture": "#0"},
				"west": {"uv": [8.25, 7.125, 8.375, 7.25], "texture": "#0"},
				"up": {"uv": [8.25, 7.125, 7.25, 7], "texture": "#0"},
				"down": {"uv": [9.25, 7, 8.25, 7.125], "texture": "#0"}
			}
		},
		{
			"from": [-7.39104, 31, 3.06147],
			"to": [0.60896, 32, 4.06147],
			"rotation": {"angle": 22.5, "axis": "y", "origin": [-7.39104, 32, 3.06147]},
			"faces": {
				"north": {"uv": [7.25, 6.875, 8.25, 7], "texture": "#0"},
				"east": {"uv": [7.125, 6.875, 7.25, 7], "texture": "#0"},
				"south": {"uv": [8.375, 6.875, 9.375, 7], "texture": "#0"},
				"west": {"uv": [8.25, 6.875, 8.375, 7], "texture": "#0"},
				"up": {"uv": [8.25, 6.875, 7.25, 6.75], "texture": "#0"},
				"down": {"uv": [9.25, 6.75, 8.25, 6.875], "texture": "#0"}
			}
		},
		{
			"from": [0, 31, 0],
			"to": [16, 32, 1],
			"rotation": {"angle": 0, "axis": "y", "origin": [0, 32, 0]},
			"faces": {
				"north": {"uv": [7.25, 6.125, 9.25, 6.25], "texture": "#0"},
				"east": {"uv": [7.125, 6.125, 7.25, 6.25], "texture": "#0"},
				"south": {"uv": [9.375, 6.125, 11.375, 6.25], "texture": "#0"},
				"west": {"uv": [9.25, 6.125, 9.375, 6.25], "texture": "#0"},
				"up": {"uv": [9.25, 6.125, 7.25, 6], "texture": "#0"},
				"down": {"uv": [11.25, 6, 9.25, 6.125], "texture": "#0"}
			}
		},
		{
			"from": [0, 28.16793, 0.23775],
			"to": [1, 29.16793, 17.23775],
			"rotation": {"angle": 22.5, "axis": "x", "origin": [0.5, 28.66793, 7.73775]},
			"faces": {
				"north": {"uv": [2.125, 8, 2.25, 8.125], "texture": "#0"},
				"east": {"uv": [0, 8, 2.125, 8.125], "texture": "#0"},
				"south": {"uv": [4.375, 8, 4.5, 8.125], "texture": "#0"},
				"west": {"uv": [2.25, 8, 4.375, 8.125], "texture": "#0"},
				"up": {"uv": [2.25, 8, 2.125, 5.875], "texture": "#0"},
				"down": {"uv": [2.375, 5.875, 2.25, 8], "texture": "#0"}
			}
		},
		{
			"from": [15, 28.16793, 0.23775],
			"to": [16, 29.16793, 17.23775],
			"rotation": {"angle": 22.5, "axis": "x", "origin": [15.5, 28.66793, 7.73775]},
			"faces": {
				"north": {"uv": [7.5, 5.875, 7.625, 6], "texture": "#0"},
				"east": {"uv": [5.375, 5.875, 7.5, 6], "texture": "#0"},
				"south": {"uv": [9.75, 5.875, 9.875, 6], "texture": "#0"},
				"west": {"uv": [7.625, 5.875, 9.75, 6], "texture": "#0"},
				"up": {"uv": [7.625, 5.875, 7.5, 3.75], "texture": "#0"},
				"down": {"uv": [7.75, 3.75, 7.625, 5.875], "texture": "#0"}
			}
		},
		{
			"from": [15.19969, 31, 3.02341],
			"to": [23.19969, 32, 4.02341],
			"rotation": {"angle": -22.5, "axis": "y", "origin": [23.19969, 31.5, 3.52341]},
			"faces": {
				"north": {"uv": [7.25, 6.625, 8.25, 6.75], "texture": "#0"},
				"east": {"uv": [7.125, 6.625, 7.25, 6.75], "texture": "#0"},
				"south": {"uv": [8.375, 6.625, 9.375, 6.75], "texture": "#0"},
				"west": {"uv": [8.25, 6.625, 8.375, 6.75], "texture": "#0"},
				"up": {"uv": [8.25, 6.625, 7.25, 6.5], "texture": "#0"},
				"down": {"uv": [9.25, 6.5, 8.25, 6.625], "texture": "#0"}
			}
		},
		{
			"from": [-6.39104, -15, 4.06147],
			"to": [0.60896, 32, 4.06147],
			"rotation": {"angle": 22.5, "axis": "y", "origin": [-7.39104, -15, 4.06147]},
			"faces": {
				"north": {"uv": [5.75, 0, 6.625, 5.875], "texture": "#0"},
				"east": {"uv": [5.75, 0, 5.75, 5.875], "texture": "#0"},
				"south": {"uv": [6.625, 0, 7.5, 5.875], "texture": "#0"},
				"west": {"uv": [6.625, 0, 6.625, 5.875], "texture": "#0"},
				"up": {"uv": [6.625, 0, 5.75, 0], "texture": "#0"},
				"down": {"uv": [7.5, 0, 6.625, 0], "texture": "#0"}
			}
		},
		{
			"from": [0, -15, 1],
			"to": [16, 32, 1],
			"rotation": {"angle": 0, "axis": "y", "origin": [0, -15, 1]},
			"faces": {
				"north": {"uv": [0, 0, 2, 5.875], "texture": "#0"},
				"east": {"uv": [0, 0, 0, 5.875], "texture": "#0"},
				"south": {"uv": [2, 0, 4, 5.875], "texture": "#0"},
				"west": {"uv": [2, 0, 2, 5.875], "texture": "#0"},
				"up": {"uv": [2, 0, 0, 0], "texture": "#0"},
				"down": {"uv": [4, 0, 2, 0], "texture": "#0"}
			}
		},
		{
			"from": [15.19969, -15, 4.02341],
			"to": [22.19969, 32, 4.02341],
			"rotation": {"angle": -22.5, "axis": "y", "origin": [23.19969, -14.5, 4.52341]},
			"faces": {
				"north": {"uv": [4, 0, 4.875, 5.875], "texture": "#0"},
				"east": {"uv": [4, 0, 4, 5.875], "texture": "#0"},
				"south": {"uv": [4.875, 0, 5.75, 5.875], "texture": "#0"},
				"west": {"uv": [4.875, 0, 4.875, 5.875], "texture": "#0"},
				"up": {"uv": [4.875, 0, 4, 0], "texture": "#0"},
				"down": {"uv": [5.75, 0, 4.875, 0], "texture": "#0"}
			}
		}
	],
	"display": {
		"head": {
			"scale": [4, 4, 4]
		}
	},
	"groups": [
		{
			"name": "group",
			"origin": [8, 8, 8],
			"color": 0,
			"children": [
				{
					"name": "group",
					"origin": [23.19969, 0.5, 3.52341],
					"color": 0,
					"children": [0, 1, 2, 3, 4]
				},
				{
					"name": "group",
					"origin": [23.19969, 0.5, 3.52341],
					"color": 0,
					"children": [5, 6, 7, 8, 9]
				},
				{
					"name": "group",
					"origin": [23.19969, 1.5, 4.52341],
					"color": 0,
					"children": [10, 11, 12]
				}
			]
		}
	]
}
