{
	"credit": "Made with Blockbench",
	"texture_size": [128, 128],
	"textures": {
		"0": "item/modeldata/props/storyline_props/breen_water"
	},
	"elements": [
		{
			"name": "octagon",
			"from": [4.68629, -0.5, 0],
			"to": [11.31371, 21.5, 1],
			"rotation": {"angle": 45, "axis": "y", "origin": [8, 0, 8]},
			"faces": {
				"north": {"uv": [12.375, 5.875, 13.125, 8.625], "texture": "#0"},
				"east": {"uv": [12.25, 5.875, 12.375, 8.625], "texture": "#0"},
				"south": {"uv": [13.25, 5.875, 14, 8.625], "texture": "#0"},
				"west": {"uv": [13.125, 5.875, 13.25, 8.625], "texture": "#0"},
				"up": {"uv": [13.125, 5.875, 12.375, 5.75], "texture": "#0"},
				"down": {"uv": [13.875, 5.75, 13.125, 5.875], "texture": "#0"}
			}
		},
		{
			"name": "octagon",
			"from": [4.68629, -0.5, 0],
			"to": [11.31371, 21.5, 1],
			"rotation": {"angle": 0, "axis": "y", "origin": [8, 0, 8]},
			"faces": {
				"north": {"uv": [12.25, 3, 13, 5.75], "texture": "#0"},
				"east": {"uv": [12.125, 3, 12.25, 5.75], "texture": "#0"},
				"south": {"uv": [13.125, 3, 13.875, 5.75], "texture": "#0"},
				"west": {"uv": [13, 3, 13.125, 5.75], "texture": "#0"},
				"up": {"uv": [13, 3, 12.25, 2.875], "texture": "#0"},
				"down": {"uv": [13.75, 2.875, 13, 3], "texture": "#0"}
			}
		},
		{
			"name": "octagon",
			"from": [4.68629, -0.5, 15],
			"to": [11.31371, 21.5, 16],
			"rotation": {"angle": 45, "axis": "y", "origin": [8, 0, 8]},
			"faces": {
				"north": {"uv": [12.125, 0.125, 12.875, 2.875], "texture": "#0"},
				"east": {"uv": [12, 0.125, 12.125, 2.875], "texture": "#0"},
				"south": {"uv": [13, 0.125, 13.75, 2.875], "texture": "#0"},
				"west": {"uv": [12.875, 0.125, 13, 2.875], "texture": "#0"},
				"up": {"uv": [12.875, 0.125, 12.125, 0], "texture": "#0"},
				"down": {"uv": [13.625, 0, 12.875, 0.125], "texture": "#0"}
			}
		},
		{
			"name": "octagon",
			"from": [4.68629, -0.5, 15],
			"to": [11.31371, 21.5, 16],
			"rotation": {"angle": 0, "axis": "y", "origin": [8, 0, 8]},
			"faces": {
				"north": {"uv": [11.625, 10.125, 12.375, 12.875], "texture": "#0"},
				"east": {"uv": [11.5, 10.125, 11.625, 12.875], "texture": "#0"},
				"south": {"uv": [12.5, 10.125, 13.25, 12.875], "texture": "#0"},
				"west": {"uv": [12.375, 10.125, 12.5, 12.875], "texture": "#0"},
				"up": {"uv": [12.375, 10.125, 11.625, 10], "texture": "#0"},
				"down": {"uv": [13.125, 10, 12.375, 10.125], "texture": "#0"}
			}
		},
		{
			"name": "octagon",
			"from": [0, -0.5, 4.68629],
			"to": [1, 21.5, 11.31371],
			"rotation": {"angle": 45, "axis": "y", "origin": [8, 0, 8]},
			"faces": {
				"north": {"uv": [2.5, 11.25, 2.625, 14], "texture": "#0"},
				"east": {"uv": [1.75, 11.25, 2.5, 14], "texture": "#0"},
				"south": {"uv": [3.375, 11.25, 3.5, 14], "texture": "#0"},
				"west": {"uv": [2.625, 11.25, 3.375, 14], "texture": "#0"},
				"up": {"uv": [2.625, 11.25, 2.5, 10.5], "texture": "#0"},
				"down": {"uv": [2.75, 10.5, 2.625, 11.25], "texture": "#0"}
			}
		},
		{
			"name": "octagon",
			"from": [0, -0.5, 4.68629],
			"to": [1, 21.5, 11.31371],
			"rotation": {"angle": 0, "axis": "y", "origin": [8, 0, 8]},
			"faces": {
				"north": {"uv": [0.75, 11.25, 0.875, 14], "texture": "#0"},
				"east": {"uv": [0, 11.25, 0.75, 14], "texture": "#0"},
				"south": {"uv": [1.625, 11.25, 1.75, 14], "texture": "#0"},
				"west": {"uv": [0.875, 11.25, 1.625, 14], "texture": "#0"},
				"up": {"uv": [0.875, 11.25, 0.75, 10.5], "texture": "#0"},
				"down": {"uv": [1, 10.5, 0.875, 11.25], "texture": "#0"}
			}
		},
		{
			"name": "octagon",
			"from": [15, -0.5, 4.68629],
			"to": [16, 21.5, 11.31371],
			"rotation": {"angle": 45, "axis": "y", "origin": [8, 0, 8]},
			"faces": {
				"north": {"uv": [11.125, 4.125, 11.25, 6.875], "texture": "#0"},
				"east": {"uv": [10.375, 4.125, 11.125, 6.875], "texture": "#0"},
				"south": {"uv": [12, 4.125, 12.125, 6.875], "texture": "#0"},
				"west": {"uv": [11.25, 4.125, 12, 6.875], "texture": "#0"},
				"up": {"uv": [11.25, 4.125, 11.125, 3.375], "texture": "#0"},
				"down": {"uv": [11.375, 3.375, 11.25, 4.125], "texture": "#0"}
			}
		},
		{
			"name": "octagon",
			"from": [15, -0.5, 4.68629],
			"to": [16, 21.5, 11.31371],
			"rotation": {"angle": 0, "axis": "y", "origin": [8, 0, 8]},
			"faces": {
				"north": {"uv": [10.5, 10.875, 10.625, 13.625], "texture": "#0"},
				"east": {"uv": [9.75, 10.875, 10.5, 13.625], "texture": "#0"},
				"south": {"uv": [11.375, 10.875, 11.5, 13.625], "texture": "#0"},
				"west": {"uv": [10.625, 10.875, 11.375, 13.625], "texture": "#0"},
				"up": {"uv": [10.625, 10.875, 10.5, 10.125], "texture": "#0"},
				"down": {"uv": [10.75, 10.125, 10.625, 10.875], "texture": "#0"}
			}
		},
		{
			"name": "octagon",
			"from": [4.8934, 0.5, 0.5],
			"to": [11.1066, 21.5, 15.5],
			"rotation": {"angle": 45, "axis": "y", "origin": [8, 1, 8]},
			"faces": {
				"north": {"uv": [5.25, 4.5, 6, 7.125], "texture": "#0"},
				"east": {"uv": [3.375, 4.5, 5.25, 7.125], "texture": "#0"},
				"south": {"uv": [7.875, 4.5, 8.625, 7.125], "texture": "#0"},
				"west": {"uv": [6, 4.5, 7.875, 7.125], "texture": "#0"},
				"up": {"uv": [6, 4.5, 5.25, 2.625], "texture": "#0"},
				"down": {"uv": [6.75, 2.625, 6, 4.5], "texture": "#0"}
			}
		},
		{
			"name": "octagon",
			"from": [4.8934, 0.5, 0.5],
			"to": [11.1066, 21.5, 15.5],
			"rotation": {"angle": 0, "axis": "y", "origin": [8, 1, 8]},
			"faces": {
				"north": {"uv": [1.875, 1.875, 2.625, 4.5], "texture": "#0"},
				"east": {"uv": [0, 1.875, 1.875, 4.5], "texture": "#0"},
				"south": {"uv": [4.5, 1.875, 5.25, 4.5], "texture": "#0"},
				"west": {"uv": [2.625, 1.875, 4.5, 4.5], "texture": "#0"},
				"up": {"uv": [2.625, 1.875, 1.875, 0], "texture": "#0"},
				"down": {"uv": [3.375, 0, 2.625, 1.875], "texture": "#0"}
			}
		},
		{
			"name": "octagon",
			"from": [4.8934, 21.75, 5.5],
			"to": [11.1066, 21.75, 13.5],
			"rotation": {"angle": 0, "axis": "y", "origin": [8, 1, 8]},
			"faces": {
				"north": {"uv": [3.375, 1, 4.125, 1], "texture": "#0"},
				"east": {"uv": [2.375, 1, 3.375, 1], "texture": "#0"},
				"south": {"uv": [5.125, 1, 5.875, 1], "texture": "#0"},
				"west": {"uv": [4.125, 1, 5.125, 1], "texture": "#0"},
				"up": {"uv": [4.125, 1, 3.375, 0], "texture": "#0"},
				"down": {"uv": [4.875, 0, 4.125, 1], "texture": "#0"}
			}
		},
		{
			"name": "octagon",
			"from": [0.5, 0.5, 4.8934],
			"to": [15.5, 21.5, 11.1066],
			"rotation": {"angle": 45, "axis": "y", "origin": [8, 1, 8]},
			"faces": {
				"north": {"uv": [0.75, 7.875, 2.625, 10.5], "texture": "#0"},
				"east": {"uv": [0, 7.875, 0.75, 10.5], "texture": "#0"},
				"south": {"uv": [3.375, 7.875, 5.25, 10.5], "texture": "#0"},
				"west": {"uv": [2.625, 7.875, 3.375, 10.5], "texture": "#0"},
				"up": {"uv": [2.625, 7.875, 0.75, 7.125], "texture": "#0"},
				"down": {"uv": [4.5, 7.125, 2.625, 7.875], "texture": "#0"}
			}
		},
		{
			"name": "octagon",
			"from": [0.5, 0.5, 4.8934],
			"to": [15.5, 21.5, 11.1066],
			"rotation": {"angle": 0, "axis": "y", "origin": [8, 1, 8]},
			"faces": {
				"north": {"uv": [7.5, 0.75, 9.375, 3.375], "texture": "#0"},
				"east": {"uv": [6.75, 0.75, 7.5, 3.375], "texture": "#0"},
				"south": {"uv": [10.125, 0.75, 12, 3.375], "texture": "#0"},
				"west": {"uv": [9.375, 0.75, 10.125, 3.375], "texture": "#0"},
				"up": {"uv": [9.375, 0.75, 7.5, 0], "texture": "#0"},
				"down": {"uv": [11.25, 0, 9.375, 0.75], "texture": "#0"}
			}
		},
		{
			"name": "octagon",
			"from": [4.8934, -1.5, 0.5],
			"to": [11.1066, 22.5, 1.5],
			"rotation": {"angle": 45, "axis": "y", "origin": [8, -1, 8]},
			"faces": {
				"north": {"uv": [7.125, 11, 7.875, 14], "texture": "#0"},
				"east": {"uv": [7, 11, 7.125, 14], "texture": "#0"},
				"south": {"uv": [8, 11, 8.75, 14], "texture": "#0"},
				"west": {"uv": [7.875, 11, 8, 14], "texture": "#0"},
				"up": {"uv": [7.875, 11, 7.125, 10.875], "texture": "#0"},
				"down": {"uv": [8.625, 10.875, 7.875, 11], "texture": "#0"}
			}
		},
		{
			"name": "octagon",
			"from": [4.8934, -1.5, 0.5],
			"to": [11.1066, 22.5, 1.5],
			"rotation": {"angle": 0, "axis": "y", "origin": [8, -1, 8]},
			"faces": {
				"north": {"uv": [5.375, 11, 6.125, 14], "texture": "#0"},
				"east": {"uv": [5.25, 11, 5.375, 14], "texture": "#0"},
				"south": {"uv": [6.25, 11, 7, 14], "texture": "#0"},
				"west": {"uv": [6.125, 11, 6.25, 14], "texture": "#0"},
				"up": {"uv": [6.125, 11, 5.375, 10.875], "texture": "#0"},
				"down": {"uv": [6.875, 10.875, 6.125, 11], "texture": "#0"}
			}
		},
		{
			"name": "octagon",
			"from": [4.8934, -1.5, 14.5],
			"to": [11.1066, 22.5, 15.5],
			"rotation": {"angle": 45, "axis": "y", "origin": [8, -1, 8]},
			"faces": {
				"north": {"uv": [10.625, 7, 11.375, 10], "texture": "#0"},
				"east": {"uv": [10.5, 7, 10.625, 10], "texture": "#0"},
				"south": {"uv": [11.5, 7, 12.25, 10], "texture": "#0"},
				"west": {"uv": [11.375, 7, 11.5, 10], "texture": "#0"},
				"up": {"uv": [11.375, 7, 10.625, 6.875], "texture": "#0"},
				"down": {"uv": [12.125, 6.875, 11.375, 7], "texture": "#0"}
			}
		},
		{
			"name": "octagon",
			"from": [4.8934, -1.5, 14.5],
			"to": [11.1066, 22.5, 15.5],
			"rotation": {"angle": 0, "axis": "y", "origin": [8, -1, 8]},
			"faces": {
				"north": {"uv": [3.625, 10.625, 4.375, 13.625], "texture": "#0"},
				"east": {"uv": [3.5, 10.625, 3.625, 13.625], "texture": "#0"},
				"south": {"uv": [4.5, 10.625, 5.25, 13.625], "texture": "#0"},
				"west": {"uv": [4.375, 10.625, 4.5, 13.625], "texture": "#0"},
				"up": {"uv": [4.375, 10.625, 3.625, 10.5], "texture": "#0"},
				"down": {"uv": [5.125, 10.5, 4.375, 10.625], "texture": "#0"}
			}
		},
		{
			"name": "octagon",
			"from": [0.5, -1.5, 4.8934],
			"to": [1.5, 22.5, 11.1066],
			"rotation": {"angle": 45, "axis": "y", "origin": [8, -1, 8]},
			"faces": {
				"north": {"uv": [9.5, 7.875, 9.625, 10.875], "texture": "#0"},
				"east": {"uv": [8.75, 7.875, 9.5, 10.875], "texture": "#0"},
				"south": {"uv": [10.375, 7.875, 10.5, 10.875], "texture": "#0"},
				"west": {"uv": [9.625, 7.875, 10.375, 10.875], "texture": "#0"},
				"up": {"uv": [9.625, 7.875, 9.5, 7.125], "texture": "#0"},
				"down": {"uv": [9.75, 7.125, 9.625, 7.875], "texture": "#0"}
			}
		},
		{
			"name": "octagon",
			"from": [0.5, -1.5, 4.8934],
			"to": [1.5, 22.5, 11.1066],
			"rotation": {"angle": 0, "axis": "y", "origin": [8, -1, 8]},
			"faces": {
				"north": {"uv": [9.375, 4.125, 9.5, 7.125], "texture": "#0"},
				"east": {"uv": [8.625, 4.125, 9.375, 7.125], "texture": "#0"},
				"south": {"uv": [10.25, 4.125, 10.375, 7.125], "texture": "#0"},
				"west": {"uv": [9.5, 4.125, 10.25, 7.125], "texture": "#0"},
				"up": {"uv": [9.5, 4.125, 9.375, 3.375], "texture": "#0"},
				"down": {"uv": [9.625, 3.375, 9.5, 4.125], "texture": "#0"}
			}
		},
		{
			"name": "octagon",
			"from": [14.5, -1.5, 4.8934],
			"to": [15.5, 22.5, 11.1066],
			"rotation": {"angle": 45, "axis": "y", "origin": [8, -1, 8]},
			"faces": {
				"north": {"uv": [7.75, 7.875, 7.875, 10.875], "texture": "#0"},
				"east": {"uv": [7, 7.875, 7.75, 10.875], "texture": "#0"},
				"south": {"uv": [8.625, 7.875, 8.75, 10.875], "texture": "#0"},
				"west": {"uv": [7.875, 7.875, 8.625, 10.875], "texture": "#0"},
				"up": {"uv": [7.875, 7.875, 7.75, 7.125], "texture": "#0"},
				"down": {"uv": [8, 7.125, 7.875, 7.875], "texture": "#0"}
			}
		},
		{
			"name": "octagon",
			"from": [14.5, -1.5, 4.8934],
			"to": [15.5, 22.5, 11.1066],
			"rotation": {"angle": 0, "axis": "y", "origin": [8, -1, 8]},
			"faces": {
				"north": {"uv": [6, 7.875, 6.125, 10.875], "texture": "#0"},
				"east": {"uv": [5.25, 7.875, 6, 10.875], "texture": "#0"},
				"south": {"uv": [6.875, 7.875, 7, 10.875], "texture": "#0"},
				"west": {"uv": [6.125, 7.875, 6.875, 10.875], "texture": "#0"},
				"up": {"uv": [6.125, 7.875, 6, 7.125], "texture": "#0"},
				"down": {"uv": [6.25, 7.125, 6.125, 7.875], "texture": "#0"}
			}
		}
	],
	"display": {
		"thirdperson_righthand": {
			"rotation": [0, 20, 0],
			"translation": [0, 0, -1],
			"scale": [0.29, 0.29, 0.29]
		},
		"thirdperson_lefthand": {
			"rotation": [0, 20, 0],
			"translation": [0, 0, -1],
			"scale": [0.29, 0.29, 0.29]
		},
		"firstperson_righthand": {
			"rotation": [0, 20, 0],
			"translation": [0, 0, -1],
			"scale": [0.29, 0.29, 0.29]
		},
		"firstperson_lefthand": {
			"rotation": [0, 20, 0],
			"translation": [0, 0, -1],
			"scale": [0.29, 0.29, 0.29]
		},
		"ground": {
			"rotation": [0, 20, 0],
			"translation": [0, 0, -1],
			"scale": [0.29, 0.29, 0.29]
		},
		"gui": {
			"rotation": [0, 20, 0],
			"translation": [0, 0, -1],
			"scale": [0.29, 0.29, 0.29]
		},
		"head": {
			"rotation": [0, 20, 0],
			"translation": [0, 0, -1],
			"scale": [0.29, 0.29, 0.29]
		},
		"fixed": {
			"rotation": [0, 20, 0],
			"translation": [0, 0, -1],
			"scale": [0.29, 0.29, 0.29]
		}
	},
	"groups": [
		{
			"name": "group",
			"origin": [8, 8, 8],
			"color": 0,
			"children": [
				{
					"name": "octagon",
					"origin": [8, 8, 8],
					"color": 0,
					"children": [0, 1, 2, 3, 4, 5, 6, 7]
				},
				{
					"name": "octagon",
					"origin": [8, 8, 8],
					"color": 0,
					"children": [8, 9, 10, 11, 12]
				},
				{
					"name": "octagon",
					"origin": [8, 8, 8],
					"color": 0,
					"children": [13, 14, 15, 16, 17, 18, 19, 20]
				}
			]
		}
	]
}
