{
	"credit": "Made with Blockbench",
	"textures": {
		"0": "item/modeldata/npcs/barney/barneycrowbar",
		"1": "item/modeldata/npcs/barney/crowbar"
	},
	"elements": [
		{
			"name": "Body",
			"from": [4, 7, 11],
			"to": [12, 19, 15],
			"rotation": {"angle": -22.5, "axis": "x", "origin": [0, 0, 0]},
			"faces": {
				"north": {"uv": [5, 5, 7, 8], "texture": "#0"},
				"east": {"uv": [4, 5, 5, 8], "texture": "#0"},
				"south": {"uv": [8, 5, 10, 8], "texture": "#0"},
				"west": {"uv": [7, 5, 8, 8], "texture": "#0"},
				"up": {"uv": [7, 5, 5, 4], "texture": "#0"},
				"down": {"uv": [9, 4, 7, 5], "texture": "#0"}
			}
		},
		{
			"name": "Left Leg",
			"from": [4.1, -5, 11],
			"to": [8.1, 7, 15],
			"rotation": {"angle": -22.5, "axis": "x", "origin": [0, 0, 0]},
			"faces": {
				"north": {"uv": [5, 13, 6, 16], "texture": "#0"},
				"east": {"uv": [4, 13, 5, 16], "texture": "#0"},
				"south": {"uv": [7, 13, 8, 16], "texture": "#0"},
				"west": {"uv": [6, 13, 7, 16], "texture": "#0"},
				"up": {"uv": [6, 13, 5, 12], "texture": "#0"},
				"down": {"uv": [7, 12, 6, 13], "texture": "#0"}
			}
		},
		{
			"name": "Left Arm",
			"from": [9, 17, 4],
			"to": [13, 29, 8],
			"rotation": {"angle": 22.5, "axis": "z", "origin": [0, 0, 0]},
			"faces": {
				"north": {"uv": [9, 13, 10, 16], "rotation": 180, "texture": "#0"},
				"east": {"uv": [10, 13, 11, 16], "rotation": 180, "texture": "#0"},
				"south": {"uv": [11, 13, 12, 16], "rotation": 180, "texture": "#0"},
				"west": {"uv": [8, 13, 9, 16], "rotation": 180, "texture": "#0"},
				"up": {"uv": [11, 12, 10, 13], "rotation": 180, "texture": "#0"},
				"down": {"uv": [10, 13, 9, 12], "rotation": 180, "texture": "#0"}
			}
		},
		{
			"name": "Right Arm",
			"from": [12, 8, -12],
			"to": [16, 20, -8],
			"rotation": {"angle": 45, "axis": "x", "origin": [0, 0, 0]},
			"faces": {
				"north": {"uv": [11, 5, 12, 8], "texture": "#0"},
				"east": {"uv": [10, 5, 11, 8], "texture": "#0"},
				"south": {"uv": [13, 5, 14, 8], "texture": "#0"},
				"west": {"uv": [12, 5, 13, 8], "texture": "#0"},
				"up": {"uv": [12, 5, 11, 4], "texture": "#0"},
				"down": {"uv": [13, 4, 12, 5], "texture": "#0"}
			}
		},
		{
			"name": "Right Leg",
			"from": [7.9, 0, 7],
			"to": [11.9, 12, 11],
			"faces": {
				"north": {"uv": [1, 5, 2, 8], "texture": "#0"},
				"east": {"uv": [0, 5, 1, 8], "texture": "#0"},
				"south": {"uv": [3, 5, 4, 8], "texture": "#0"},
				"west": {"uv": [2, 5, 3, 8], "texture": "#0"},
				"up": {"uv": [2, 5, 1, 4], "texture": "#0"},
				"down": {"uv": [3, 4, 2, 5], "texture": "#0"}
			}
		},
		{
			"name": "Head",
			"from": [4, 19, 9],
			"to": [12, 27, 17],
			"rotation": {"angle": -22.5, "axis": "x", "origin": [0, 0, 0]},
			"faces": {
				"north": {"uv": [2, 2, 4, 4], "texture": "#0"},
				"east": {"uv": [0, 2, 2, 4], "texture": "#0"},
				"south": {"uv": [6, 2, 8, 4], "texture": "#0"},
				"west": {"uv": [4, 2, 6, 4], "texture": "#0"},
				"up": {"uv": [4, 2, 2, 0], "texture": "#0"},
				"down": {"uv": [6, 0, 4, 2], "texture": "#0"}
			}
		},
		{
			"from": [-12, 17, 3],
			"to": [-10, 31, 5],
			"rotation": {"angle": -22.5, "axis": "z", "origin": [0, 0, 0]},
			"faces": {
				"north": {"uv": [0, 0, 2, 14], "texture": "#1"},
				"east": {"uv": [2, 0, 4, 14], "texture": "#1"},
				"south": {"uv": [4, 0, 6, 14], "texture": "#1"},
				"west": {"uv": [6, 0, 8, 14], "texture": "#1"},
				"up": {"uv": [12, 2, 10, 0], "texture": "#1"},
				"down": {"uv": [12, 2, 10, 4], "texture": "#1"}
			}
		},
		{
			"from": [-12, 29, 2],
			"to": [-10, 32, 4],
			"rotation": {"angle": -22.5, "axis": "z", "origin": [0, 0, 0]},
			"faces": {
				"north": {"uv": [8, 0, 10, 2], "texture": "#1"},
				"east": {"uv": [8, 3, 10, 5], "texture": "#1"},
				"south": {"uv": [8, 6, 10, 8], "texture": "#1"},
				"west": {"uv": [8, 9, 10, 11], "texture": "#1"},
				"up": {"uv": [12, 6, 10, 4], "texture": "#1"},
				"down": {"uv": [12, 6, 10, 8], "texture": "#1"}
			}
		},
		{
			"from": [-12, 16, 4],
			"to": [-10, 19, 6],
			"rotation": {"angle": -22.5, "axis": "z", "origin": [0, 0, 0]},
			"faces": {
				"north": {"uv": [10, 8, 12, 10], "texture": "#1"},
				"east": {"uv": [10, 10, 12, 12], "texture": "#1"},
				"south": {"uv": [8, 0, 10, 3], "texture": "#1"},
				"west": {"uv": [8, 3, 10, 6], "texture": "#1"},
				"up": {"uv": [10, 9, 8, 6], "texture": "#1"},
				"down": {"uv": [10, 9, 8, 12], "texture": "#1"}
			}
		}
	],
	"display": {
		"thirdperson_righthand": {
			"scale": [0.2, 0.2, 0.2]
		},
		"thirdperson_lefthand": {
			"scale": [0.2, 0.2, 0.2]
		},
		"firstperson_righthand": {
			"scale": [0.2, 0.2, 0.2]
		},
		"firstperson_lefthand": {
			"scale": [0.2, 0.2, 0.2]
		},
		"ground": {
			"rotation": [90, 0, 0],
			"translation": [0.5, -1.25, -3.25],
			"scale": [0.5, 0.5, 0.5]
		},
		"gui": {
			"rotation": [155.95, 38.28, -157.06],
			"translation": [-1.5, -3.5, 0],
			"scale": [0.5, 0.5, 0.5]
		},
		"head": {
			"translation": [0, -32.25, -1.5],
			"scale": [1.62, 1.62, 1.62]
		},
		"fixed": {
			"rotation": [-90, 1, 0],
			"translation": [0, -9.75, -15],
			"scale": [2, 2, 2]
		}
	},
	"groups": [
		{
			"name": "Body",
			"origin": [0, 24, 0],
			"color": 0,
			"children": [0]
		},
		{
			"name": "LeftLeg",
			"origin": [-1.9, 12, 0],
			"color": 0,
			"children": [1]
		},
		{
			"name": "LeftArm",
			"origin": [-5, 22, 0],
			"color": 0,
			"children": [2]
		},
		{
			"name": "RightArm",
			"origin": [5, 22, 0],
			"color": 0,
			"children": [3]
		},
		{
			"name": "RightLeg",
			"origin": [1.9, 12, 0],
			"color": 0,
			"children": [4]
		},
		{
			"name": "Head",
			"origin": [0, 24, 0],
			"color": 0,
			"children": [5]
		},
		{
			"name": "crowbar",
			"origin": [8, 8, 8],
			"color": 0,
			"children": [6, 7, 8]
		}
	]
}
