{
	"credit": "Made by 🌌Pasport🌌 modified by SanyaSho",
	"texture_size": [64, 64],
	"textures": {
		"1": "item/modeldata/props/barrels/flambarrel"
	},
	"elements": [
		{
			"name": "hexadecagon",
			"from": [7.00544, 0.2, 3.3],
			"to": [8.99456, 15.2, 13.3],
			"rotation": {"angle": -45, "axis": "y", "origin": [8, 2.7, 8.3]},
			"faces": {
				"north": {"uv": [2.5, 11.25, 3, 15], "texture": "#1"},
				"east": {"uv": [0, 0, 2.5, 3.75], "texture": "#1"},
				"south": {"uv": [3, 11.25, 3.5, 15], "texture": "#1"},
				"west": {"uv": [2.5, 0, 5, 3.75], "texture": "#1"},
				"up": {"uv": [11, 13.75, 10.5, 11.25], "texture": "#1"},
				"down": {"uv": [11.5, 11.25, 11, 13.75], "texture": "#1"}
			}
		},
		{
			"name": "hexadecagon",
			"from": [7.00544, 0.2, 3.3],
			"to": [8.99456, 15.2, 13.3],
			"rotation": {"angle": -22.5, "axis": "y", "origin": [8, 2.7, 8.3]},
			"faces": {
				"north": {"uv": [3.5, 11.25, 4, 15], "texture": "#1"},
				"east": {"uv": [0, 3.75, 2.5, 7.5], "texture": "#1"},
				"south": {"uv": [4, 11.25, 4.5, 15], "texture": "#1"},
				"west": {"uv": [2.5, 3.75, 5, 7.5], "texture": "#1"},
				"up": {"uv": [12, 13.75, 11.5, 11.25], "texture": "#1"},
				"down": {"uv": [12.5, 11.25, 12, 13.75], "texture": "#1"}
			}
		},
		{
			"name": "hexadecagon",
			"from": [7.00544, 0.2, 3.3],
			"to": [8.99456, 15.2, 13.3],
			"rotation": {"angle": 0, "axis": "y", "origin": [8, 2.7, 8.3]},
			"faces": {
				"north": {"uv": [4.5, 11.25, 5, 15], "texture": "#1"},
				"east": {"uv": [5, 0, 7.5, 3.75], "texture": "#1"},
				"south": {"uv": [5, 11.25, 5.5, 15], "texture": "#1"},
				"west": {"uv": [5, 3.75, 7.5, 7.5], "texture": "#1"},
				"up": {"uv": [13, 2.5, 12.5, 0], "texture": "#1"},
				"down": {"uv": [13, 2.5, 12.5, 5], "texture": "#1"}
			}
		},
		{
			"name": "hexadecagon",
			"from": [7.00544, 0.2, 3.3],
			"to": [8.99456, 15.2, 13.3],
			"rotation": {"angle": 22.5, "axis": "y", "origin": [8, 2.7, 8.3]},
			"faces": {
				"north": {"uv": [5.5, 11.25, 6, 15], "texture": "#1"},
				"east": {"uv": [0, 7.5, 2.5, 11.25], "texture": "#1"},
				"south": {"uv": [6, 11.25, 6.5, 15], "texture": "#1"},
				"west": {"uv": [7.5, 0, 10, 3.75], "texture": "#1"},
				"up": {"uv": [13, 7.5, 12.5, 5], "texture": "#1"},
				"down": {"uv": [13, 7.5, 12.5, 10], "texture": "#1"}
			}
		},
		{
			"name": "hexadecagon",
			"from": [7.00544, 0.2, 3.3],
			"to": [8.99456, 15.2, 13.3],
			"rotation": {"angle": 45, "axis": "y", "origin": [8, 2.7, 8.3]},
			"faces": {
				"north": {"uv": [6.5, 11.25, 7, 15], "texture": "#1"},
				"east": {"uv": [2.5, 7.5, 5, 11.25], "texture": "#1"},
				"south": {"uv": [7, 11.25, 7.5, 15], "texture": "#1"},
				"west": {"uv": [7.5, 3.75, 10, 7.5], "texture": "#1"},
				"up": {"uv": [13, 12.5, 12.5, 10], "texture": "#1"},
				"down": {"uv": [13, 12.5, 12.5, 15], "texture": "#1"}
			}
		},
		{
			"name": "hexadecagon",
			"from": [3, 0.2, 7.30544],
			"to": [13, 15.2, 9.29456],
			"rotation": {"angle": -22.5, "axis": "y", "origin": [8, 2.7, 8.3]},
			"faces": {
				"north": {"uv": [5, 7.5, 7.5, 11.25], "texture": "#1"},
				"east": {"uv": [7.5, 11.25, 8, 15], "texture": "#1"},
				"south": {"uv": [7.5, 7.5, 10, 11.25], "texture": "#1"},
				"west": {"uv": [8, 11.25, 8.5, 15], "texture": "#1"},
				"up": {"uv": [15.5, 0.5, 13, 0], "texture": "#1"},
				"down": {"uv": [15.5, 0.5, 13, 1], "texture": "#1"}
			}
		},
		{
			"name": "hexadecagon",
			"from": [3, 0.2, 7.30544],
			"to": [13, 15.2, 9.29456],
			"rotation": {"angle": 0, "axis": "y", "origin": [8, 2.7, 8.3]},
			"faces": {
				"north": {"uv": [10, 0, 12.5, 3.75], "texture": "#1"},
				"east": {"uv": [8.5, 11.25, 9, 15], "texture": "#1"},
				"south": {"uv": [10, 3.75, 12.5, 7.5], "texture": "#1"},
				"west": {"uv": [9, 11.25, 9.5, 15], "texture": "#1"},
				"up": {"uv": [15.5, 1.5, 13, 1], "texture": "#1"},
				"down": {"uv": [15.5, 1.5, 13, 2], "texture": "#1"}
			}
		},
		{
			"name": "hexadecagon",
			"from": [3, 0.2, 7.30544],
			"to": [13, 15.2, 9.29456],
			"rotation": {"angle": 22.5, "axis": "y", "origin": [8, 2.7, 8.3]},
			"faces": {
				"north": {"uv": [10, 7.5, 12.5, 11.25], "texture": "#1"},
				"east": {"uv": [9.5, 11.25, 10, 15], "texture": "#1"},
				"south": {"uv": [0, 11.25, 2.5, 15], "texture": "#1"},
				"west": {"uv": [10, 11.25, 10.5, 15], "texture": "#1"},
				"up": {"uv": [15.5, 2.5, 13, 2], "texture": "#1"},
				"down": {"uv": [15.5, 2.5, 13, 3], "texture": "#1"}
			}
		},
		{
			"name": "hexadecagon",
			"from": [7.90054, 10.25, 11],
			"to": [8.09946, 15.25, 12],
			"rotation": {"angle": -45, "axis": "y", "origin": [8, 12.75, 11.5]},
			"faces": {
				"north": {"uv": [13.25, 11.75, 13.375, 13], "texture": "#1"},
				"east": {"uv": [13, 3, 13.25, 4.25], "texture": "#1"},
				"south": {"uv": [13.25, 13, 13.375, 14.25], "texture": "#1"},
				"west": {"uv": [13, 4.25, 13.25, 5.5], "texture": "#1"},
				"up": {"uv": [13.875, 9.5, 13.75, 9.25], "texture": "#1"},
				"down": {"uv": [13.875, 9.5, 13.75, 9.75], "texture": "#1"}
			}
		},
		{
			"name": "hexadecagon",
			"from": [7.90054, 10.25, 11],
			"to": [8.09946, 15.25, 12],
			"rotation": {"angle": -22.5, "axis": "y", "origin": [8, 12.75, 11.5]},
			"faces": {
				"north": {"uv": [13.5, 3, 13.625, 4.25], "texture": "#1"},
				"east": {"uv": [13, 5.5, 13.25, 6.75], "texture": "#1"},
				"south": {"uv": [13.5, 4.25, 13.625, 5.5], "texture": "#1"},
				"west": {"uv": [13, 6.75, 13.25, 8], "texture": "#1"},
				"up": {"uv": [13.875, 10, 13.75, 9.75], "texture": "#1"},
				"down": {"uv": [13.875, 10, 13.75, 10.25], "texture": "#1"}
			}
		},
		{
			"name": "hexadecagon",
			"from": [7.90054, 10.25, 11],
			"to": [8.09946, 15.25, 12],
			"rotation": {"angle": 0, "axis": "y", "origin": [8, 12.75, 11.5]},
			"faces": {
				"north": {"uv": [13.5, 5.5, 13.625, 6.75], "texture": "#1"},
				"east": {"uv": [13, 8, 13.25, 9.25], "texture": "#1"},
				"south": {"uv": [13.5, 6.75, 13.625, 8], "texture": "#1"},
				"west": {"uv": [13, 9.25, 13.25, 10.5], "texture": "#1"},
				"up": {"uv": [13.875, 10.5, 13.75, 10.25], "texture": "#1"},
				"down": {"uv": [10.625, 13.75, 10.5, 14], "texture": "#1"}
			}
		},
		{
			"name": "hexadecagon",
			"from": [7.90054, 10.25, 11],
			"to": [8.09946, 15.25, 12],
			"rotation": {"angle": 22.5, "axis": "y", "origin": [8, 12.75, 11.5]},
			"faces": {
				"north": {"uv": [13.5, 8, 13.625, 9.25], "texture": "#1"},
				"east": {"uv": [13, 10.5, 13.25, 11.75], "texture": "#1"},
				"south": {"uv": [13.5, 9.25, 13.625, 10.5], "texture": "#1"},
				"west": {"uv": [13, 11.75, 13.25, 13], "texture": "#1"},
				"up": {"uv": [13.875, 10.75, 13.75, 10.5], "texture": "#1"},
				"down": {"uv": [10.875, 13.75, 10.75, 14], "texture": "#1"}
			}
		},
		{
			"name": "hexadecagon",
			"from": [7.90054, 10.25, 11],
			"to": [8.09946, 15.25, 12],
			"rotation": {"angle": 45, "axis": "y", "origin": [8, 12.75, 11.5]},
			"faces": {
				"north": {"uv": [13.5, 10.5, 13.625, 11.75], "texture": "#1"},
				"east": {"uv": [13, 13, 13.25, 14.25], "texture": "#1"},
				"south": {"uv": [13.5, 11.75, 13.625, 13], "texture": "#1"},
				"west": {"uv": [13.25, 3, 13.5, 4.25], "texture": "#1"},
				"up": {"uv": [13.875, 11, 13.75, 10.75], "texture": "#1"},
				"down": {"uv": [11.125, 13.75, 11, 14], "texture": "#1"}
			}
		},
		{
			"name": "hexadecagon",
			"from": [7.5, 10.25, 11.40054],
			"to": [8.5, 15.25, 11.59946],
			"rotation": {"angle": -22.5, "axis": "y", "origin": [8, 12.75, 11.5]},
			"faces": {
				"north": {"uv": [13.25, 4.25, 13.5, 5.5], "texture": "#1"},
				"east": {"uv": [13.5, 13, 13.625, 14.25], "texture": "#1"},
				"south": {"uv": [13.25, 5.5, 13.5, 6.75], "texture": "#1"},
				"west": {"uv": [13.75, 3, 13.875, 4.25], "texture": "#1"},
				"up": {"uv": [14, 11.125, 13.75, 11], "texture": "#1"},
				"down": {"uv": [11.5, 13.75, 11.25, 13.875], "texture": "#1"}
			}
		},
		{
			"name": "hexadecagon",
			"from": [7.5, 10.25, 11.40054],
			"to": [8.5, 15.25, 11.59946],
			"rotation": {"angle": 0, "axis": "y", "origin": [8, 12.75, 11.5]},
			"faces": {
				"north": {"uv": [13.25, 6.75, 13.5, 8], "texture": "#1"},
				"east": {"uv": [13.75, 4.25, 13.875, 5.5], "texture": "#1"},
				"south": {"uv": [13.25, 8, 13.5, 9.25], "texture": "#1"},
				"west": {"uv": [13.75, 5.5, 13.875, 6.75], "texture": "#1"},
				"up": {"uv": [14, 11.375, 13.75, 11.25], "texture": "#1"},
				"down": {"uv": [11.75, 13.75, 11.5, 13.875], "texture": "#1"}
			}
		},
		{
			"name": "hexadecagon",
			"from": [7.5, 10.25, 11.40054],
			"to": [8.5, 15.25, 11.59946],
			"rotation": {"angle": 22.5, "axis": "y", "origin": [8, 12.75, 11.5]},
			"faces": {
				"north": {"uv": [13.25, 9.25, 13.5, 10.5], "texture": "#1"},
				"east": {"uv": [13.75, 6.75, 13.875, 8], "texture": "#1"},
				"south": {"uv": [13.25, 10.5, 13.5, 11.75], "texture": "#1"},
				"west": {"uv": [13.75, 8, 13.875, 9.25], "texture": "#1"},
				"up": {"uv": [14, 11.625, 13.75, 11.5], "texture": "#1"},
				"down": {"uv": [12, 13.75, 11.75, 13.875], "texture": "#1"}
			}
		}
	],
	"display": {
		"thirdperson_righthand": {
			"scale": [0.5, 0.5, 0.5]
		},
		"thirdperson_lefthand": {
			"scale": [0.5, 0.5, 0.5]
		},
		"ground": {
			"translation": [0, 5.75, 0]
		},
		"gui": {
			"rotation": [19.03, -26.21, 8.65]
		},
		"head": {
			"translation": [0, 14.25, 0]
		},
		"fixed": {
			"rotation": [-90, 0, 0],
			"translation": [0, 0, -22],
			"scale": [3, 3, 3]
		}
	},
	"groups": [
		{
			"name": "hexadecagon",
			"origin": [8, 8, 8],
			"color": 0,
			"children": [0, 1, 2, 3, 4, 5, 6, 7]
		},
		{
			"name": "hexadecagon",
			"origin": [8, 8, 8],
			"color": 0,
			"children": [8, 9, 10, 11, 12, 13, 14, 15]
		}
	]
}
