{
	"__comment": "Designed by - with BDcraft Cubik PRO 0.91 Beta - http://bdcraft.net",
	"textures": {
		"texture": "item/golden_stunstick"
	},
	"elements": [
		{
			"from": [ 7.5, 4, 8 ],
			"to": [ 8, 11.75, 8.5 ],
			"faces": {
				"down": { "uv": [ 13, 6, 14, 16 ], "texture": "#texture" },
				"up": { "uv": [ 13, 6, 14, 16 ], "texture": "#texture" },
				"north": { "uv": [ 13, 6, 14, 16 ], "texture": "#texture" },
				"south": { "uv": [ 13, 6, 14, 16 ], "texture": "#texture" },
				"west": { "uv": [ 13, 6, 14, 16 ], "texture": "#texture" },
				"east": { "uv": [ 13, 6, 14, 16 ], "texture": "#texture" }
			}
		},
		{
			"from": [ 7.25, 11.75, 7.75 ],
			"to": [ 8.25, 12, 8.75 ],
			"faces": {
				"down": { "uv": [ 13, 6, 14, 14.5 ], "texture": "#texture" },
				"up": { "uv": [ 13, 6, 14, 14.5 ], "texture": "#texture" },
				"north": { "uv": [ 13, 6, 14, 14.5 ], "texture": "#texture" },
				"south": { "uv": [ 13, 6, 14, 14.5 ], "texture": "#texture" },
				"west": { "uv": [ 13, 6, 14, 14.5 ], "texture": "#texture" },
				"east": { "uv": [ 13, 6, 14, 14.5 ], "texture": "#texture" }
			}
		},
		{
			"from": [ 7.625, 12, 8.125 ],
			"to": [ 7.875, 13.5, 8.375 ],
			"faces": {
				"down": { "uv": [ 7.5, 7.5, 8, 8 ], "texture": "#texture" },
				"north": { "uv": [ 8, 7, 8.5, 7.5 ], "texture": "#texture" },
				"south": { "uv": [ 8, 7, 8.5, 7.5 ], "texture": "#texture" },
				"west": { "uv": [ 7, 8, 7.5, 8.5 ], "texture": "#texture" },
				"east": { "uv": [ 7, 8, 7.5, 8.5 ], "texture": "#texture" }
			}
		},
		{
			"from": [ 7.75, 11.375, 8 ],
			"to": [ 8.25, 11.625, 8.5 ],
			"rotation": { "origin": [ 7.75, 11.625, 8 ], "axis": "z", "angle": 45 },
			"faces": {
				"down": { "uv": [ 13, 6, 14, 14.5 ], "texture": "#texture" },
				"up": { "uv": [ 13, 6, 14, 14.5 ], "texture": "#texture" },
				"north": { "uv": [ 13, 6, 14, 14.5 ], "texture": "#texture" },
				"south": { "uv": [ 13, 6, 14, 14.5 ], "texture": "#texture" },
				"west": { "uv": [ 13, 6, 14, 14.5 ], "texture": "#texture" },
				"east": { "uv": [ 13, 6, 14, 14.5 ], "texture": "#texture" }
			}
		},
		{
			"from": [ 7.25, 13.25, 7.75 ],
			"to": [ 8.25, 13.5, 8.75 ],
			"faces": {
				"down": { "uv": [ 13, 6, 13.5, 12.25 ], "texture": "#texture" },
				"up": { "uv": [ 13, 6, 13.5, 12.25 ], "texture": "#texture" },
				"north": { "uv": [ 13, 6, 13.5, 12.5 ], "texture": "#texture" },
				"south": { "uv": [ 13, 6, 13.5, 12.5 ], "texture": "#texture" },
				"west": { "uv": [ 13, 6, 13.5, 12.5 ], "texture": "#texture" },
				"east": { "uv": [ 13, 6, 13.5, 12.5 ], "texture": "#texture" }
			}
		},
		{
			"from": [ 7.4375, 11.6875, 8 ],
			"to": [ 7.9375, 11.9375, 8.5 ],
			"rotation": { "origin": [ 7.4375, 11.9375, 8 ], "axis": "z", "angle": -45 },
			"faces": {
				"down": { "uv": [ 13, 6, 14, 14.5 ], "texture": "#texture" },
				"up": { "uv": [ 13, 6, 14, 14.5 ], "texture": "#texture" },
				"north": { "uv": [ 13, 6, 14, 14.5 ], "texture": "#texture" },
				"south": { "uv": [ 13, 6, 14, 14.5 ], "texture": "#texture" },
				"west": { "uv": [ 13, 6, 14, 14.5 ], "texture": "#texture" },
				"east": { "uv": [ 13, 6, 14, 14.5 ], "texture": "#texture" }
			}
		},
		{
			"from": [ 7.5, 11.75, 7.9375 ],
			"to": [ 8, 12, 8.4375 ],
			"rotation": { "origin": [ 7.5, 12, 7.9375 ], "axis": "x", "angle": 45 },
			"faces": {
				"down": { "uv": [ 13, 6, 14, 14.5 ], "texture": "#texture" },
				"up": { "uv": [ 13, 6, 14, 14.5 ], "texture": "#texture" },
				"north": { "uv": [ 13, 6, 14, 14.5 ], "texture": "#texture" },
				"south": { "uv": [ 13, 6, 14, 14.5 ], "texture": "#texture" },
				"west": { "uv": [ 13, 6, 14, 14.5 ], "texture": "#texture" },
				"east": { "uv": [ 13, 6, 14, 14.5 ], "texture": "#texture" }
			}
		},
		{
			"from": [ 7.5, 11.375, 8.25 ],
			"to": [ 8, 11.625, 8.75 ],
			"rotation": { "origin": [ 7.5, 11.625, 8.25 ], "axis": "x", "angle": -45 },
			"faces": {
				"down": { "uv": [ 13, 6, 14, 14.5 ], "texture": "#texture" },
				"up": { "uv": [ 13, 6, 14, 14.5 ], "texture": "#texture" },
				"north": { "uv": [ 13, 6, 14, 14.5 ], "texture": "#texture" },
				"south": { "uv": [ 13, 6, 14, 14.5 ], "texture": "#texture" },
				"west": { "uv": [ 13, 6, 14, 14.5 ], "texture": "#texture" },
				"east": { "uv": [ 13, 6, 14, 14.5 ], "texture": "#texture" }
			}
		},
		{
			"from": [ 7.8125, 11.9375, 7.9375 ],
			"to": [ 8.0625, 13.25, 8.1875 ],
			"faces": {
				"down": { "uv": [ 12.25, 1.5, 12.75, 3.25 ], "texture": "#texture" },
				"up": { "uv": [ 12.25, 1.5, 12.75, 3.25 ], "texture": "#texture" },
				"north": { "uv": [ 12.25, 1.5, 12.75, 3.25 ], "texture": "#texture" },
				"south": { "uv": [ 12.25, 1.5, 12.75, 3.25 ], "texture": "#texture" },
				"west": { "uv": [ 12.25, 1.5, 12.75, 3.25 ], "texture": "#texture" },
				"east": { "uv": [ 12.25, 1.5, 12.75, 3.25 ], "texture": "#texture" }
			}
		},
		{
			"from": [ 7.4375, 11.9375, 7.9375 ],
			"to": [ 7.6875, 13.25, 8.1875 ],
			"faces": {
				"down": { "uv": [ 12.25, 1.5, 12.75, 3.25 ], "texture": "#texture" },
				"up": { "uv": [ 12.25, 1.5, 12.75, 3.25 ], "texture": "#texture" },
				"north": { "uv": [ 12.25, 1.5, 12.75, 3.25 ], "texture": "#texture" },
				"south": { "uv": [ 12.25, 1.5, 12.75, 3.25 ], "texture": "#texture" },
				"west": { "uv": [ 12.25, 1.5, 12.75, 3.25 ], "texture": "#texture" },
				"east": { "uv": [ 12.25, 1.5, 12.75, 3.25 ], "texture": "#texture" }
			}
		},
		{
			"from": [ 7.75, 11.9375, 8.25 ],
			"to": [ 8, 13.25, 8.5 ],
			"faces": {
				"down": { "uv": [ 12.25, 1.5, 12.75, 3.25 ], "texture": "#texture" },
				"up": { "uv": [ 12.25, 1.5, 12.75, 3.25 ], "texture": "#texture" },
				"north": { "uv": [ 12.25, 1.5, 12.75, 3.25 ], "texture": "#texture" },
				"south": { "uv": [ 12.25, 1.5, 12.75, 3.25 ], "texture": "#texture" },
				"west": { "uv": [ 12.25, 1.5, 12.75, 3.25 ], "texture": "#texture" },
				"east": { "uv": [ 12.25, 1.5, 12.75, 3.25 ], "texture": "#texture" }
			}
		},
		{
			"from": [ 7.375, 11.9375, 8.25 ],
			"to": [ 7.625, 13.25, 8.5 ],
			"faces": {
				"down": { "uv": [ 12.25, 1.5, 12.75, 3.25 ], "texture": "#texture" },
				"up": { "uv": [ 12.25, 1.5, 12.75, 3.25 ], "texture": "#texture" },
				"north": { "uv": [ 12.25, 1.5, 12.75, 3.25 ], "texture": "#texture" },
				"south": { "uv": [ 12.25, 1.5, 12.75, 3.25 ], "texture": "#texture" },
				"west": { "uv": [ 12.25, 1.5, 12.75, 3.25 ], "texture": "#texture" },
				"east": { "uv": [ 12.25, 1.5, 12.75, 3.25 ], "texture": "#texture" }
			}
		},
		{
			"from": [ 7.9375, 11.9375, 8.4375 ],
			"to": [ 8.1875, 13.3125, 8.6875 ],
			"faces": {
				"down": { "uv": [ 13.5, 6, 14, 7.75 ], "texture": "#texture" },
				"up": { "uv": [ 13.5, 6, 14, 7.75 ], "texture": "#texture" },
				"north": { "uv": [ 13.5, 6.25, 14, 8 ], "texture": "#texture" },
				"south": { "uv": [ 13.5, 6.25, 14, 8 ], "texture": "#texture" },
				"west": { "uv": [ 13.5, 6, 14, 7.75 ], "texture": "#texture" },
				"east": { "uv": [ 13.5, 6, 14, 7.75 ], "texture": "#texture" }
			}
		},
		{
			"from": [ 7.25, 11.875, 8.4375 ],
			"to": [ 7.5, 13.25, 8.6875 ],
			"faces": {
				"down": { "uv": [ 13.5, 6, 14, 7.75 ], "texture": "#texture" },
				"up": { "uv": [ 13.5, 6, 14, 7.75 ], "texture": "#texture" },
				"north": { "uv": [ 13.5, 6.25, 14, 8 ], "texture": "#texture" },
				"south": { "uv": [ 13.5, 6.25, 14, 8 ], "texture": "#texture" },
				"west": { "uv": [ 13.5, 6, 14, 7.75 ], "texture": "#texture" },
				"east": { "uv": [ 13.5, 6, 14, 7.75 ], "texture": "#texture" }
			}
		},
		{
			"from": [ 8, 11.9375, 7.75 ],
			"to": [ 8.25, 13.3125, 8 ],
			"faces": {
				"down": { "uv": [ 13.5, 6, 14, 7.75 ], "texture": "#texture" },
				"up": { "uv": [ 13.5, 6, 14, 7.75 ], "texture": "#texture" },
				"north": { "uv": [ 13.5, 6.25, 14, 8 ], "texture": "#texture" },
				"south": { "uv": [ 13.5, 6.25, 14, 8 ], "texture": "#texture" },
				"west": { "uv": [ 13.5, 6, 14, 7.75 ], "texture": "#texture" },
				"east": { "uv": [ 13.5, 6, 14, 7.75 ], "texture": "#texture" }
			}
		},
		{
			"from": [ 7.3125, 11.9375, 7.75 ],
			"to": [ 7.5625, 13.3125, 8 ],
			"faces": {
				"down": { "uv": [ 13.5, 6, 14, 7.75 ], "texture": "#texture" },
				"up": { "uv": [ 13.5, 6, 14, 7.75 ], "texture": "#texture" },
				"north": { "uv": [ 13.5, 6.25, 14, 8 ], "texture": "#texture" },
				"south": { "uv": [ 13.5, 6.25, 14, 8 ], "texture": "#texture" },
				"west": { "uv": [ 13.5, 6, 14, 7.75 ], "texture": "#texture" },
				"east": { "uv": [ 13.5, 6, 14, 7.75 ], "texture": "#texture" }
			}
		},
		{
			"from": [ 7.25, 6.5, 7.75 ],
			"to": [ 8.25, 6.75, 8.75 ],
			"faces": {
				"down": { "uv": [ 13.5, 6, 14, 7 ], "texture": "#texture" },
				"up": { "uv": [ 13.5, 6, 14, 7 ], "texture": "#texture" },
				"north": { "uv": [ 13.5, 6, 14, 7 ], "texture": "#texture" },
				"south": { "uv": [ 13.5, 6, 14, 7 ], "texture": "#texture" },
				"west": { "uv": [ 13.5, 6, 14, 7 ], "texture": "#texture" },
				"east": { "uv": [ 13.5, 6, 14, 7 ], "texture": "#texture" }
			}
		}
	],
	"display": {
		"thirdperson_righthand": {
			"rotation":  [ 4, 180, -4 ],
			"translation":  [ -1.13, 2.83, 2.65 ],
			"scale":  [ 1.7, 1.61, 1.73 ]
		},
		"thirdperson_lefthand": {
			"rotation":  [ 4, 180, -4 ],
			"translation":  [ -0.38, 2.83, 2.65 ],
			"scale":  [ 1.7, 1.61, 1.73 ]
		},
		"firstperson_righthand": {
			"rotation":  [ 9, 180, -1 ],
			"translation":  [ -4.54, 4.6656, 5.1 ],
			"scale":  [ 0.82, 0.94, 0.76 ]
		},
		"firstperson_lefthand": {
			"rotation":  [ 9, 180, -6 ],
			"translation":  [ -2.782, 5.3613, 5.09 ],
			"scale":  [ 0.82, 0.94, 0.76 ]
		},
		"gui": {
			"rotation":  [ 40, 37, -31 ],
			"translation":  [ -0.76, -0.57, 0 ],
			"scale":  [ 1.5, 1.5, 1.5 ]
		},
		"head": {
			"rotation":  [ 119, 0, 0 ],
			"translation":  [ 0.38, 7.94, -3.78 ],
			"scale":  [ 3, 3, 3 ]
		},
		"ground": {
			"rotation":  [ -43, -13, 0 ],
			"translation":  [ 0, 2, 0 ],
			"scale":  [ 0.8, 0.8, 0.8 ]
		},
		"fixed": {
			"rotation":  [ -1, 180, -44 ],
			"translation":  [ 1.13, -1.51, 0 ],
			"scale":  [ 2, 2, 2 ]
		}
	}
}