{
	"credit": "CMD28",
	"texture_size": [32, 32],
	"textures": {
		"2": "item/modeldata/props/static_npcs/barnacle"
	},
	"elements": [
		{
			"name": "octagon",
			"from": [6.55025, 22.5, 4.5],
			"to": [9.44975, 30, 7],
			"rotation": {"angle": 45, "axis": "y", "origin": [8, 25, 8]},
			"faces": {
				"north": {"uv": [1, 5.5, 1.75, 7.5], "texture": "#2"},
				"east": {"uv": [1.75, 5.5, 2.5, 7.5], "texture": "#2"},
				"south": {"uv": [7, 7, 7.75, 9], "texture": "#2"},
				"west": {"uv": [7.25, 0, 8, 2], "texture": "#2"},
				"up": {"uv": [5.5, 7, 4.75, 6.25], "texture": "#2"},
				"down": {"uv": [6.25, 10, 5.5, 10.75], "texture": "#2"}
			}
		},
		{
			"name": "octagon",
			"from": [6.55025, 22, 4.7],
			"to": [9.44975, 22.5, 6.9],
			"rotation": {"angle": 45, "axis": "y", "origin": [8, 25, 8]},
			"faces": {
				"north": {"uv": [6.75, 11.75, 7.5, 12], "texture": "#2"},
				"east": {"uv": [8, 6.75, 8.5, 7], "texture": "#2"},
				"south": {"uv": [9.75, 11.75, 10.5, 12], "texture": "#2"},
				"west": {"uv": [9.5, 5.75, 10, 6], "texture": "#2"},
				"up": {"uv": [4.75, 11.75, 4, 11.25], "texture": "#2"},
				"down": {"uv": [12.25, 2.75, 11.5, 3.25], "texture": "#2"}
			}
		},
		{
			"name": "octagon",
			"from": [6.55025, 22.5, 9],
			"to": [9.44975, 30, 11.5],
			"rotation": {"angle": 45, "axis": "y", "origin": [8, 25, 8]},
			"faces": {
				"north": {"uv": [7.25, 2, 8, 4], "texture": "#2"},
				"east": {"uv": [2.5, 7.25, 3.25, 9.25], "texture": "#2"},
				"south": {"uv": [3.25, 7.25, 4, 9.25], "texture": "#2"},
				"west": {"uv": [4, 7.25, 4.75, 9.25], "texture": "#2"},
				"up": {"uv": [7, 10.75, 6.25, 10], "texture": "#2"},
				"down": {"uv": [11, 0, 10.25, 0.75], "texture": "#2"}
			}
		},
		{
			"name": "octagon",
			"from": [6.55025, 22, 9],
			"to": [9.44975, 22.5, 11.2],
			"rotation": {"angle": 45, "axis": "y", "origin": [8, 25, 8]},
			"faces": {
				"north": {"uv": [10.5, 11.75, 11.25, 12], "texture": "#2"},
				"east": {"uv": [3.5, 11.25, 4, 11.5], "texture": "#2"},
				"south": {"uv": [11.25, 11.75, 12, 12], "texture": "#2"},
				"west": {"uv": [12.25, 2.75, 12.75, 3], "texture": "#2"},
				"up": {"uv": [12.25, 3.75, 11.5, 3.25], "texture": "#2"},
				"down": {"uv": [12.25, 3.75, 11.5, 4.25], "texture": "#2"}
			}
		},
		{
			"name": "octagon",
			"from": [6.55025, 22.5, 9],
			"to": [9.44975, 30, 11.5],
			"rotation": {"angle": 0, "axis": "y", "origin": [8, 25, 8]},
			"faces": {
				"north": {"uv": [1, 7.5, 1.75, 9.5], "texture": "#2"},
				"east": {"uv": [1.75, 7.5, 2.5, 9.5], "texture": "#2"},
				"south": {"uv": [0, 7.75, 0.75, 9.75], "texture": "#2"},
				"west": {"uv": [7.75, 7, 8.5, 9], "texture": "#2"},
				"up": {"uv": [11, 1.5, 10.25, 0.75], "texture": "#2"},
				"down": {"uv": [9.25, 10.25, 8.5, 11], "texture": "#2"}
			}
		},
		{
			"name": "octagon",
			"from": [6.55025, 22, 9],
			"to": [9.44975, 22.5, 11.2],
			"rotation": {"angle": 0, "axis": "y", "origin": [8, 25, 8]},
			"faces": {
				"north": {"uv": [11.75, 11.25, 12.5, 11.5], "texture": "#2"},
				"east": {"uv": [3, 12.25, 3.5, 12.5], "texture": "#2"},
				"south": {"uv": [11.75, 11.5, 12.5, 11.75], "texture": "#2"},
				"west": {"uv": [12.25, 3, 12.75, 3.25], "texture": "#2"},
				"up": {"uv": [12.25, 4.75, 11.5, 4.25], "texture": "#2"},
				"down": {"uv": [12.25, 4.75, 11.5, 5.25], "texture": "#2"}
			}
		},
		{
			"name": "octagon",
			"from": [6.55025, 22.5, 4.5],
			"to": [9.44975, 30, 7],
			"rotation": {"angle": 0, "axis": "y", "origin": [8, 25, 8]},
			"faces": {
				"north": {"uv": [8, 0, 8.75, 2], "texture": "#2"},
				"east": {"uv": [8, 2, 8.75, 4], "texture": "#2"},
				"south": {"uv": [8, 4, 8.75, 6], "texture": "#2"},
				"west": {"uv": [4.75, 8, 5.5, 10], "texture": "#2"},
				"up": {"uv": [10, 11, 9.25, 10.25], "texture": "#2"},
				"down": {"uv": [10.75, 10.25, 10, 11], "texture": "#2"}
			}
		},
		{
			"name": "octagon",
			"from": [6.55025, 22, 4.7],
			"to": [9.44975, 22.5, 6.9],
			"rotation": {"angle": 0, "axis": "y", "origin": [8, 25, 8]},
			"faces": {
				"north": {"uv": [0, 12, 0.75, 12.25], "texture": "#2"},
				"east": {"uv": [12.25, 3.25, 12.75, 3.5], "texture": "#2"},
				"south": {"uv": [0.75, 12, 1.5, 12.25], "texture": "#2"},
				"west": {"uv": [3.5, 12.25, 4, 12.5], "texture": "#2"},
				"up": {"uv": [12.25, 5.75, 11.5, 5.25], "texture": "#2"},
				"down": {"uv": [6.25, 11.5, 5.5, 12], "texture": "#2"}
			}
		},
		{
			"name": "octagon",
			"from": [7, 21, 10.5],
			"to": [7.7, 24.2, 11.2],
			"rotation": {"angle": 22.5, "axis": "x", "origin": [8, 25, 8]},
			"faces": {
				"north": {"uv": [2.5, 5.5, 2.75, 6.25], "texture": "#2"},
				"east": {"uv": [2.5, 6.25, 2.75, 7], "texture": "#2"},
				"south": {"uv": [5.5, 6.25, 5.75, 7], "texture": "#2"},
				"west": {"uv": [0.75, 7.75, 1, 8.5], "texture": "#2"},
				"up": {"uv": [2.75, 7.25, 2.5, 7], "texture": "#2"},
				"down": {"uv": [1, 9.25, 0.75, 9.5], "texture": "#2"}
			}
		},
		{
			"name": "octagon",
			"from": [7.9, 21.4, 4.5],
			"to": [8.6, 24, 5.2],
			"rotation": {"angle": -22.5, "axis": "x", "origin": [8, 25, 8]},
			"faces": {
				"north": {"uv": [0.75, 8.5, 1, 9.25], "texture": "#2"},
				"east": {"uv": [2.25, 9.5, 2.5, 10.25], "texture": "#2"},
				"south": {"uv": [2.25, 10.25, 2.5, 11], "texture": "#2"},
				"west": {"uv": [5, 11.75, 5.25, 12.5], "texture": "#2"},
				"up": {"uv": [2.5, 11.25, 2.25, 11], "texture": "#2"},
				"down": {"uv": [7, 11.5, 6.75, 11.75], "texture": "#2"}
			}
		},
		{
			"name": "octagon",
			"from": [9, 22.5, 6.55025],
			"to": [11.5, 30, 9.44975],
			"rotation": {"angle": 45, "axis": "y", "origin": [8, 25, 8]},
			"faces": {
				"north": {"uv": [5.5, 8, 6.25, 10], "texture": "#2"},
				"east": {"uv": [6.25, 8, 7, 10], "texture": "#2"},
				"south": {"uv": [8.5, 6, 9.25, 8], "texture": "#2"},
				"west": {"uv": [8.5, 8, 9.25, 10], "texture": "#2"},
				"up": {"uv": [11.5, 5.75, 10.75, 5], "texture": "#2"},
				"down": {"uv": [6.25, 10.75, 5.5, 11.5], "texture": "#2"}
			}
		},
		{
			"name": "octagon",
			"from": [9, 22, 6.55025],
			"to": [11.2, 22.5, 9.44975],
			"rotation": {"angle": 45, "axis": "y", "origin": [8, 25, 8]},
			"faces": {
				"north": {"uv": [12.25, 3.5, 12.75, 3.75], "texture": "#2"},
				"east": {"uv": [1.5, 12, 2.25, 12.25], "texture": "#2"},
				"south": {"uv": [12.25, 3.75, 12.75, 4], "texture": "#2"},
				"west": {"uv": [2.25, 12, 3, 12.25], "texture": "#2"},
				"up": {"uv": [8.5, 6.75, 8, 6], "texture": "#2"},
				"down": {"uv": [10, 5, 9.5, 5.75], "texture": "#2"}
			}
		},
		{
			"name": "octagon",
			"from": [4.5, 22.5, 6.55025],
			"to": [7, 30, 9.44975],
			"rotation": {"angle": 45, "axis": "y", "origin": [8, 25, 8]},
			"faces": {
				"north": {"uv": [8.75, 0, 9.5, 2], "texture": "#2"},
				"east": {"uv": [8.75, 2, 9.5, 4], "texture": "#2"},
				"south": {"uv": [8.75, 4, 9.5, 6], "texture": "#2"},
				"west": {"uv": [7, 9, 7.75, 11], "texture": "#2"},
				"up": {"uv": [11.5, 6.5, 10.75, 5.75], "texture": "#2"},
				"down": {"uv": [7, 10.75, 6.25, 11.5], "texture": "#2"}
			}
		},
		{
			"name": "octagon",
			"from": [4.7, 22, 6.55025],
			"to": [6.9, 22.5, 9.44975],
			"rotation": {"angle": 45, "axis": "y", "origin": [8, 25, 8]},
			"faces": {
				"north": {"uv": [4, 12.25, 4.5, 12.5], "texture": "#2"},
				"east": {"uv": [3, 12, 3.75, 12.25], "texture": "#2"},
				"south": {"uv": [12.25, 4, 12.75, 4.25], "texture": "#2"},
				"west": {"uv": [3.75, 12, 4.5, 12.25], "texture": "#2"},
				"up": {"uv": [12, 6.5, 11.5, 5.75], "texture": "#2"},
				"down": {"uv": [6.75, 11.5, 6.25, 12.25], "texture": "#2"}
			}
		},
		{
			"name": "octagon",
			"from": [4.5, 22.5, 6.55025],
			"to": [7, 29.5, 9.44975],
			"rotation": {"angle": 0, "axis": "y", "origin": [8, 25, 8]},
			"faces": {
				"north": {"uv": [1.5, 9.5, 2.25, 11.25], "texture": "#2"},
				"east": {"uv": [0, 9.75, 0.75, 11.5], "texture": "#2"},
				"south": {"uv": [4.75, 10, 5.5, 11.75], "texture": "#2"},
				"west": {"uv": [10, 5, 10.75, 6.75], "texture": "#2"},
				"up": {"uv": [11.5, 11, 10.75, 10.25], "texture": "#2"},
				"down": {"uv": [11.75, 0, 11, 0.75], "texture": "#2"}
			}
		},
		{
			"name": "octagon",
			"from": [4.7, 22, 6.55025],
			"to": [6.9, 22.5, 9.44975],
			"rotation": {"angle": 0, "axis": "y", "origin": [8, 25, 8]},
			"faces": {
				"north": {"uv": [12.25, 4.25, 12.75, 4.5], "texture": "#2"},
				"east": {"uv": [5.25, 12, 6, 12.25], "texture": "#2"},
				"south": {"uv": [12.25, 4.5, 12.75, 4.75], "texture": "#2"},
				"west": {"uv": [12, 5.75, 12.75, 6], "texture": "#2"},
				"up": {"uv": [8.25, 12.25, 7.75, 11.5], "texture": "#2"},
				"down": {"uv": [8.75, 11.5, 8.25, 12.25], "texture": "#2"}
			}
		},
		{
			"name": "octagon",
			"from": [9, 22.5, 6.55025],
			"to": [11.5, 30, 9.44975],
			"rotation": {"angle": 0, "axis": "y", "origin": [8, 25, 8]},
			"faces": {
				"north": {"uv": [7.75, 9, 8.5, 11], "texture": "#2"},
				"east": {"uv": [2.5, 9.25, 3.25, 11.25], "texture": "#2"},
				"south": {"uv": [3.25, 9.25, 4, 11.25], "texture": "#2"},
				"west": {"uv": [4, 9.25, 4.75, 11.25], "texture": "#2"},
				"up": {"uv": [11.75, 1.5, 11, 0.75], "texture": "#2"},
				"down": {"uv": [7.75, 11, 7, 11.75], "texture": "#2"}
			}
		},
		{
			"name": "octagon",
			"from": [9, 22, 6.55025],
			"to": [11.2, 22.5, 9.44975],
			"rotation": {"angle": 0, "axis": "y", "origin": [8, 25, 8]},
			"faces": {
				"north": {"uv": [12.25, 4.75, 12.75, 5], "texture": "#2"},
				"east": {"uv": [12, 6, 12.75, 6.25], "texture": "#2"},
				"south": {"uv": [12.25, 5, 12.75, 5.25], "texture": "#2"},
				"west": {"uv": [12, 6.25, 12.75, 6.5], "texture": "#2"},
				"up": {"uv": [9.25, 12.25, 8.75, 11.5], "texture": "#2"},
				"down": {"uv": [9.75, 11.5, 9.25, 12.25], "texture": "#2"}
			}
		},
		{
			"name": "octagon",
			"from": [4.5, 21, 7],
			"to": [5.2, 24, 7.7],
			"rotation": {"angle": 22.5, "axis": "z", "origin": [8, 25, 8]},
			"faces": {
				"north": {"uv": [7.5, 11.75, 7.75, 12.5], "texture": "#2"},
				"east": {"uv": [4.5, 12, 4.75, 12.75], "texture": "#2"},
				"south": {"uv": [4.75, 12, 5, 12.75], "texture": "#2"},
				"west": {"uv": [6, 12, 6.25, 12.75], "texture": "#2"},
				"up": {"uv": [5.5, 12, 5.25, 11.75], "texture": "#2"},
				"down": {"uv": [5.5, 12.25, 5.25, 12.5], "texture": "#2"}
			}
		},
		{
			"name": "octagon",
			"from": [10.5, 21, 7.9],
			"to": [11.2, 24, 8.6],
			"rotation": {"angle": -22.5, "axis": "z", "origin": [8, 25, 8]},
			"faces": {
				"north": {"uv": [6.75, 12, 7, 12.75], "texture": "#2"},
				"east": {"uv": [7, 12, 7.25, 12.75], "texture": "#2"},
				"south": {"uv": [7.25, 12, 7.5, 12.75], "texture": "#2"},
				"west": {"uv": [9.75, 12, 10, 12.75], "texture": "#2"},
				"up": {"uv": [12.5, 5.5, 12.25, 5.25], "texture": "#2"},
				"down": {"uv": [5.75, 12.25, 5.5, 12.5], "texture": "#2"}
			}
		},
		{
			"name": "octagon",
			"from": [5.92893, 31, 3],
			"to": [10.07107, 32, 13],
			"rotation": {"angle": 45, "axis": "y", "origin": [8, 27, 8]},
			"faces": {
				"north": {"uv": [9.75, 11.5, 10.75, 11.75], "texture": "#2"},
				"east": {"uv": [10, 7.75, 12.5, 8], "texture": "#2"},
				"south": {"uv": [11.5, 10.25, 12.5, 10.5], "texture": "#2"},
				"west": {"uv": [10, 8, 12.5, 8.25], "texture": "#2"},
				"up": {"uv": [3.75, 2.5, 2.75, 0], "texture": "#2"},
				"down": {"uv": [3.75, 2.5, 2.75, 5], "texture": "#2"}
			}
		},
		{
			"name": "octagon",
			"from": [5.92893, 31, 3],
			"to": [10.07107, 32, 13],
			"rotation": {"angle": 0, "axis": "y", "origin": [8, 27, 8]},
			"faces": {
				"north": {"uv": [11.5, 10.5, 12.5, 10.75], "texture": "#2"},
				"east": {"uv": [10, 8.25, 12.5, 8.5], "texture": "#2"},
				"south": {"uv": [10.75, 11.5, 11.75, 11.75], "texture": "#2"},
				"west": {"uv": [8.5, 10, 11, 10.25], "texture": "#2"},
				"up": {"uv": [4.75, 2.5, 3.75, 0], "texture": "#2"},
				"down": {"uv": [4.75, 2.5, 3.75, 5], "texture": "#2"}
			}
		},
		{
			"name": "octagon",
			"from": [3, 31, 5.92893],
			"to": [13, 32, 10.07107],
			"rotation": {"angle": 45, "axis": "y", "origin": [8, 27, 8]},
			"faces": {
				"north": {"uv": [10, 8.5, 12.5, 8.75], "texture": "#2"},
				"east": {"uv": [11.5, 10.75, 12.5, 11], "texture": "#2"},
				"south": {"uv": [10, 8.75, 12.5, 9], "texture": "#2"},
				"west": {"uv": [0, 11.75, 1, 12], "texture": "#2"},
				"up": {"uv": [7.25, 1, 4.75, 0], "texture": "#2"},
				"down": {"uv": [7.25, 1, 4.75, 2], "texture": "#2"}
			}
		},
		{
			"from": [2.1, 32, 2.1],
			"to": [13.7, 32, 13.7],
			"rotation": {"angle": 0, "axis": "y", "origin": [0, 15, 0]},
			"faces": {
				"north": {"uv": [0, 0, 6, 0], "texture": "#2"},
				"east": {"uv": [0, 0, 6, 0], "texture": "#2"},
				"south": {"uv": [0, 0, 6, 0], "texture": "#2"},
				"west": {"uv": [0, 0, 6, 0], "texture": "#2"},
				"up": {"uv": [3.5, 16, 0, 12.5], "texture": "#2"},
				"down": {"uv": [3.5, 12.5, 0, 16], "texture": "#2"}
			}
		},
		{
			"from": [6.1, 27, 6.1],
			"to": [9.7, 27, 9.7],
			"rotation": {"angle": 0, "axis": "y", "origin": [0, 15, 0]},
			"faces": {
				"north": {"uv": [10, 6.75, 12.75, 7], "texture": "#2"},
				"east": {"uv": [10, 7, 12.75, 7.25], "texture": "#2"},
				"south": {"uv": [10, 7.25, 12.75, 7.5], "texture": "#2"},
				"west": {"uv": [10, 7.5, 12.75, 7.75], "texture": "#2"},
				"up": {"uv": [2.75, 5.5, 0, 2.75], "texture": "#2"},
				"down": {"uv": [2.75, 2.75, 0, 5.5], "texture": "#2"}
			}
		},
		{
			"name": "octagon",
			"from": [6.34315, 29, 4],
			"to": [9.65685, 30, 12],
			"rotation": {"angle": 0, "axis": "y", "origin": [8, 34, 8]},
			"faces": {
				"north": {"uv": [10, 12, 10.75, 12.25], "texture": "#2"},
				"east": {"uv": [1.5, 11.25, 3.5, 11.5], "texture": "#2"},
				"south": {"uv": [10.75, 12, 11.5, 12.25], "texture": "#2"},
				"west": {"uv": [7.75, 11.25, 9.75, 11.5], "texture": "#2"},
				"up": {"uv": [10, 8, 9.25, 6], "texture": "#2"},
				"down": {"uv": [10, 8, 9.25, 10], "texture": "#2"}
			}
		},
		{
			"name": "octagon",
			"from": [6.34315, 29, 4],
			"to": [9.65685, 30, 12],
			"rotation": {"angle": 45, "axis": "y", "origin": [8, 34, 8]},
			"faces": {
				"north": {"uv": [11.5, 12, 12.25, 12.25], "texture": "#2"},
				"east": {"uv": [9.75, 11.25, 11.75, 11.5], "texture": "#2"},
				"south": {"uv": [12, 11.75, 12.75, 12], "texture": "#2"},
				"west": {"uv": [0, 11.5, 2, 11.75], "texture": "#2"},
				"up": {"uv": [10.25, 2, 9.5, 0], "texture": "#2"},
				"down": {"uv": [1.5, 9.5, 0.75, 11.5], "texture": "#2"}
			}
		},
		{
			"name": "octagon",
			"from": [4, 29, 6.34315],
			"to": [12, 30, 9.65685],
			"rotation": {"angle": 0, "axis": "y", "origin": [8, 34, 8]},
			"faces": {
				"north": {"uv": [2, 11.5, 4, 11.75], "texture": "#2"},
				"east": {"uv": [0, 12.25, 0.75, 12.5], "texture": "#2"},
				"south": {"uv": [11.5, 2, 13.5, 2.25], "texture": "#2"},
				"west": {"uv": [0.75, 12.25, 1.5, 12.5], "texture": "#2"},
				"up": {"uv": [11.5, 2.75, 9.5, 2], "texture": "#2"},
				"down": {"uv": [11.5, 2.75, 9.5, 3.5], "texture": "#2"}
			}
		},
		{
			"name": "octagon",
			"from": [4, 29, 6.34315],
			"to": [12, 30, 9.65685],
			"rotation": {"angle": 45, "axis": "y", "origin": [8, 34, 8]},
			"faces": {
				"north": {"uv": [11.5, 2.25, 13.5, 2.5], "texture": "#2"},
				"east": {"uv": [1.5, 12.25, 2.25, 12.5], "texture": "#2"},
				"south": {"uv": [11.5, 2.5, 13.5, 2.75], "texture": "#2"},
				"west": {"uv": [2.25, 12.25, 3, 12.5], "texture": "#2"},
				"up": {"uv": [11.5, 4.25, 9.5, 3.5], "texture": "#2"},
				"down": {"uv": [11.5, 4.25, 9.5, 5], "texture": "#2"}
			}
		},
		{
			"name": "octagon",
			"from": [6.13604, 30, 3.5],
			"to": [9.86396, 31, 12.5],
			"rotation": {"angle": 45, "axis": "y", "origin": [8, 26, 8]},
			"faces": {
				"north": {"uv": [11.75, 0, 12.75, 0.25], "texture": "#2"},
				"east": {"uv": [10, 9.5, 12.25, 9.75], "texture": "#2"},
				"south": {"uv": [11.75, 0.25, 12.75, 0.5], "texture": "#2"},
				"west": {"uv": [10, 9.75, 12.25, 10], "texture": "#2"},
				"up": {"uv": [5.75, 6.25, 4.75, 4], "texture": "#2"},
				"down": {"uv": [3.75, 5, 2.75, 7.25], "texture": "#2"}
			}
		},
		{
			"name": "octagon",
			"from": [6.13604, 30, 3.5],
			"to": [9.86396, 31, 12.5],
			"rotation": {"angle": 0, "axis": "y", "origin": [8, 26, 8]},
			"faces": {
				"north": {"uv": [11.75, 0.5, 12.75, 0.75], "texture": "#2"},
				"east": {"uv": [10.25, 1.5, 12.5, 1.75], "texture": "#2"},
				"south": {"uv": [11.75, 0.75, 12.75, 1], "texture": "#2"},
				"west": {"uv": [10.25, 1.75, 12.5, 2], "texture": "#2"},
				"up": {"uv": [4.75, 7.25, 3.75, 5], "texture": "#2"},
				"down": {"uv": [1, 5.5, 0, 7.75], "texture": "#2"}
			}
		},
		{
			"name": "octagon",
			"from": [3.5, 30, 6.13604],
			"to": [12.5, 31, 9.86396],
			"rotation": {"angle": 45, "axis": "y", "origin": [8, 26, 8]},
			"faces": {
				"north": {"uv": [10.75, 6.5, 13, 6.75], "texture": "#2"},
				"east": {"uv": [1, 11.75, 2, 12], "texture": "#2"},
				"south": {"uv": [7.75, 11, 10, 11.25], "texture": "#2"},
				"west": {"uv": [11.75, 1, 12.75, 1.25], "texture": "#2"},
				"up": {"uv": [8, 5, 5.75, 4], "texture": "#2"},
				"down": {"uv": [8, 5, 5.75, 6], "texture": "#2"}
			}
		},
		{
			"name": "octagon",
			"from": [3, 31, 5.92893],
			"to": [13, 32, 10.07107],
			"rotation": {"angle": 0, "axis": "y", "origin": [8, 27, 8]},
			"faces": {
				"north": {"uv": [10, 9, 12.5, 9.25], "texture": "#2"},
				"east": {"uv": [11.75, 1.25, 12.75, 1.5], "texture": "#2"},
				"south": {"uv": [10, 9.25, 12.5, 9.5], "texture": "#2"},
				"west": {"uv": [2, 11.75, 3, 12], "texture": "#2"},
				"up": {"uv": [7.25, 3, 4.75, 2], "texture": "#2"},
				"down": {"uv": [7.25, 3, 4.75, 4], "texture": "#2"}
			}
		},
		{
			"name": "octagon",
			"from": [3.5, 30, 6.13604],
			"to": [12.5, 31, 9.86396],
			"rotation": {"angle": 0, "axis": "y", "origin": [8, 26, 8]},
			"faces": {
				"north": {"uv": [10, 11, 12.25, 11.25], "texture": "#2"},
				"east": {"uv": [3, 11.75, 4, 12], "texture": "#2"},
				"south": {"uv": [11, 10, 13.25, 10.25], "texture": "#2"},
				"west": {"uv": [4, 11.75, 5, 12], "texture": "#2"},
				"up": {"uv": [8, 7, 5.75, 6], "texture": "#2"},
				"down": {"uv": [7, 7, 4.75, 8], "texture": "#2"}
			}
		},
		{
			"from": [7.75, 21, 7.75],
			"to": [8.25, 29, 8.25],
			"faces": {
				"north": {"uv": [16, 0, 15.75, 3.5], "texture": "#2"},
				"east": {"uv": [16, 0, 15.75, 3.5], "texture": "#2"},
				"south": {"uv": [16, 0, 15.75, 3.5], "texture": "#2"},
				"west": {"uv": [16, 0, 15.75, 3.5], "texture": "#2"},
				"up": {"uv": [16, 0, 15.75, 0.5], "texture": "#2"},
				"down": {"uv": [16, 0, 15.75, 0.5], "texture": "#2"}
			}
		}
	],
	"display": {
		"thirdperson_righthand": {
			"rotation": [101, 0, 0],
			"translation": [0, 2, -15.25]
		},
		"thirdperson_lefthand": {
			"rotation": [101, 0, 0],
			"translation": [0, 2, -15.25]
		},
		"firstperson_righthand": {
			"rotation": [136, 6, -7],
			"translation": [-2, 13, -13.5]
		},
		"firstperson_lefthand": {
			"rotation": [136, 0, -7],
			"translation": [0, 13.5, -13.25]
		},
		"ground": {
			"rotation": [-180, 0, 0],
			"translation": [0, 20.5, 0]
		},
		"gui": {
			"rotation": [-22, 23, -10],
			"translation": [-3.5, -16.75, 0]
		},
		"head": {
			"translation": [0, -21.5, 0],
			"scale": [2, 2, 2]
		},
		"fixed": {
			"rotation": [90, 0, 0],
			"translation": [0, 0, -56],
			"scale": [2, 2.37, 2]
		}
	},
	"groups": [
		{
			"name": "barnacle",
			"origin": [8, 8, 8],
			"color": 0,
			"children": [0, 1, 2, 3, 4, 5, 6, 7, 8, 9, 10, 11, 12, 13, 14, 15, 16, 17, 18, 19, 20, 21, 22, 23, 24, 25, 26, 27, 28, 29, 30, 31, 32, 33, 34]
		}
	]
}
