{
	"credit": "Made with Blockbench",
	"texture_size": [32, 32],
	"textures": {
		"0": "item/modeldata/props/static_npcs/headcrab"
	},
	"elements": [
		{
			"from": [4, 8.5, 5],
			"to": [12, 10.5, 11],
			"faces": {
				"north": {"uv": [3, 3, 7, 4], "texture": "#0"},
				"east": {"uv": [0, 3, 3, 4], "texture": "#0"},
				"south": {"uv": [10, 3, 14, 4], "texture": "#0"},
				"west": {"uv": [7, 3, 10, 4], "texture": "#0"},
				"up": {"uv": [7, 3, 3, 0], "texture": "#0"},
				"down": {"uv": [11, 0, 7, 3], "texture": "#0"}
			}
		},
		{
			"from": [4, 10.5, 6],
			"to": [12, 11.5, 10],
			"faces": {
				"north": {"uv": [2, 10, 6, 10.5], "texture": "#0"},
				"east": {"uv": [0, 10, 2, 10.5], "texture": "#0"},
				"south": {"uv": [8, 10, 12, 10.5], "texture": "#0"},
				"west": {"uv": [6, 10, 8, 10.5], "texture": "#0"},
				"up": {"uv": [6, 10, 2, 8], "texture": "#0"},
				"down": {"uv": [10, 8, 6, 10], "texture": "#0"}
			}
		},
		{
			"from": [11, 5.78858, 4.30604],
			"to": [12, 9.78858, 5.30604],
			"rotation": {"angle": 45, "axis": "x", "origin": [11.5, 8.28858, 5.55604]},
			"faces": {
				"north": {"uv": [0.5, 4.5, 1, 6.5], "texture": "#0"},
				"east": {"uv": [0, 4.5, 0.5, 6.5], "texture": "#0"},
				"south": {"uv": [1.5, 4.5, 2, 6.5], "texture": "#0"},
				"west": {"uv": [1, 4.5, 1.5, 6.5], "texture": "#0"},
				"up": {"uv": [1, 4.5, 0.5, 4], "texture": "#0"},
				"down": {"uv": [1.5, 4, 1, 4.5], "texture": "#0"}
			}
		},
		{
			"from": [11, 5.19759, 3.81861],
			"to": [12, 8.19759, 4.81861],
			"rotation": {"angle": -45, "axis": "x", "origin": [11.5, 6.69759, 4.31861]},
			"faces": {
				"north": {"uv": [10.5, 11, 11, 12.5], "texture": "#0"},
				"east": {"uv": [10, 11, 10.5, 12.5], "texture": "#0"},
				"south": {"uv": [11.5, 11, 12, 12.5], "texture": "#0"},
				"west": {"uv": [11, 11, 11.5, 12.5], "texture": "#0"},
				"up": {"uv": [11, 11, 10.5, 10.5], "texture": "#0"},
				"down": {"uv": [11.5, 10.5, 11, 11], "texture": "#0"}
			}
		},
		{
			"from": [4, 5.78858, 4.30604],
			"to": [5, 9.78858, 5.30604],
			"rotation": {"angle": 45, "axis": "x", "origin": [4.5, 8.28858, 5.55604]},
			"faces": {
				"north": {"uv": [0.5, 0.5, 1, 2.5], "texture": "#0"},
				"east": {"uv": [0, 0.5, 0.5, 2.5], "texture": "#0"},
				"south": {"uv": [1.5, 0.5, 2, 2.5], "texture": "#0"},
				"west": {"uv": [1, 0.5, 1.5, 2.5], "texture": "#0"},
				"up": {"uv": [1, 0.5, 0.5, 0], "texture": "#0"},
				"down": {"uv": [1.5, 0, 1, 0.5], "texture": "#0"}
			}
		},
		{
			"from": [4, 5.19759, 3.81861],
			"to": [5, 8.19759, 4.81861],
			"rotation": {"angle": -45, "axis": "x", "origin": [4.5, 6.69759, 4.31861]},
			"faces": {
				"north": {"uv": [8.5, 11, 9, 12.5], "texture": "#0"},
				"east": {"uv": [8, 11, 8.5, 12.5], "texture": "#0"},
				"south": {"uv": [9.5, 11, 10, 12.5], "texture": "#0"},
				"west": {"uv": [9, 11, 9.5, 12.5], "texture": "#0"},
				"up": {"uv": [9, 11, 8.5, 10.5], "texture": "#0"},
				"down": {"uv": [9.5, 10.5, 9, 11], "texture": "#0"}
			}
		},
		{
			"from": [5.5, 7.4609, 11.80343],
			"to": [6.5, 10.4609, 12.80343],
			"rotation": {"angle": -22.5, "axis": "x", "origin": [6, 8.4609, 12.30343]},
			"faces": {
				"north": {"uv": [6.5, 11, 7, 12.5], "texture": "#0"},
				"east": {"uv": [6, 11, 6.5, 12.5], "texture": "#0"},
				"south": {"uv": [7.5, 11, 8, 12.5], "texture": "#0"},
				"west": {"uv": [7, 11, 7.5, 12.5], "texture": "#0"},
				"up": {"uv": [7, 11, 6.5, 10.5], "texture": "#0"},
				"down": {"uv": [7.5, 10.5, 7, 11], "texture": "#0"}
			}
		},
		{
			"from": [5.5, 1.52125, 11.23384],
			"to": [6.5, 8.52125, 12.23384],
			"rotation": {"angle": 45, "axis": "x", "origin": [6, 7.02125, 11.73384]},
			"faces": {
				"north": {"uv": [2.5, 11, 3, 14.5], "texture": "#0"},
				"east": {"uv": [2, 11, 2.5, 14.5], "texture": "#0"},
				"south": {"uv": [3.5, 11, 4, 14.5], "texture": "#0"},
				"west": {"uv": [3, 11, 3.5, 14.5], "texture": "#0"},
				"up": {"uv": [3, 11, 2.5, 10.5], "texture": "#0"},
				"down": {"uv": [3.5, 10.5, 3, 11], "texture": "#0"}
			}
		},
		{
			"from": [9.5, 7.4609, 11.80343],
			"to": [10.5, 10.4609, 12.80343],
			"rotation": {"angle": -22.5, "axis": "x", "origin": [10, 8.4609, 12.30343]},
			"faces": {
				"north": {"uv": [4.5, 11, 5, 12.5], "texture": "#0"},
				"east": {"uv": [4, 11, 4.5, 12.5], "texture": "#0"},
				"south": {"uv": [5.5, 11, 6, 12.5], "texture": "#0"},
				"west": {"uv": [5, 11, 5.5, 12.5], "texture": "#0"},
				"up": {"uv": [5, 11, 4.5, 10.5], "texture": "#0"},
				"down": {"uv": [5.5, 10.5, 5, 11], "texture": "#0"}
			}
		},
		{
			"from": [9.5, 1.5, 11.23384],
			"to": [10.5, 8.52125, 12.23384],
			"rotation": {"angle": 45, "axis": "x", "origin": [10, 7.02125, 11.73384]},
			"faces": {
				"north": {"uv": [0.5, 11, 1, 14.5], "texture": "#0"},
				"east": {"uv": [0, 11, 0.5, 14.5], "texture": "#0"},
				"south": {"uv": [1.5, 11, 2, 14.5], "texture": "#0"},
				"west": {"uv": [1, 11, 1.5, 14.5], "texture": "#0"},
				"up": {"uv": [1, 11, 0.5, 10.5], "texture": "#0"},
				"down": {"uv": [1.5, 10.5, 1, 11], "texture": "#0"}
			}
		},
		{
			"from": [9.75, 8.5, 4],
			"to": [10.75, 10.5, 5],
			"rotation": {"angle": 0, "axis": "y", "origin": [-0.25, 1, 2]},
			"faces": {
				"north": {"uv": [11.5, 2, 12, 3], "texture": "#0"},
				"east": {"uv": [11, 2, 11.5, 3], "texture": "#0"},
				"south": {"uv": [12.5, 2, 13, 3], "texture": "#0"},
				"west": {"uv": [12, 2, 12.5, 3], "texture": "#0"},
				"up": {"uv": [12, 2, 11.5, 1.5], "texture": "#0"},
				"down": {"uv": [12.5, 1.5, 12, 2], "texture": "#0"}
			}
		},
		{
			"from": [9.75, 8.14645, 4.56066],
			"to": [10.75, 9.14645, 5.56066],
			"rotation": {"angle": -45, "axis": "x", "origin": [10.25, 8.14645, 5.06066]},
			"faces": {
				"north": {"uv": [12.5, 9, 13, 9.5], "texture": "#0"},
				"east": {"uv": [12, 9, 12.5, 9.5], "texture": "#0"},
				"south": {"uv": [13.5, 9, 14, 9.5], "texture": "#0"},
				"west": {"uv": [13, 9, 13.5, 9.5], "texture": "#0"},
				"up": {"uv": [13, 9, 12.5, 8.5], "texture": "#0"},
				"down": {"uv": [13.5, 8.5, 13, 9], "texture": "#0"}
			}
		},
		{
			"from": [9.75, 7.14645, 4.56066],
			"to": [10.75, 8.14645, 4.56066],
			"rotation": {"angle": -45, "axis": "x", "origin": [10.25, 8.14645, 5.06066]},
			"faces": {
				"north": {"uv": [2, 1.5, 2.5, 2], "texture": "#0"},
				"east": {"uv": [2, 1.5, 2, 2], "texture": "#0"},
				"south": {"uv": [2.5, 1.5, 3, 2], "texture": "#0"},
				"west": {"uv": [2.5, 1.5, 2.5, 2], "texture": "#0"},
				"up": {"uv": [2.5, 1.5, 2, 1.5], "texture": "#0"},
				"down": {"uv": [3, 1.5, 2.5, 1.5], "texture": "#0"}
			}
		},
		{
			"from": [8.25, 7.14645, 4.56066],
			"to": [9.25, 8.14645, 4.56066],
			"rotation": {"angle": -45, "axis": "x", "origin": [10.5, 8.14645, 5.06066]},
			"faces": {
				"north": {"uv": [2, 1, 2.5, 1.5], "texture": "#0"},
				"east": {"uv": [2, 1, 2, 1.5], "texture": "#0"},
				"south": {"uv": [2.5, 1, 3, 1.5], "texture": "#0"},
				"west": {"uv": [2.5, 1, 2.5, 1.5], "texture": "#0"},
				"up": {"uv": [2.5, 1, 2, 1], "texture": "#0"},
				"down": {"uv": [3, 1, 2.5, 1], "texture": "#0"}
			}
		},
		{
			"from": [6.75, 7.14645, 4.56066],
			"to": [7.75, 8.14645, 4.56066],
			"rotation": {"angle": -45, "axis": "x", "origin": [10.5, 8.14645, 5.06066]},
			"faces": {
				"north": {"uv": [2, 0.5, 2.5, 1], "texture": "#0"},
				"east": {"uv": [2, 0.5, 2, 1], "texture": "#0"},
				"south": {"uv": [2.5, 0.5, 3, 1], "texture": "#0"},
				"west": {"uv": [2.5, 0.5, 2.5, 1], "texture": "#0"},
				"up": {"uv": [2.5, 0.5, 2, 0.5], "texture": "#0"},
				"down": {"uv": [3, 0.5, 2.5, 0.5], "texture": "#0"}
			}
		},
		{
			"from": [5.25, 7.14645, 4.56066],
			"to": [6.25, 8.14645, 4.56066],
			"rotation": {"angle": -45, "axis": "x", "origin": [10.75, 8.14645, 5.06066]},
			"faces": {
				"north": {"uv": [1.5, 0, 2, 0.5], "texture": "#0"},
				"east": {"uv": [1.5, 0, 1.5, 0.5], "texture": "#0"},
				"south": {"uv": [2, 0, 2.5, 0.5], "texture": "#0"},
				"west": {"uv": [2, 0, 2, 0.5], "texture": "#0"},
				"up": {"uv": [2, 0, 1.5, 0], "texture": "#0"},
				"down": {"uv": [2.5, 0, 2, 0], "texture": "#0"}
			}
		},
		{
			"from": [8.25, 8.14645, 4.56066],
			"to": [9.25, 9.14645, 5.56066],
			"rotation": {"angle": -45, "axis": "x", "origin": [10.75, 8.14645, 5.06066]},
			"faces": {
				"north": {"uv": [12.5, 7, 13, 7.5], "texture": "#0"},
				"east": {"uv": [12, 7, 12.5, 7.5], "texture": "#0"},
				"south": {"uv": [13.5, 7, 14, 7.5], "texture": "#0"},
				"west": {"uv": [13, 7, 13.5, 7.5], "texture": "#0"},
				"up": {"uv": [13, 7, 12.5, 6.5], "texture": "#0"},
				"down": {"uv": [13.5, 6.5, 13, 7], "texture": "#0"}
			}
		},
		{
			"from": [5.25, 8.14645, 4.56066],
			"to": [6.25, 9.14645, 5.56066],
			"rotation": {"angle": -45, "axis": "x", "origin": [10.75, 8.14645, 5.06066]},
			"faces": {
				"north": {"uv": [12, 10.5, 12.5, 11], "texture": "#0"},
				"east": {"uv": [11.5, 10.5, 12, 11], "texture": "#0"},
				"south": {"uv": [13, 10.5, 13.5, 11], "texture": "#0"},
				"west": {"uv": [12.5, 10.5, 13, 11], "texture": "#0"},
				"up": {"uv": [12.5, 10.5, 12, 10], "texture": "#0"},
				"down": {"uv": [13, 10, 12.5, 10.5], "texture": "#0"}
			}
		},
		{
			"from": [5.25, 8.5, 4],
			"to": [6.25, 10.5, 5],
			"rotation": {"angle": 0, "axis": "y", "origin": [0.25, 1, 2]},
			"faces": {
				"north": {"uv": [11.5, 0.5, 12, 1.5], "texture": "#0"},
				"east": {"uv": [11, 0.5, 11.5, 1.5], "texture": "#0"},
				"south": {"uv": [12.5, 0.5, 13, 1.5], "texture": "#0"},
				"west": {"uv": [12, 0.5, 12.5, 1.5], "texture": "#0"},
				"up": {"uv": [12, 0.5, 11.5, 0], "texture": "#0"},
				"down": {"uv": [12.5, 0, 12, 0.5], "texture": "#0"}
			}
		},
		{
			"from": [8.25, 8.5, 4],
			"to": [9.25, 11.5, 5],
			"rotation": {"angle": 0, "axis": "y", "origin": [0.25, 1, 2]},
			"faces": {
				"north": {"uv": [10.5, 8.5, 11, 10], "texture": "#0"},
				"east": {"uv": [10, 8.5, 10.5, 10], "texture": "#0"},
				"south": {"uv": [11.5, 8.5, 12, 10], "texture": "#0"},
				"west": {"uv": [11, 8.5, 11.5, 10], "texture": "#0"},
				"up": {"uv": [11, 8.5, 10.5, 8], "texture": "#0"},
				"down": {"uv": [11.5, 8, 11, 8.5], "texture": "#0"}
			}
		},
		{
			"from": [6.75, 8.5, 4],
			"to": [7.75, 11.5, 5],
			"rotation": {"angle": 0, "axis": "y", "origin": [-1.25, 1, 2]},
			"faces": {
				"north": {"uv": [0.5, 8.5, 1, 10], "texture": "#0"},
				"east": {"uv": [0, 8.5, 0.5, 10], "texture": "#0"},
				"south": {"uv": [1.5, 8.5, 2, 10], "texture": "#0"},
				"west": {"uv": [1, 8.5, 1.5, 10], "texture": "#0"},
				"up": {"uv": [1, 8.5, 0.5, 8], "texture": "#0"},
				"down": {"uv": [1.5, 8, 1, 8.5], "texture": "#0"}
			}
		},
		{
			"from": [6.75, 8.14645, 4.56066],
			"to": [7.75, 9.14645, 5.56066],
			"rotation": {"angle": -45, "axis": "x", "origin": [9.25, 8.14645, 5.06066]},
			"faces": {
				"north": {"uv": [12, 8, 12.5, 8.5], "texture": "#0"},
				"east": {"uv": [11.5, 8, 12, 8.5], "texture": "#0"},
				"south": {"uv": [13, 8, 13.5, 8.5], "texture": "#0"},
				"west": {"uv": [12.5, 8, 13, 8.5], "texture": "#0"},
				"up": {"uv": [12.5, 8, 12, 7.5], "texture": "#0"},
				"down": {"uv": [13, 7.5, 12.5, 8], "texture": "#0"}
			}
		},
		{
			"from": [5, 8.5, 11],
			"to": [11, 10.5, 12],
			"rotation": {"angle": 0, "axis": "y", "origin": [0, 0, -1]},
			"faces": {
				"north": {"uv": [9.5, 4.5, 12.5, 5.5], "texture": "#0"},
				"east": {"uv": [9, 4.5, 9.5, 5.5], "texture": "#0"},
				"south": {"uv": [13, 4.5, 16, 5.5], "texture": "#0"},
				"west": {"uv": [12.5, 4.5, 13, 5.5], "texture": "#0"},
				"up": {"uv": [12.5, 4.5, 9.5, 4], "texture": "#0"},
				"down": {"uv": [15.5, 4, 12.5, 4.5], "texture": "#0"}
			}
		},
		{
			"from": [6, 10.5, 11],
			"to": [10, 11.5, 12],
			"rotation": {"angle": 0, "axis": "y", "origin": [0, 0, -1]},
			"faces": {
				"north": {"uv": [9.5, 6, 11.5, 6.5], "texture": "#0"},
				"east": {"uv": [9, 6, 9.5, 6.5], "texture": "#0"},
				"south": {"uv": [12, 6, 14, 6.5], "texture": "#0"},
				"west": {"uv": [11.5, 6, 12, 6.5], "texture": "#0"},
				"up": {"uv": [11.5, 6, 9.5, 5.5], "texture": "#0"},
				"down": {"uv": [13.5, 5.5, 11.5, 6], "texture": "#0"}
			}
		},
		{
			"from": [5, 10.5, 5],
			"to": [11, 12.5, 11],
			"faces": {
				"north": {"uv": [3, 7, 6, 8], "texture": "#0"},
				"east": {"uv": [0, 7, 3, 8], "texture": "#0"},
				"south": {"uv": [9, 7, 12, 8], "texture": "#0"},
				"west": {"uv": [6, 7, 9, 8], "texture": "#0"},
				"up": {"uv": [6, 7, 3, 4], "texture": "#0"},
				"down": {"uv": [9, 4, 6, 7], "texture": "#0"}
			}
		}
	],
	"display": {
		"head": {
			"translation": [0, -2, -0.25],
			"scale": [2.25, 2.25, 2.25]
		}
	},
	"groups": [
		{
			"name": "headcrab",
			"origin": [0, 0, 0],
			"color": 0,
			"children": [
				0,
				1,
				2,
				3,
				4,
				5,
				6,
				7,
				8,
				9,
				10,
				11,
				{
					"name": "group",
					"origin": [10.75, 8.14645, 5.06066],
					"color": 0,
					"children": [12, 13, 14, 15]
				},
				16,
				17,
				18,
				19,
				20,
				21,
				22,
				23,
				24
			]
		}
	]
}
