{
	"credit": "Zackusha",
	"texture_size": [64, 64],
	"textures": {
		"1": "item/modeldata/props/static_npcs/ichthyosaur"
	},
	"elements": [
		{
			"from": [13, 10, 4.5],
			"to": [17, 12, 8.5],
			"faces": {
				"north": {"uv": [10.75, 3, 11.75, 3.5], "texture": "#1"},
				"east": {"uv": [10.75, 7.25, 11.75, 7.75], "texture": "#1"},
				"south": {"uv": [10.75, 7.75, 11.75, 8.25], "texture": "#1"},
				"west": {"uv": [10.75, 9.25, 11.75, 9.75], "texture": "#1"},
				"up": {"uv": [10.75, 10.25, 9.75, 9.25], "texture": "#1"},
				"down": {"uv": [1, 10, 0, 11], "texture": "#1"}
			}
		},
		{
			"from": [0, 10, 3.5],
			"to": [11, 14, 9.5],
			"faces": {
				"north": {"uv": [4, 6.25, 6.75, 7.25], "texture": "#1"},
				"east": {"uv": [8.25, 2.5, 9.75, 3.5], "texture": "#1"},
				"south": {"uv": [6.5, 1.5, 9.25, 2.5], "texture": "#1"},
				"west": {"uv": [3.5, 8.5, 5, 9.5], "texture": "#1"},
				"up": {"uv": [6.5, 3, 3.75, 1.5], "texture": "#1"},
				"down": {"uv": [6.5, 3, 3.75, 4.5], "texture": "#1"}
			}
		},
		{
			"from": [11, 10, 3.5],
			"to": [13, 13, 9.5],
			"faces": {
				"north": {"uv": [11, 1, 11.5, 1.75], "texture": "#1"},
				"east": {"uv": [9.75, 3.5, 11.25, 4.25], "texture": "#1"},
				"south": {"uv": [1.5, 11, 2, 11.75], "texture": "#1"},
				"west": {"uv": [9.75, 4.25, 11.25, 5], "texture": "#1"},
				"up": {"uv": [3.25, 11.25, 2.75, 9.75], "texture": "#1"},
				"down": {"uv": [1.5, 10, 1, 11.5], "texture": "#1"}
			}
		},
		{
			"from": [-7, 10, 3],
			"to": [-7, 11, 10],
			"faces": {
				"north": {"uv": [0, 0, 0, 0.25], "texture": "#1"},
				"east": {"uv": [7.5, 1.25, 9.25, 1.5], "texture": "#1"},
				"south": {"uv": [0, 0, 0, 0.25], "texture": "#1"},
				"west": {"uv": [10.75, 5.75, 12.5, 6], "texture": "#1"},
				"up": {"uv": [0, 1.75, 0, 0], "texture": "#1"},
				"down": {"uv": [0, 0, 0, 1.75], "texture": "#1"}
			}
		},
		{
			"from": [28, 6.5, 6],
			"to": [29, 8.5, 7],
			"faces": {
				"north": {"uv": [9.5, 3.5, 9.75, 4], "texture": "#1"},
				"east": {"uv": [4.75, 9.5, 5, 10], "texture": "#1"},
				"south": {"uv": [1.5, 11.75, 1.75, 12.25], "texture": "#1"},
				"west": {"uv": [1.75, 11.75, 2, 12.25], "texture": "#1"},
				"up": {"uv": [8.5, 10.25, 8.25, 10], "texture": "#1"},
				"down": {"uv": [2.75, 11, 2.5, 11.25], "texture": "#1"}
			}
		},
		{
			"from": [25, 6, 5.5],
			"to": [27, 8, 7.5],
			"faces": {
				"north": {"uv": [3.5, 8, 4, 8.5], "texture": "#1"},
				"east": {"uv": [7, 11.25, 7.5, 11.75], "texture": "#1"},
				"south": {"uv": [9.5, 11.25, 10, 11.75], "texture": "#1"},
				"west": {"uv": [10, 11.25, 10.5, 11.75], "texture": "#1"},
				"up": {"uv": [11.75, 11, 11.25, 10.5], "texture": "#1"},
				"down": {"uv": [12, 0, 11.5, 0.5], "texture": "#1"}
			}
		},
		{
			"from": [22, 6, 5.5],
			"to": [25, 9, 7.5],
			"faces": {
				"north": {"uv": [4, 10.5, 4.75, 11.25], "texture": "#1"},
				"east": {"uv": [2, 11, 2.5, 11.75], "texture": "#1"},
				"south": {"uv": [4.75, 10.5, 5.5, 11.25], "texture": "#1"},
				"west": {"uv": [10.5, 11, 11, 11.75], "texture": "#1"},
				"up": {"uv": [11.75, 2.25, 11, 1.75], "texture": "#1"},
				"down": {"uv": [11.75, 11, 11, 11.5], "texture": "#1"}
			}
		},
		{
			"from": [27, 5.5, 6],
			"to": [28, 9.5, 7],
			"faces": {
				"north": {"uv": [1.5, 10, 1.75, 11], "texture": "#1"},
				"east": {"uv": [7.5, 11.25, 7.75, 12.25], "texture": "#1"},
				"south": {"uv": [11.5, 0.5, 11.75, 1.5], "texture": "#1"},
				"west": {"uv": [1, 11.5, 1.25, 12.5], "texture": "#1"},
				"up": {"uv": [4.25, 12, 4, 11.75], "texture": "#1"},
				"down": {"uv": [4.5, 11.75, 4.25, 12], "texture": "#1"}
			}
		},
		{
			"from": [1, 14, 4],
			"to": [2, 18, 9],
			"faces": {
				"north": {"uv": [1.25, 11.5, 1.5, 12.5], "texture": "#1"},
				"east": {"uv": [8.5, 9.25, 9.75, 10.25], "texture": "#1"},
				"south": {"uv": [3.25, 11.5, 3.5, 12.5], "texture": "#1"},
				"west": {"uv": [3.5, 9.5, 4.75, 10.5], "texture": "#1"},
				"up": {"uv": [2, 8, 1.75, 6.75], "texture": "#1"},
				"down": {"uv": [5.75, 11.25, 5.5, 12.5], "texture": "#1"}
			}
		},
		{
			"from": [-6, 15, 4],
			"to": [1, 17, 9],
			"faces": {
				"north": {"uv": [4.75, 10, 6.5, 10.5], "texture": "#1"},
				"east": {"uv": [6.5, 4, 7.75, 4.5], "texture": "#1"},
				"south": {"uv": [6.5, 10, 8.25, 10.5], "texture": "#1"},
				"west": {"uv": [8.25, 3.5, 9.5, 4], "texture": "#1"},
				"up": {"uv": [3.75, 6.25, 2, 5], "texture": "#1"},
				"down": {"uv": [8.5, 6.25, 6.75, 7.5], "texture": "#1"}
			}
		},
		{
			"from": [-7, 10, 3],
			"to": [-2, 11, 3],
			"faces": {
				"north": {"uv": [10.75, 10, 12, 10.25], "texture": "#1"},
				"east": {"uv": [0, 0, 0, 0.25], "texture": "#1"},
				"south": {"uv": [5.75, 11.25, 7, 11.5], "texture": "#1"},
				"west": {"uv": [0, 0, 0, 0.25], "texture": "#1"},
				"up": {"uv": [1.25, 0, 0, 0], "texture": "#1"},
				"down": {"uv": [1.25, 0, 0, 0], "texture": "#1"}
			}
		},
		{
			"from": [1, 9, 3],
			"to": [1, 10, 10],
			"rotation": {"angle": 45, "axis": "z", "origin": [0, 0, 0]},
			"faces": {
				"north": {"uv": [0, 0, 0, 0.25], "texture": "#1"},
				"east": {"uv": [10.75, 8.25, 12.5, 8.5], "texture": "#1"},
				"south": {"uv": [0, 0, 0, 0.25], "texture": "#1"},
				"west": {"uv": [10.75, 9.75, 12.5, 10], "texture": "#1"},
				"up": {"uv": [0, 1.75, 0, 0], "texture": "#1"},
				"down": {"uv": [0, 0, 0, 1.75], "texture": "#1"}
			}
		},
		{
			"from": [1, 9, 10],
			"to": [5, 10, 10],
			"rotation": {"angle": 45, "axis": "z", "origin": [0, 0, 0]},
			"faces": {
				"north": {"uv": [5.75, 7.25, 6.75, 7.5], "texture": "#1"},
				"east": {"uv": [0, 0, 0, 0.25], "texture": "#1"},
				"south": {"uv": [11.5, 1.5, 12.5, 1.75], "texture": "#1"},
				"west": {"uv": [0, 0, 0, 0.25], "texture": "#1"},
				"up": {"uv": [1, 0, 0, 0], "texture": "#1"},
				"down": {"uv": [1, 0, 0, 0], "texture": "#1"}
			}
		},
		{
			"from": [1, 9, 3],
			"to": [5, 10, 3],
			"rotation": {"angle": 45, "axis": "z", "origin": [0, 0, 0]},
			"faces": {
				"north": {"uv": [11.5, 2.25, 12.5, 2.5], "texture": "#1"},
				"east": {"uv": [0, 0, 0, 0.25], "texture": "#1"},
				"south": {"uv": [11.5, 2.5, 12.5, 2.75], "texture": "#1"},
				"west": {"uv": [0, 0, 0, 0.25], "texture": "#1"},
				"up": {"uv": [1, 0, 0, 0], "texture": "#1"},
				"down": {"uv": [1, 0, 0, 0], "texture": "#1"}
			}
		},
		{
			"from": [-7, 10, 10],
			"to": [-2, 11, 10],
			"faces": {
				"north": {"uv": [11.25, 6, 12.5, 6.25], "texture": "#1"},
				"east": {"uv": [0, 0, 0, 0.25], "texture": "#1"},
				"south": {"uv": [11.25, 6.25, 12.5, 6.5], "texture": "#1"},
				"west": {"uv": [0, 0, 0, 0.25], "texture": "#1"},
				"up": {"uv": [1.25, 0, 0, 0], "texture": "#1"},
				"down": {"uv": [1.25, 0, 0, 0], "texture": "#1"}
			}
		},
		{
			"from": [-7, 11, 3],
			"to": [1, 15, 10],
			"faces": {
				"north": {"uv": [5.75, 7.5, 7.75, 8.5], "texture": "#1"},
				"east": {"uv": [7.75, 5, 9.5, 6], "texture": "#1"},
				"south": {"uv": [7.75, 4, 9.75, 5], "texture": "#1"},
				"west": {"uv": [7.75, 7.5, 9.5, 8.5], "texture": "#1"},
				"up": {"uv": [5.75, 6.25, 3.75, 4.5], "texture": "#1"},
				"down": {"uv": [2, 5, 0, 6.75], "texture": "#1"}
			}
		},
		{
			"from": [0, 4, 3],
			"to": [15, 10, 10],
			"faces": {
				"north": {"uv": [0, 3.5, 3.75, 5], "texture": "#1"},
				"east": {"uv": [6.5, 2.5, 8.25, 4], "texture": "#1"},
				"south": {"uv": [3.75, 0, 7.5, 1.5], "texture": "#1"},
				"west": {"uv": [0, 6.75, 1.75, 8.25], "texture": "#1"},
				"up": {"uv": [3.75, 1.75, 0, 0], "texture": "#1"},
				"down": {"uv": [3.75, 1.75, 0, 3.5], "texture": "#1"}
			}
		},
		{
			"from": [1, 6, 3],
			"to": [9, 9, 10],
			"rotation": {"angle": 45, "axis": "z", "origin": [0, 0, 0]},
			"faces": {
				"north": {"uv": [5, 8.5, 7, 9.25], "texture": "#1"},
				"east": {"uv": [8.5, 6.75, 10.25, 7.5], "texture": "#1"},
				"south": {"uv": [8.5, 6, 10.5, 6.75], "texture": "#1"},
				"west": {"uv": [7, 8.5, 8.75, 9.25], "texture": "#1"},
				"up": {"uv": [7.75, 6.25, 5.75, 4.5], "texture": "#1"},
				"down": {"uv": [4, 6.25, 2, 8], "texture": "#1"}
			}
		},
		{
			"from": [2, 6, 9],
			"to": [9, 9, 12],
			"rotation": {"angle": 22.5, "axis": "z", "origin": [-1, 3, -2]},
			"faces": {
				"north": {"uv": [8.75, 8.5, 10.5, 9.25], "texture": "#1"},
				"east": {"uv": [5.5, 10.5, 6.25, 11.25], "texture": "#1"},
				"south": {"uv": [1.75, 9, 3.5, 9.75], "texture": "#1"},
				"west": {"uv": [10.5, 6, 11.25, 6.75], "texture": "#1"},
				"up": {"uv": [1.75, 10, 0, 9.25], "texture": "#1"},
				"down": {"uv": [11, 0, 9.25, 0.75], "texture": "#1"}
			}
		},
		{
			"from": [7, 5, 2],
			"to": [8, 6, 3],
			"rotation": {"angle": -22.5, "axis": "z", "origin": [-1, 3, -2]},
			"faces": {
				"north": {"uv": [4.5, 11.75, 4.75, 12], "texture": "#1"},
				"east": {"uv": [4.75, 11.75, 5, 12], "texture": "#1"},
				"south": {"uv": [5, 11.75, 5.25, 12], "texture": "#1"},
				"west": {"uv": [5.25, 11.75, 5.5, 12], "texture": "#1"},
				"up": {"uv": [6.25, 12, 6, 11.75], "texture": "#1"},
				"down": {"uv": [6.5, 11.75, 6.25, 12], "texture": "#1"}
			}
		},
		{
			"from": [2, 9, 9.5],
			"to": [5, 13, 11.5],
			"rotation": {"angle": -22.5, "axis": "z", "origin": [-1, 3, -2]},
			"faces": {
				"north": {"uv": [8.25, 10.25, 9, 11.25], "texture": "#1"},
				"east": {"uv": [7.75, 10.5, 8.25, 11.5], "texture": "#1"},
				"south": {"uv": [9, 10.25, 9.75, 11.25], "texture": "#1"},
				"west": {"uv": [0, 11, 0.5, 12], "texture": "#1"},
				"up": {"uv": [3.25, 11.75, 2.5, 11.25], "texture": "#1"},
				"down": {"uv": [12, 3.5, 11.25, 4], "texture": "#1"}
			}
		},
		{
			"from": [2, 6, 10],
			"to": [5, 9, 11],
			"rotation": {"angle": -22.5, "axis": "z", "origin": [-1, 3, -2]},
			"faces": {
				"north": {"uv": [6.25, 10.5, 7, 11.25], "texture": "#1"},
				"east": {"uv": [3.25, 9.75, 3.5, 10.5], "texture": "#1"},
				"south": {"uv": [7, 10.5, 7.75, 11.25], "texture": "#1"},
				"west": {"uv": [5.75, 11.5, 6, 12.25], "texture": "#1"},
				"up": {"uv": [8.5, 6.25, 7.75, 6], "texture": "#1"},
				"down": {"uv": [6.75, 11.5, 6, 11.75], "texture": "#1"}
			}
		},
		{
			"from": [-3, 17, 4],
			"to": [1, 18, 9],
			"faces": {
				"north": {"uv": [11.5, 2.75, 12.5, 3], "texture": "#1"},
				"east": {"uv": [11.25, 6.5, 12.5, 6.75], "texture": "#1"},
				"south": {"uv": [11.5, 5, 12.5, 5.25], "texture": "#1"},
				"west": {"uv": [8.25, 11.25, 9.5, 11.5], "texture": "#1"},
				"up": {"uv": [2.75, 11, 1.75, 9.75], "texture": "#1"},
				"down": {"uv": [10.75, 2.25, 9.75, 3.5], "texture": "#1"}
			}
		},
		{
			"from": [2, 9, 1.5],
			"to": [5, 13, 3.5],
			"rotation": {"angle": -22.5, "axis": "z", "origin": [-1, 3, -10]},
			"faces": {
				"north": {"uv": [9.75, 10.25, 10.5, 11.25], "texture": "#1"},
				"east": {"uv": [11, 0, 11.5, 1], "texture": "#1"},
				"south": {"uv": [3.25, 10.5, 4, 11.5], "texture": "#1"},
				"west": {"uv": [0.5, 11, 1, 12], "texture": "#1"},
				"up": {"uv": [4.75, 11.75, 4, 11.25], "texture": "#1"},
				"down": {"uv": [12, 4, 11.25, 4.5], "texture": "#1"}
			}
		},
		{
			"from": [4, 5, 10],
			"to": [6, 7, 11],
			"rotation": {"angle": -22.5, "axis": "z", "origin": [-1, 3, -2]},
			"faces": {
				"north": {"uv": [3.5, 11.5, 4, 12], "texture": "#1"},
				"east": {"uv": [11.75, 1.75, 12, 2.25], "texture": "#1"},
				"south": {"uv": [11.5, 5.25, 12, 5.75], "texture": "#1"},
				"west": {"uv": [2, 11.75, 2.25, 12.25], "texture": "#1"},
				"up": {"uv": [9.75, 2.5, 9.25, 2.25], "texture": "#1"},
				"down": {"uv": [10.75, 7.25, 10.25, 7.5], "texture": "#1"}
			}
		},
		{
			"from": [4, 5, 2],
			"to": [7, 7, 3],
			"rotation": {"angle": -22.5, "axis": "z", "origin": [-1, 3, -10]},
			"faces": {
				"north": {"uv": [11.25, 4.5, 12, 5], "texture": "#1"},
				"east": {"uv": [2.25, 11.75, 2.5, 12.25], "texture": "#1"},
				"south": {"uv": [4.75, 11.25, 5.5, 11.75], "texture": "#1"},
				"west": {"uv": [2.5, 11.75, 2.75, 12.25], "texture": "#1"},
				"up": {"uv": [8.5, 11.75, 7.75, 11.5], "texture": "#1"},
				"down": {"uv": [9.25, 11.5, 8.5, 11.75], "texture": "#1"}
			}
		},
		{
			"from": [2, 6, 2],
			"to": [5, 9, 3],
			"rotation": {"angle": -22.5, "axis": "z", "origin": [-1, 3, -10]},
			"faces": {
				"north": {"uv": [10.5, 8.5, 11.25, 9.25], "texture": "#1"},
				"east": {"uv": [6.75, 11.5, 7, 12.25], "texture": "#1"},
				"south": {"uv": [10.5, 10.25, 11.25, 11], "texture": "#1"},
				"west": {"uv": [9.25, 11.5, 9.5, 12.25], "texture": "#1"},
				"up": {"uv": [11.75, 11.75, 11, 11.5], "texture": "#1"},
				"down": {"uv": [12.5, 0.5, 11.75, 0.75], "texture": "#1"}
			}
		},
		{
			"from": [2, 6, 1],
			"to": [9, 9, 4],
			"rotation": {"angle": 22.5, "axis": "z", "origin": [-1, 3, -10]},
			"faces": {
				"north": {"uv": [9.25, 0.75, 11, 1.5], "texture": "#1"},
				"east": {"uv": [10.75, 2.25, 11.5, 3], "texture": "#1"},
				"south": {"uv": [9.25, 1.5, 11, 2.25], "texture": "#1"},
				"west": {"uv": [10.75, 5, 11.5, 5.75], "texture": "#1"},
				"up": {"uv": [6.75, 10, 5, 9.25], "texture": "#1"},
				"down": {"uv": [8.5, 9.25, 6.75, 10], "texture": "#1"}
			}
		},
		{
			"from": [8, 5.5, 2],
			"to": [9, 6.5, 3],
			"rotation": {"angle": -22.5, "axis": "z", "origin": [-1, 3, -2]},
			"faces": {
				"north": {"uv": [6.5, 11.75, 6.75, 12], "texture": "#1"},
				"east": {"uv": [7, 11.75, 7.25, 12], "texture": "#1"},
				"south": {"uv": [7.25, 11.75, 7.5, 12], "texture": "#1"},
				"west": {"uv": [11.75, 7.25, 12, 7.5], "texture": "#1"},
				"up": {"uv": [12, 7.75, 11.75, 7.5], "texture": "#1"},
				"down": {"uv": [8, 11.75, 7.75, 12], "texture": "#1"}
			}
		},
		{
			"from": [2, 14, 6.5],
			"to": [12, 15, 6.5],
			"faces": {
				"north": {"uv": [10.25, 7, 12.75, 7.25], "texture": "#1"},
				"east": {"uv": [10.25, 7, 12.75, 7.25], "texture": "#1"},
				"south": {"uv": [10.25, 7, 12.75, 7.25], "texture": "#1"},
				"west": {"uv": [10.25, 7, 12.75, 7.25], "texture": "#1"},
				"up": {"uv": [10.25, 7, 12.75, 7.25], "texture": "#1"},
				"down": {"uv": [10.25, 7, 12.75, 7.25], "texture": "#1"}
			}
		},
		{
			"from": [11, 13, 6.5],
			"to": [14, 14, 6.5],
			"faces": {
				"north": {"uv": [11.75, 0.75, 12.5, 1], "texture": "#1"},
				"east": {"uv": [11.75, 0.75, 12.5, 1], "texture": "#1"},
				"south": {"uv": [11.75, 0.75, 12.5, 1], "texture": "#1"},
				"west": {"uv": [11.75, 0.75, 12.5, 1], "texture": "#1"},
				"up": {"uv": [11.75, 0.75, 12.5, 1], "texture": "#1"},
				"down": {"uv": [11.75, 0.75, 12.5, 1], "texture": "#1"}
			}
		},
		{
			"from": [13, 12, 6.5],
			"to": [18, 13, 6.5],
			"faces": {
				"north": {"uv": [11.25, 8.5, 12.5, 8.75], "texture": "#1"},
				"east": {"uv": [11.25, 8.5, 12.5, 8.75], "texture": "#1"},
				"south": {"uv": [11.25, 8.5, 12.5, 8.75], "texture": "#1"},
				"west": {"uv": [11.25, 8.5, 12.5, 8.75], "texture": "#1"},
				"up": {"uv": [11.25, 8.5, 12.5, 8.75], "texture": "#1"},
				"down": {"uv": [11.25, 8.5, 12.5, 8.75], "texture": "#1"}
			}
		},
		{
			"from": [17, 10, 6.5],
			"to": [22, 11, 6.5],
			"faces": {
				"north": {"uv": [11.25, 9, 12.5, 9.25], "texture": "#1"},
				"east": {"uv": [11.25, 9, 12.5, 9.25], "texture": "#1"},
				"south": {"uv": [11.25, 9, 12.5, 9.25], "texture": "#1"},
				"west": {"uv": [11.25, 9, 12.5, 9.25], "texture": "#1"},
				"up": {"uv": [11.25, 9, 12.5, 9.25], "texture": "#1"},
				"down": {"uv": [11.25, 9, 12.5, 9.25], "texture": "#1"}
			}
		},
		{
			"from": [22, 9, 6.5],
			"to": [24, 10, 6.5],
			"faces": {
				"north": {"uv": [11.75, 1.25, 12.25, 1.5], "texture": "#1"},
				"east": {"uv": [11.75, 1.25, 12.25, 1.5], "texture": "#1"},
				"south": {"uv": [11.75, 1.25, 12.25, 1.5], "texture": "#1"},
				"west": {"uv": [11.75, 1.25, 12.25, 1.5], "texture": "#1"},
				"up": {"uv": [11.75, 1.25, 12.25, 1.5], "texture": "#1"},
				"down": {"uv": [11.75, 1.25, 12.25, 1.5], "texture": "#1"}
			}
		},
		{
			"from": [17, 11, 6.5],
			"to": [19, 12, 6.5],
			"faces": {
				"north": {"uv": [11.75, 3, 12.25, 3.25], "texture": "#1"},
				"east": {"uv": [11.75, 3, 12.25, 3.25], "texture": "#1"},
				"south": {"uv": [11.75, 3, 12.25, 3.25], "texture": "#1"},
				"west": {"uv": [11.75, 3, 12.25, 3.25], "texture": "#1"},
				"up": {"uv": [11.75, 3, 12.25, 3.25], "texture": "#1"},
				"down": {"uv": [11.75, 3, 12.25, 3.25], "texture": "#1"}
			}
		},
		{
			"from": [6, 5, 10],
			"to": [7, 6, 11],
			"rotation": {"angle": -22.5, "axis": "z", "origin": [-1, 3, -2]},
			"faces": {
				"north": {"uv": [11.75, 7.75, 12, 8], "texture": "#1"},
				"east": {"uv": [8, 11.75, 8.25, 12], "texture": "#1"},
				"south": {"uv": [11.75, 8, 12, 8.25], "texture": "#1"},
				"west": {"uv": [8.25, 11.75, 8.5, 12], "texture": "#1"},
				"up": {"uv": [8.75, 12, 8.5, 11.75], "texture": "#1"},
				"down": {"uv": [9, 11.75, 8.75, 12], "texture": "#1"}
			}
		},
		{
			"from": [7, 5.5, 10],
			"to": [8, 6.5, 11],
			"rotation": {"angle": -22.5, "axis": "z", "origin": [-1, 3, -2]},
			"faces": {
				"north": {"uv": [9, 11.75, 9.25, 12], "texture": "#1"},
				"east": {"uv": [11.75, 9.25, 12, 9.5], "texture": "#1"},
				"south": {"uv": [9.5, 11.75, 9.75, 12], "texture": "#1"},
				"west": {"uv": [11.75, 9.5, 12, 9.75], "texture": "#1"},
				"up": {"uv": [10, 12, 9.75, 11.75], "texture": "#1"},
				"down": {"uv": [10.25, 11.75, 10, 12], "texture": "#1"}
			}
		},
		{
			"from": [15, 6, 4],
			"to": [22, 10, 9],
			"faces": {
				"north": {"uv": [1.75, 8, 3.5, 9], "texture": "#1"},
				"east": {"uv": [9.5, 5, 10.75, 6], "texture": "#1"},
				"south": {"uv": [0, 8.25, 1.75, 9.25], "texture": "#1"},
				"west": {"uv": [9.5, 7.5, 10.75, 8.5], "texture": "#1"},
				"up": {"uv": [5.75, 8.5, 4, 7.25], "texture": "#1"},
				"down": {"uv": [9.25, 0, 7.5, 1.25], "texture": "#1"}
			}
		}
	],
	"display": {},
	"groups": [
		{
			"name": "group",
			"origin": [8, 8, 8],
			"color": 0,
			"children": [0, 1, 2, 3, 4, 5, 6, 7, 8, 9, 10, 11, 12, 13, 14, 15, 16, 17, 18, 19, 20, 21, 22, 23, 24, 25, 26, 27, 28, 29, 30, 31, 32, 33, 34, 35, 36, 37]
		}
	]
}
