{
	"credit": "Made by 🌌Pasport🌌 modified by SanyaSho",
	"texture_size": [64, 64],
	"textures": {
		"0": "item/modeldata/props/static_npcs/manhack"
	},
	"elements": [
		{
			"from": [9.95, 5.95918, 7.54068],
			"to": [10.7, 6.45918, 9.54068],
			"rotation": {"angle": -22.5, "axis": "x", "origin": [10.6, 6, 11]},
			"faces": {
				"north": {"uv": [8.5, 2, 8.6875, 2.125], "texture": "#0"},
				"east": {"uv": [7.75, 3.5, 8.25, 3.625], "texture": "#0"},
				"south": {"uv": [4.75, 8.5, 4.9375, 8.625], "texture": "#0"},
				"west": {"uv": [8, 2, 8.5, 2.125], "texture": "#0"},
				"up": {"uv": [7.4375, 3.5, 7.25, 3], "texture": "#0"},
				"down": {"uv": [5.1875, 7.25, 5, 7.75], "texture": "#0"}
			}
		},
		{
			"from": [8.25, 12.4, 8],
			"to": [10, 16.4, 11],
			"faces": {
				"north": {"uv": [6.25, 3, 6.6875, 4], "texture": "#0"},
				"east": {"uv": [5.25, 4.25, 6, 5.25], "texture": "#0"},
				"south": {"uv": [5.25, 6.25, 5.6875, 7.25], "texture": "#0"},
				"west": {"uv": [5.25, 5.25, 6, 6.25], "texture": "#0"},
				"up": {"uv": [5.1875, 7.25, 4.75, 6.5], "texture": "#0"},
				"down": {"uv": [7.1875, 3, 6.75, 3.75], "texture": "#0"}
			}
		},
		{
			"from": [10, 12.4, 8],
			"to": [10.5, 15.4, 11],
			"faces": {
				"north": {"uv": [5.25, 7.25, 5.375, 8], "texture": "#0"},
				"east": {"uv": [6, 5.75, 6.75, 6.5], "texture": "#0"},
				"south": {"uv": [5.5, 7.25, 5.625, 8], "texture": "#0"},
				"west": {"uv": [6.25, 2.25, 7, 3], "texture": "#0"},
				"up": {"uv": [7.375, 6.5, 7.25, 5.75], "texture": "#0"},
				"down": {"uv": [7.625, 1.25, 7.5, 2], "texture": "#0"}
			}
		},
		{
			"from": [10.5, 12.4, 8],
			"to": [11, 13.4, 11],
			"faces": {
				"north": {"uv": [8.5, 1, 8.625, 1.25], "texture": "#0"},
				"east": {"uv": [7, 5.5, 7.75, 5.75], "texture": "#0"},
				"south": {"uv": [8.5, 1.25, 8.625, 1.5], "texture": "#0"},
				"west": {"uv": [7.25, 1, 8, 1.25], "texture": "#0"},
				"up": {"uv": [7.625, 3.75, 7.5, 3], "texture": "#0"},
				"down": {"uv": [5.875, 7.5, 5.75, 8.25], "texture": "#0"}
			}
		},
		{
			"from": [8.25, 9, 7.5],
			"to": [11.5, 12, 11.5],
			"faces": {
				"north": {"uv": [6, 4.25, 6.8125, 5], "texture": "#0"},
				"east": {"uv": [3.25, 5.75, 4.25, 6.5], "texture": "#0"},
				"south": {"uv": [6, 5, 6.8125, 5.75], "texture": "#0"},
				"west": {"uv": [4.25, 5.75, 5.25, 6.5], "texture": "#0"},
				"up": {"uv": [6.0625, 3.25, 5.25, 2.25], "texture": "#0"},
				"down": {"uv": [6.0625, 3.25, 5.25, 4.25], "texture": "#0"}
			}
		},
		{
			"from": [8.9, 9.5, 6.75],
			"to": [10.65, 11.5, 9.75],
			"faces": {
				"north": {"uv": [6.5, 7, 6.9375, 7.5], "texture": "#0"},
				"east": {"uv": [3.25, 6.5, 4, 7], "texture": "#0"},
				"south": {"uv": [7, 7, 7.4375, 7.5], "texture": "#0"},
				"west": {"uv": [4, 6.5, 4.75, 7], "texture": "#0"},
				"up": {"uv": [6.1875, 7.5, 5.75, 6.75], "texture": "#0"},
				"down": {"uv": [7.1875, 5.75, 6.75, 6.5], "texture": "#0"}
			}
		},
		{
			"from": [8.75, 11.9, 8.5],
			"to": [10.5, 12.4, 10.5],
			"faces": {
				"north": {"uv": [8.25, 8.25, 8.6875, 8.375], "texture": "#0"},
				"east": {"uv": [8.25, 1.5, 8.75, 1.625], "texture": "#0"},
				"south": {"uv": [8.5, 0, 8.9375, 0.125], "texture": "#0"},
				"west": {"uv": [8.25, 1.75, 8.75, 1.875], "texture": "#0"},
				"up": {"uv": [7.6875, 0.5, 7.25, 0], "texture": "#0"},
				"down": {"uv": [7.6875, 0.5, 7.25, 1], "texture": "#0"}
			}
		},
		{
			"from": [9.25, 16.4, 10.5],
			"to": [10, 18.4, 11.2],
			"faces": {
				"north": {"uv": [7.5, 5.75, 7.6875, 6.25], "texture": "#0"},
				"east": {"uv": [6, 7.5, 6.1875, 8], "texture": "#0"},
				"south": {"uv": [6.5, 7.5, 6.6875, 8], "texture": "#0"},
				"west": {"uv": [6.75, 7.5, 6.9375, 8], "texture": "#0"},
				"up": {"uv": [5.9375, 6.4375, 5.75, 6.25], "texture": "#0"},
				"down": {"uv": [7.4375, 3.5, 7.25, 3.6875], "texture": "#0"}
			}
		},
		{
			"from": [9.25, 18.1, 9.25],
			"to": [10, 18.7, 11.25],
			"rotation": {"angle": 22.5, "axis": "x", "origin": [9, 19.25, 10.75]},
			"faces": {
				"north": {"uv": [5, 8.5, 5.1875, 8.625], "texture": "#0"},
				"east": {"uv": [8.25, 3, 8.75, 3.125], "texture": "#0"},
				"south": {"uv": [5.25, 8.5, 5.4375, 8.625], "texture": "#0"},
				"west": {"uv": [8.25, 3.25, 8.75, 3.375], "texture": "#0"},
				"up": {"uv": [7.1875, 8, 7, 7.5], "texture": "#0"},
				"down": {"uv": [7.6875, 7, 7.5, 7.5], "texture": "#0"}
			}
		},
		{
			"from": [9.25, 18.75, 7.1],
			"to": [10, 19.25, 9.1],
			"rotation": {"angle": 0, "axis": "x", "origin": [9, 19.25, 10.75]},
			"faces": {
				"north": {"uv": [5.5, 8.5, 5.6875, 8.625], "texture": "#0"},
				"east": {"uv": [8.25, 3.5, 8.75, 3.625], "texture": "#0"},
				"south": {"uv": [5.75, 8.5, 5.9375, 8.625], "texture": "#0"},
				"west": {"uv": [4.75, 8.25, 5.25, 8.375], "texture": "#0"},
				"up": {"uv": [7.4375, 8, 7.25, 7.5], "texture": "#0"},
				"down": {"uv": [7.6875, 7.5, 7.5, 8], "texture": "#0"}
			}
		},
		{
			"from": [8.35, 16.4, 10.5],
			"to": [9.1, 18.4, 11.2],
			"rotation": {"angle": 0, "axis": "y", "origin": [-0.9, 0, 0]},
			"faces": {
				"north": {"uv": [7.75, 0, 7.9375, 0.5], "texture": "#0"},
				"east": {"uv": [7.75, 0.5, 7.9375, 1], "texture": "#0"},
				"south": {"uv": [7.75, 1.25, 7.9375, 1.75], "texture": "#0"},
				"west": {"uv": [7.75, 1.75, 7.9375, 2.25], "texture": "#0"},
				"up": {"uv": [7.6875, 2.1875, 7.5, 2], "texture": "#0"},
				"down": {"uv": [7.6875, 6.25, 7.5, 6.4375], "texture": "#0"}
			}
		},
		{
			"from": [8.35, 18.35, 9.55],
			"to": [9.1, 18.95, 11.55],
			"rotation": {"angle": 45, "axis": "x", "origin": [8.1, 19.25, 10.75]},
			"faces": {
				"north": {"uv": [6, 8.5, 6.1875, 8.625], "texture": "#0"},
				"east": {"uv": [8.25, 5.5, 8.75, 5.625], "texture": "#0"},
				"south": {"uv": [6.5, 8.5, 6.6875, 8.625], "texture": "#0"},
				"west": {"uv": [8.25, 5.75, 8.75, 5.875], "texture": "#0"},
				"up": {"uv": [7.9375, 3.5, 7.75, 3], "texture": "#0"},
				"down": {"uv": [5.1875, 7.75, 5, 8.25], "texture": "#0"}
			}
		},
		{
			"from": [8.35, 18.85, 7.5],
			"to": [9.1, 19.35, 9.5],
			"rotation": {"angle": 22.5, "axis": "x", "origin": [8.1, 19.25, 10.75]},
			"faces": {
				"north": {"uv": [6.75, 8.5, 6.9375, 8.625], "texture": "#0"},
				"east": {"uv": [8.25, 6, 8.75, 6.125], "texture": "#0"},
				"south": {"uv": [8, 8.5, 8.1875, 8.625], "texture": "#0"},
				"west": {"uv": [8.25, 6.25, 8.75, 6.375], "texture": "#0"},
				"up": {"uv": [7.9375, 6, 7.75, 5.5], "texture": "#0"},
				"down": {"uv": [7.9375, 6, 7.75, 6.5], "texture": "#0"}
			}
		},
		{
			"from": [9.05, 7, 10.5],
			"to": [9.8, 9, 11.2],
			"rotation": {"angle": 0, "axis": "y", "origin": [8.8, 6, 11]},
			"faces": {
				"north": {"uv": [7.75, 7, 7.9375, 7.5], "texture": "#0"},
				"east": {"uv": [7.75, 7.5, 7.9375, 8], "texture": "#0"},
				"south": {"uv": [8, 0, 8.1875, 0.5], "texture": "#0"},
				"west": {"uv": [8, 0.5, 8.1875, 1], "texture": "#0"},
				"up": {"uv": [5.9375, 8.4375, 5.75, 8.25], "texture": "#0"},
				"down": {"uv": [8.6875, 0.25, 8.5, 0.4375], "texture": "#0"}
			}
		},
		{
			"from": [9.95, 7, 10.7],
			"to": [10.7, 9, 11.4],
			"rotation": {"angle": 0, "axis": "y", "origin": [10.6, 5, 11]},
			"faces": {
				"north": {"uv": [8, 1, 8.1875, 1.5], "texture": "#0"},
				"east": {"uv": [8, 1.5, 8.1875, 2], "texture": "#0"},
				"south": {"uv": [8, 3, 8.1875, 3.5], "texture": "#0"},
				"west": {"uv": [5.25, 8, 5.4375, 8.5], "texture": "#0"},
				"up": {"uv": [8.6875, 0.6875, 8.5, 0.5], "texture": "#0"},
				"down": {"uv": [8.6875, 0.75, 8.5, 0.9375], "texture": "#0"}
			}
		},
		{
			"from": [9.95, 6.40711, 9.63934],
			"to": [10.7, 7.00711, 11.63934],
			"rotation": {"angle": -45, "axis": "x", "origin": [10.6, 6, 11]},
			"faces": {
				"north": {"uv": [8.25, 8.5, 8.4375, 8.625], "texture": "#0"},
				"east": {"uv": [8.25, 6.75, 8.75, 6.875], "texture": "#0"},
				"south": {"uv": [8.5, 8.5, 8.6875, 8.625], "texture": "#0"},
				"west": {"uv": [8.25, 7, 8.75, 7.125], "texture": "#0"},
				"up": {"uv": [5.6875, 8.5, 5.5, 8], "texture": "#0"},
				"down": {"uv": [8.1875, 5.5, 8, 6], "texture": "#0"}
			}
		},
		{
			"from": [9.05, 6.50918, 9.59068],
			"to": [9.8, 7.10918, 11.59068],
			"rotation": {"angle": -22.5, "axis": "x", "origin": [8.8, 6, 11]},
			"faces": {
				"north": {"uv": [8.75, 0.25, 8.9375, 0.375], "texture": "#0"},
				"east": {"uv": [8.25, 7.25, 8.75, 7.375], "texture": "#0"},
				"south": {"uv": [8.75, 0.5, 8.9375, 0.625], "texture": "#0"},
				"west": {"uv": [8.25, 7.5, 8.75, 7.625], "texture": "#0"},
				"up": {"uv": [6.1875, 8.5, 6, 8], "texture": "#0"},
				"down": {"uv": [8.1875, 6, 8, 6.5], "texture": "#0"}
			}
		},
		{
			"from": [9.05, 6.05, 7.5],
			"to": [9.8, 6.55, 9.5],
			"rotation": {"angle": 0, "axis": "y", "origin": [8.8, 6, 11]},
			"faces": {
				"north": {"uv": [8.75, 0.75, 8.9375, 0.875], "texture": "#0"},
				"east": {"uv": [8.25, 7.75, 8.75, 7.875], "texture": "#0"},
				"south": {"uv": [8.75, 1, 8.9375, 1.125], "texture": "#0"},
				"west": {"uv": [8.25, 8, 8.75, 8.125], "texture": "#0"},
				"up": {"uv": [6.6875, 8.5, 6.5, 8], "texture": "#0"},
				"down": {"uv": [6.9375, 8, 6.75, 8.5], "texture": "#0"}
			}
		},
		{
			"from": [7.43714, 10.67363, 5.75],
			"to": [7.93714, 11.27363, 13.5],
			"rotation": {"angle": 0, "axis": "y", "origin": [6.4, 14, 9.9]},
			"faces": {
				"north": {"uv": [8.75, 1.25, 8.875, 1.375], "texture": "#0"},
				"east": {"uv": [6.75, 3.75, 8.6875, 3.875], "texture": "#0"},
				"south": {"uv": [8.75, 1.5, 8.875, 1.625], "texture": "#0"},
				"west": {"uv": [6.25, 6.75, 8.1875, 6.875], "texture": "#0"},
				"up": {"uv": [0.125, 8.9375, 0, 7], "texture": "#0"},
				"down": {"uv": [0.375, 7, 0.25, 8.9375], "texture": "#0"}
			}
		},
		{
			"from": [11.05, 8, 5.75],
			"to": [11.55, 10.5, 13.5],
			"rotation": {"angle": -22.5, "axis": "z", "origin": [12, 9, 10]},
			"faces": {
				"north": {"uv": [7, 8, 7.125, 8.625], "texture": "#0"},
				"east": {"uv": [3.25, 2, 5.1875, 2.625], "texture": "#0"},
				"south": {"uv": [8, 7, 8.125, 7.625], "texture": "#0"},
				"west": {"uv": [3.25, 2.75, 5.1875, 3.375], "texture": "#0"},
				"up": {"uv": [0.625, 8.9375, 0.5, 7], "texture": "#0"},
				"down": {"uv": [0.875, 7, 0.75, 8.9375], "texture": "#0"}
			}
		},
		{
			"from": [8.45, 9.75, 5.75],
			"to": [8.95, 12.25, 13.5],
			"rotation": {"angle": 22.5, "axis": "z", "origin": [12, 9, 10]},
			"faces": {
				"north": {"uv": [7.25, 8, 7.375, 8.625], "texture": "#0"},
				"east": {"uv": [3.25, 3.5, 5.1875, 4.125], "texture": "#0"},
				"south": {"uv": [7.5, 8, 7.625, 8.625], "texture": "#0"},
				"west": {"uv": [3.25, 4.25, 5.1875, 4.875], "texture": "#0"},
				"up": {"uv": [1.125, 8.9375, 1, 7], "texture": "#0"},
				"down": {"uv": [1.375, 7, 1.25, 8.9375], "texture": "#0"}
			}
		},
		{
			"from": [12.8, 13.25, 5.75],
			"to": [13.3, 16.75, 13.5],
			"rotation": {"angle": 22.5, "axis": "z", "origin": [12, 9, 10]},
			"faces": {
				"north": {"uv": [7.25, 1.25, 7.375, 2.125], "texture": "#0"},
				"east": {"uv": [3.25, 0, 5.1875, 0.875], "texture": "#0"},
				"south": {"uv": [4.75, 7.25, 4.875, 8.125], "texture": "#0"},
				"west": {"uv": [3.25, 1, 5.1875, 1.875], "texture": "#0"},
				"up": {"uv": [1.625, 8.9375, 1.5, 7], "texture": "#0"},
				"down": {"uv": [1.875, 7, 1.75, 8.9375], "texture": "#0"}
			}
		},
		{
			"from": [5.3, 12.5, 5.75],
			"to": [5.8, 15, 13.5],
			"rotation": {"angle": -22.5, "axis": "z", "origin": [12, 9, 10]},
			"faces": {
				"north": {"uv": [7.75, 8, 7.875, 8.625], "texture": "#0"},
				"east": {"uv": [3.25, 5, 5.1875, 5.625], "texture": "#0"},
				"south": {"uv": [8, 7.75, 8.125, 8.375], "texture": "#0"},
				"west": {"uv": [5.25, 0, 7.1875, 0.625], "texture": "#0"},
				"up": {"uv": [2.125, 8.9375, 2, 7], "texture": "#0"},
				"down": {"uv": [2.375, 7, 2.25, 8.9375], "texture": "#0"}
			}
		},
		{
			"from": [4.7, 11.25, 5.75],
			"to": [5.2, 13.75, 13.5],
			"rotation": {"angle": -22.5, "axis": "z", "origin": [12, 9, 10]},
			"faces": {
				"north": {"uv": [8.25, 0, 8.375, 0.625], "texture": "#0"},
				"east": {"uv": [5.25, 0.75, 7.1875, 1.375], "texture": "#0"},
				"south": {"uv": [8.25, 0.75, 8.375, 1.375], "texture": "#0"},
				"west": {"uv": [5.25, 1.5, 7.1875, 2.125], "texture": "#0"},
				"up": {"uv": [2.625, 8.9375, 2.5, 7], "texture": "#0"},
				"down": {"uv": [2.875, 7, 2.75, 8.9375], "texture": "#0"}
			}
		},
		{
			"from": [6.08714, 13.17363, 5.75],
			"to": [6.58714, 13.77363, 13.5],
			"rotation": {"angle": 0, "axis": "z", "origin": [6.4, 14, 9.9]},
			"faces": {
				"north": {"uv": [8.75, 1.75, 8.875, 1.875], "texture": "#0"},
				"east": {"uv": [7, 2.25, 8.9375, 2.375], "texture": "#0"},
				"south": {"uv": [8.75, 2, 8.875, 2.125], "texture": "#0"},
				"west": {"uv": [7, 2.5, 8.9375, 2.625], "texture": "#0"},
				"up": {"uv": [3.125, 8.9375, 3, 7], "texture": "#0"},
				"down": {"uv": [3.375, 7, 3.25, 8.9375], "texture": "#0"}
			}
		},
		{
			"from": [7.08714, 14.17363, 5.75],
			"to": [7.58714, 14.77363, 13.5],
			"rotation": {"angle": 0, "axis": "y", "origin": [6.4, 14, 9.9]},
			"faces": {
				"north": {"uv": [8.75, 3, 8.875, 3.125], "texture": "#0"},
				"east": {"uv": [7, 2.75, 8.9375, 2.875], "texture": "#0"},
				"south": {"uv": [8.75, 3.25, 8.875, 3.375], "texture": "#0"},
				"west": {"uv": [7, 4.25, 8.9375, 4.375], "texture": "#0"},
				"up": {"uv": [3.625, 8.9375, 3.5, 7], "texture": "#0"},
				"down": {"uv": [3.875, 7, 3.75, 8.9375], "texture": "#0"}
			}
		},
		{
			"from": [11.08714, 12.92363, 5.75],
			"to": [11.58714, 13.52363, 13.5],
			"rotation": {"angle": 0, "axis": "y", "origin": [6.4, 14, 9.9]},
			"faces": {
				"north": {"uv": [8.75, 3.5, 8.875, 3.625], "texture": "#0"},
				"east": {"uv": [7, 4.5, 8.9375, 4.625], "texture": "#0"},
				"south": {"uv": [8.75, 3.75, 8.875, 3.875], "texture": "#0"},
				"west": {"uv": [7, 4.75, 8.9375, 4.875], "texture": "#0"},
				"up": {"uv": [4.125, 8.9375, 4, 7], "texture": "#0"},
				"down": {"uv": [4.375, 7, 4.25, 8.9375], "texture": "#0"}
			}
		},
		{
			"from": [11.68714, 10.67363, 5.75],
			"to": [12.18714, 11.27363, 13.5],
			"rotation": {"angle": 0, "axis": "y", "origin": [6.4, 14, 9.9]},
			"faces": {
				"north": {"uv": [4.75, 8.75, 4.875, 8.875], "texture": "#0"},
				"east": {"uv": [7, 5, 8.9375, 5.125], "texture": "#0"},
				"south": {"uv": [5, 8.75, 5.125, 8.875], "texture": "#0"},
				"west": {"uv": [7, 5.25, 8.9375, 5.375], "texture": "#0"},
				"up": {"uv": [4.625, 8.9375, 4.5, 7], "texture": "#0"},
				"down": {"uv": [6.375, 7, 6.25, 8.9375], "texture": "#0"}
			}
		},
		{
			"from": [2.5, 12, 3],
			"to": [15.5, 12.5, 16],
			"faces": {
				"north": {"uv": [6.25, 4, 9.5, 4.125], "texture": "#0"},
				"east": {"uv": [0, 6.5, 3.25, 6.625], "texture": "#0"},
				"south": {"uv": [5.75, 6.5, 9, 6.625], "texture": "#0"},
				"west": {"uv": [0, 6.75, 3.25, 6.875], "texture": "#0"},
				"up": {"uv": [3.25, 3.25, 0, 0], "texture": "#0"},
				"down": {"uv": [3.25, 3.25, 0, 6.5], "texture": "#0"}
			}
		}
	],
	"display": {
		"thirdperson_righthand": {
			"scale": [0.5, 0.5, 0.5]
		},
		"thirdperson_lefthand": {
			"scale": [0.5, 0.5, 0.5]
		},
		"gui": {
			"rotation": [-160.03, 20.4, 176.37],
			"translation": [1, -4.5, 0]
		},
		"head": {
			"translation": [0, 10, 0]
		},
		"fixed": {
			"rotation": [-90, 0, 0],
			"translation": [-1.25, 0, -7.75],
			"scale": [1.5, 1.5, 1.5]
		}
	},
	"groups": [
		{
			"name": "korpus",
			"origin": [9, 6, 11],
			"color": 0,
			"children": [0, 1, 2, 3, 4, 5, 6, 7, 8, 9, 10, 11, 12, 13, 14, 15, 16, 17]
		},
		{
			"name": "panel",
			"origin": [6.4, 14, 9.9],
			"color": 0,
			"children": [18, 19, 20, 21, 22, 23, 24, 25, 26, 27]
		},
		28
	]
}
