{
	"credit": "Made by 🌌Pasport🌌 modified by SanyaSho",
	"texture_size": [32, 32],
	"textures": {
		"0": "item/modeldata/props/static_npcs/scanner"
	},
	"elements": [
		{
			"from": [8, 8, 5],
			"to": [9, 13, 10],
			"faces": {
				"north": {"uv": [3, 6, 3.5, 8.5], "texture": "#0"},
				"east": {"uv": [0, 0, 2.5, 2.5], "texture": "#0"},
				"south": {"uv": [3.5, 6, 4, 8.5], "texture": "#0"},
				"west": {"uv": [0, 2.5, 2.5, 5], "texture": "#0"},
				"up": {"uv": [4.5, 8.5, 4, 6], "texture": "#0"},
				"down": {"uv": [5, 6, 4.5, 8.5], "texture": "#0"}
			}
		},
		{
			"from": [10.5, 6, 4.25],
			"to": [12.5, 8, 5],
			"faces": {
				"north": {"uv": [9, 4, 10, 5], "texture": "#0"},
				"east": {"uv": [6.5, 13, 7, 14], "texture": "#0"},
				"south": {"uv": [9, 5.5, 10, 6.5], "texture": "#0"},
				"west": {"uv": [7, 13, 7.5, 14], "texture": "#0"},
				"up": {"uv": [13.5, 11, 12.5, 10.5], "texture": "#0"},
				"down": {"uv": [14, 5, 13, 5.5], "texture": "#0"}
			}
		},
		{
			"from": [5, 8.5, 4],
			"to": [6, 11.5, 4.75],
			"faces": {
				"north": {"uv": [10, 11, 10.5, 12.5], "texture": "#0"},
				"east": {"uv": [11, 11, 11.5, 12.5], "texture": "#0"},
				"south": {"uv": [2, 11.5, 2.5, 13], "texture": "#0"},
				"west": {"uv": [2.5, 11.5, 3, 13], "texture": "#0"},
				"up": {"uv": [11, 14.5, 10.5, 14], "texture": "#0"},
				"down": {"uv": [14.5, 10.5, 14, 11], "texture": "#0"}
			}
		},
		{
			"from": [10, 8.5, 3.75],
			"to": [11, 11.5, 4.5],
			"faces": {
				"north": {"uv": [5, 11.5, 5.5, 13], "texture": "#0"},
				"east": {"uv": [5.5, 11.5, 6, 13], "texture": "#0"},
				"south": {"uv": [6, 11.5, 6.5, 13], "texture": "#0"},
				"west": {"uv": [11.5, 6, 12, 7.5], "texture": "#0"},
				"up": {"uv": [11.5, 14.5, 11, 14], "texture": "#0"},
				"down": {"uv": [14.5, 11, 14, 11.5], "texture": "#0"}
			}
		},
		{
			"from": [11, 8.5, 4],
			"to": [12, 11.5, 4.5],
			"faces": {
				"north": {"uv": [6.5, 11.5, 7, 13], "texture": "#0"},
				"east": {"uv": [10, 13.5, 10.25, 15], "texture": "#0"},
				"south": {"uv": [7, 11.5, 7.5, 13], "texture": "#0"},
				"west": {"uv": [11.5, 13.5, 11.75, 15], "texture": "#0"},
				"up": {"uv": [11, 14.75, 10.5, 14.5], "texture": "#0"},
				"down": {"uv": [15, 10.5, 14.5, 10.75], "texture": "#0"}
			}
		},
		{
			"from": [4.5, 12, 4.25],
			"to": [6.5, 14, 5],
			"faces": {
				"north": {"uv": [9, 6.5, 10, 7.5], "texture": "#0"},
				"east": {"uv": [7.5, 13, 8, 14], "texture": "#0"},
				"south": {"uv": [9, 7.5, 10, 8.5], "texture": "#0"},
				"west": {"uv": [8, 13, 8.5, 14], "texture": "#0"},
				"up": {"uv": [9.5, 13.5, 8.5, 13], "texture": "#0"},
				"down": {"uv": [10.5, 13, 9.5, 13.5], "texture": "#0"}
			}
		},
		{
			"from": [10.75, 12, 4.25],
			"to": [12.75, 14, 5],
			"faces": {
				"north": {"uv": [9, 8.5, 10, 9.5], "texture": "#0"},
				"east": {"uv": [10.5, 13, 11, 14], "texture": "#0"},
				"south": {"uv": [9.5, 0, 10.5, 1], "texture": "#0"},
				"west": {"uv": [11, 13, 11.5, 14], "texture": "#0"},
				"up": {"uv": [14, 11.5, 13, 11], "texture": "#0"},
				"down": {"uv": [12.5, 13, 11.5, 13.5], "texture": "#0"}
			}
		},
		{
			"from": [4.5, 6, 4.25],
			"to": [6.5, 8, 5],
			"faces": {
				"north": {"uv": [1, 9.5, 2, 10.5], "texture": "#0"},
				"east": {"uv": [13, 11.5, 13.5, 12.5], "texture": "#0"},
				"south": {"uv": [9.5, 1, 10.5, 2], "texture": "#0"},
				"west": {"uv": [13, 12.5, 13.5, 13.5], "texture": "#0"},
				"up": {"uv": [1, 14, 0, 13.5], "texture": "#0"},
				"down": {"uv": [14.5, 0, 13.5, 0.5], "texture": "#0"}
			}
		},
		{
			"from": [6, 8.5, 3.75],
			"to": [7, 11.5, 4.5],
			"faces": {
				"north": {"uv": [7.5, 11.5, 8, 13], "texture": "#0"},
				"east": {"uv": [11.5, 7.5, 12, 9], "texture": "#0"},
				"south": {"uv": [8, 11.5, 8.5, 13], "texture": "#0"},
				"west": {"uv": [8.5, 11.5, 9, 13], "texture": "#0"},
				"up": {"uv": [14.5, 12, 14, 11.5], "texture": "#0"},
				"down": {"uv": [12.5, 14, 12, 14.5], "texture": "#0"}
			}
		},
		{
			"from": [7, 11.5, 3.75],
			"to": [10, 12.5, 4.5],
			"faces": {
				"north": {"uv": [11.5, 5, 13, 5.5], "texture": "#0"},
				"east": {"uv": [14, 12, 14.5, 12.5], "texture": "#0"},
				"south": {"uv": [11.5, 11, 13, 11.5], "texture": "#0"},
				"west": {"uv": [12.5, 14, 13, 14.5], "texture": "#0"},
				"up": {"uv": [13, 12, 11.5, 11.5], "texture": "#0"},
				"down": {"uv": [13.5, 0, 12, 0.5], "texture": "#0"}
			}
		},
		{
			"from": [7, 7.5, 3.75],
			"to": [10, 8.5, 4.5],
			"faces": {
				"north": {"uv": [3, 12, 4.5, 12.5], "texture": "#0"},
				"east": {"uv": [14, 12.5, 14.5, 13], "texture": "#0"},
				"south": {"uv": [12, 3.5, 13.5, 4], "texture": "#0"},
				"west": {"uv": [13, 14, 13.5, 14.5], "texture": "#0"},
				"up": {"uv": [13.5, 4.5, 12, 4], "texture": "#0"},
				"down": {"uv": [13.5, 4.5, 12, 5], "texture": "#0"}
			}
		},
		{
			"from": [5, 11.5, 4],
			"to": [12, 13.5, 4.75],
			"faces": {
				"north": {"uv": [2.5, 0, 6, 1], "texture": "#0"},
				"east": {"uv": [13.5, 0.5, 14, 1.5], "texture": "#0"},
				"south": {"uv": [2.5, 1, 6, 2], "texture": "#0"},
				"west": {"uv": [1, 13.5, 1.5, 14.5], "texture": "#0"},
				"up": {"uv": [3.5, 6, 0, 5.5], "texture": "#0"},
				"down": {"uv": [7, 5.5, 3.5, 6], "texture": "#0"}
			}
		},
		{
			"from": [5, 6.5, 4],
			"to": [12, 8.5, 4.75],
			"faces": {
				"north": {"uv": [2.5, 2, 6, 3], "texture": "#0"},
				"east": {"uv": [1.5, 13.5, 2, 14.5], "texture": "#0"},
				"south": {"uv": [2.5, 3, 6, 4], "texture": "#0"},
				"west": {"uv": [13.5, 1.5, 14, 2.5], "texture": "#0"},
				"up": {"uv": [9, 4.5, 5.5, 4], "texture": "#0"},
				"down": {"uv": [9, 4.5, 5.5, 5], "texture": "#0"}
			}
		},
		{
			"from": [7, 9.5, 3.5],
			"to": [8, 10.5, 4.5],
			"faces": {
				"north": {"uv": [14, 13, 14.5, 13.5], "texture": "#0"},
				"east": {"uv": [13.5, 14, 14, 14.5], "texture": "#0"},
				"south": {"uv": [14, 13.5, 14.5, 14], "texture": "#0"},
				"west": {"uv": [14, 14, 14.5, 14.5], "texture": "#0"},
				"up": {"uv": [0.5, 15, 0, 14.5], "texture": "#0"},
				"down": {"uv": [15, 0, 14.5, 0.5], "texture": "#0"}
			}
		},
		{
			"from": [9, 9.5, 3.5],
			"to": [10, 10.5, 4.5],
			"faces": {
				"north": {"uv": [0.5, 14.5, 1, 15], "texture": "#0"},
				"east": {"uv": [14.5, 0.5, 15, 1], "texture": "#0"},
				"south": {"uv": [1, 14.5, 1.5, 15], "texture": "#0"},
				"west": {"uv": [14.5, 1, 15, 1.5], "texture": "#0"},
				"up": {"uv": [2, 15, 1.5, 14.5], "texture": "#0"},
				"down": {"uv": [15, 1.5, 14.5, 2], "texture": "#0"}
			}
		},
		{
			"from": [7, 10.5, 3.5],
			"to": [10, 11.5, 4.5],
			"faces": {
				"north": {"uv": [12, 5.5, 13.5, 6], "texture": "#0"},
				"east": {"uv": [2, 14.5, 2.5, 15], "texture": "#0"},
				"south": {"uv": [12, 6, 13.5, 6.5], "texture": "#0"},
				"west": {"uv": [14.5, 2, 15, 2.5], "texture": "#0"},
				"up": {"uv": [13.5, 7, 12, 6.5], "texture": "#0"},
				"down": {"uv": [13.5, 7, 12, 7.5], "texture": "#0"}
			}
		},
		{
			"from": [7, 8.5, 3.5],
			"to": [10, 9.5, 4.5],
			"faces": {
				"north": {"uv": [12, 7.5, 13.5, 8], "texture": "#0"},
				"east": {"uv": [2.5, 14.5, 3, 15], "texture": "#0"},
				"south": {"uv": [12, 8, 13.5, 8.5], "texture": "#0"},
				"west": {"uv": [3, 14.5, 3.5, 15], "texture": "#0"},
				"up": {"uv": [13.5, 9, 12, 8.5], "texture": "#0"},
				"down": {"uv": [13.5, 9, 12, 9.5], "texture": "#0"}
			}
		},
		{
			"from": [8, 9.5, 4],
			"to": [9, 10.5, 5],
			"faces": {
				"north": {"uv": [3.5, 14.5, 4, 15], "texture": "#0"},
				"east": {"uv": [4, 14.5, 4.5, 15], "texture": "#0"},
				"south": {"uv": [4.5, 14.5, 5, 15], "texture": "#0"},
				"west": {"uv": [5, 14.5, 5.5, 15], "texture": "#0"},
				"up": {"uv": [15, 5.5, 14.5, 5], "texture": "#0"},
				"down": {"uv": [6, 14.5, 5.5, 15], "texture": "#0"}
			}
		},
		{
			"from": [10.25, 12.4, 6],
			"to": [11.05, 12.6, 9.5],
			"rotation": {"angle": -22.5, "axis": "x", "origin": [11, 11.75, 7.5]},
			"faces": {
				"north": {"uv": [6, 14.5, 6.5, 14.75], "texture": "#0"},
				"east": {"uv": [13.5, 3.5, 15.25, 3.75], "texture": "#0"},
				"south": {"uv": [6.5, 14.5, 7, 14.75], "texture": "#0"},
				"west": {"uv": [13.5, 4, 15.25, 4.25], "texture": "#0"},
				"up": {"uv": [2.5, 11.25, 2, 9.5], "texture": "#0"},
				"down": {"uv": [3, 9.5, 2.5, 11.25], "texture": "#0"}
			}
		},
		{
			"from": [8, 14, 5],
			"to": [9, 15, 8],
			"faces": {
				"north": {"uv": [12, 13.5, 12.5, 14], "texture": "#0"},
				"east": {"uv": [10.5, 3.5, 12, 4], "texture": "#0"},
				"south": {"uv": [13.5, 12, 14, 12.5], "texture": "#0"},
				"west": {"uv": [10.5, 4, 12, 4.5], "texture": "#0"},
				"up": {"uv": [4.5, 12, 4, 10.5], "texture": "#0"},
				"down": {"uv": [5, 10.5, 4.5, 12], "texture": "#0"}
			}
		},
		{
			"from": [8, 13.2, 8],
			"to": [9, 14.2, 11],
			"rotation": {"angle": 22.5, "axis": "x", "origin": [8.25, 14.5, 10]},
			"faces": {
				"north": {"uv": [12.5, 13.5, 13, 14], "texture": "#0"},
				"east": {"uv": [10.5, 4.5, 12, 5], "texture": "#0"},
				"south": {"uv": [13.5, 12.5, 14, 13], "texture": "#0"},
				"west": {"uv": [10.5, 5.5, 12, 6], "texture": "#0"},
				"up": {"uv": [11, 7.5, 10.5, 6], "texture": "#0"},
				"down": {"uv": [11, 7.5, 10.5, 9], "texture": "#0"}
			}
		},
		{
			"from": [8, 13.6, 11],
			"to": [9, 14.6, 14],
			"rotation": {"angle": 45, "axis": "x", "origin": [8.25, 14.5, 10]},
			"faces": {
				"north": {"uv": [13, 13.5, 13.5, 14], "texture": "#0"},
				"east": {"uv": [10.5, 9, 12, 9.5], "texture": "#0"},
				"south": {"uv": [13.5, 13, 14, 13.5], "texture": "#0"},
				"west": {"uv": [10.5, 9.5, 12, 10], "texture": "#0"},
				"up": {"uv": [11, 11.5, 10.5, 10], "texture": "#0"},
				"down": {"uv": [0.5, 11, 0, 12.5], "texture": "#0"}
			}
		},
		{
			"from": [9, 11.13033, 9.34835],
			"to": [10, 12.13033, 12.34835],
			"rotation": {"angle": -22.5, "axis": "y", "origin": [8.5, 12.25, 11.5]},
			"faces": {
				"north": {"uv": [13.5, 13.5, 14, 14], "texture": "#0"},
				"east": {"uv": [11, 0.5, 12.5, 1], "texture": "#0"},
				"south": {"uv": [0, 14, 0.5, 14.5], "texture": "#0"},
				"west": {"uv": [11, 1, 12.5, 1.5], "texture": "#0"},
				"up": {"uv": [1, 12.5, 0.5, 11], "texture": "#0"},
				"down": {"uv": [1.5, 11, 1, 12.5], "texture": "#0"}
			}
		},
		{
			"from": [7, 11.13033, 9.34835],
			"to": [8, 12.13033, 12.34835],
			"rotation": {"angle": 22.5, "axis": "y", "origin": [8.5, 12.25, 11.5]},
			"faces": {
				"north": {"uv": [0.5, 14, 1, 14.5], "texture": "#0"},
				"east": {"uv": [11, 1.5, 12.5, 2], "texture": "#0"},
				"south": {"uv": [14, 0.5, 14.5, 1], "texture": "#0"},
				"west": {"uv": [11, 2, 12.5, 2.5], "texture": "#0"},
				"up": {"uv": [11.5, 7.5, 11, 6], "texture": "#0"},
				"down": {"uv": [11.5, 7.5, 11, 9], "texture": "#0"}
			}
		},
		{
			"from": [9.75, 11.13033, 6.69835],
			"to": [10.75, 12.13033, 10.09835],
			"rotation": {"angle": 0, "axis": "y", "origin": [8.5, 12.25, 11.5]},
			"faces": {
				"north": {"uv": [14, 1, 14.5, 1.5], "texture": "#0"},
				"east": {"uv": [0, 5, 1.75, 5.5], "texture": "#0"},
				"south": {"uv": [14, 1.5, 14.5, 2], "texture": "#0"},
				"west": {"uv": [7, 3, 8.75, 3.5], "texture": "#0"},
				"up": {"uv": [6.5, 11.25, 6, 9.5], "texture": "#0"},
				"down": {"uv": [7, 9.5, 6.5, 11.25], "texture": "#0"}
			}
		},
		{
			"from": [6.25, 11.13033, 6.69835],
			"to": [7.25, 12.13033, 10.09835],
			"rotation": {"angle": 0, "axis": "y", "origin": [8.5, 12.25, 11.5]},
			"faces": {
				"north": {"uv": [2, 14, 2.5, 14.5], "texture": "#0"},
				"east": {"uv": [9, 3, 10.75, 3.5], "texture": "#0"},
				"south": {"uv": [14, 2, 14.5, 2.5], "texture": "#0"},
				"west": {"uv": [9.5, 5, 11.25, 5.5], "texture": "#0"},
				"up": {"uv": [7.5, 11.25, 7, 9.5], "texture": "#0"},
				"down": {"uv": [8, 9.5, 7.5, 11.25], "texture": "#0"}
			}
		},
		{
			"from": [8.75, 11.5, 5.75],
			"to": [9.75, 15.5, 6.75],
			"rotation": {"angle": 22.5, "axis": "z", "origin": [11, 14.5, 6]},
			"faces": {
				"north": {"uv": [7.5, 0, 8, 2], "texture": "#0"},
				"east": {"uv": [6, 7.5, 6.5, 9.5], "texture": "#0"},
				"south": {"uv": [6.5, 7.5, 7, 9.5], "texture": "#0"},
				"west": {"uv": [8, 0, 8.5, 2], "texture": "#0"},
				"up": {"uv": [3, 14.5, 2.5, 14], "texture": "#0"},
				"down": {"uv": [5, 14, 4.5, 14.5], "texture": "#0"}
			}
		},
		{
			"from": [10, 9.3, 5.75],
			"to": [11, 11.3, 6.75],
			"rotation": {"angle": 0, "axis": "z", "origin": [11, 14.5, 6]},
			"faces": {
				"north": {"uv": [4, 12.5, 4.5, 13.5], "texture": "#0"},
				"east": {"uv": [12.5, 12.5, 13, 13.5], "texture": "#0"},
				"south": {"uv": [2, 13, 2.5, 14], "texture": "#0"},
				"west": {"uv": [2.5, 13, 3, 14], "texture": "#0"},
				"up": {"uv": [5.5, 14.5, 5, 14], "texture": "#0"},
				"down": {"uv": [14.5, 5, 14, 5.5], "texture": "#0"}
			}
		},
		{
			"from": [6.1, 9.2, 5.75],
			"to": [7.1, 11.2, 6.75],
			"rotation": {"angle": 0, "axis": "y", "origin": [11, 14.5, 6]},
			"faces": {
				"north": {"uv": [4.5, 13, 5, 14], "texture": "#0"},
				"east": {"uv": [5, 13, 5.5, 14], "texture": "#0"},
				"south": {"uv": [5.5, 13, 6, 14], "texture": "#0"},
				"west": {"uv": [6, 13, 6.5, 14], "texture": "#0"},
				"up": {"uv": [6, 14.5, 5.5, 14], "texture": "#0"},
				"down": {"uv": [6.5, 14, 6, 14.5], "texture": "#0"}
			}
		},
		{
			"from": [7.75, 9.5, 5.75],
			"to": [8.75, 13.5, 6.75],
			"rotation": {"angle": -22.5, "axis": "z", "origin": [11, 14.5, 6]},
			"faces": {
				"north": {"uv": [8, 5.5, 8.5, 7.5], "texture": "#0"},
				"east": {"uv": [8, 7.5, 8.5, 9.5], "texture": "#0"},
				"south": {"uv": [0, 8.5, 0.5, 10.5], "texture": "#0"},
				"west": {"uv": [8.5, 0, 9, 2], "texture": "#0"},
				"up": {"uv": [7, 14.5, 6.5, 14], "texture": "#0"},
				"down": {"uv": [7.5, 14, 7, 14.5], "texture": "#0"}
			}
		},
		{
			"from": [10, 5.4, 5.35],
			"to": [11, 9.4, 6.35],
			"rotation": {"angle": 22.5, "axis": "x", "origin": [10.5, 8.25, 6.25]},
			"faces": {
				"north": {"uv": [0.5, 8.5, 1, 10.5], "texture": "#0"},
				"east": {"uv": [3, 8.5, 3.5, 10.5], "texture": "#0"},
				"south": {"uv": [3.5, 8.5, 4, 10.5], "texture": "#0"},
				"west": {"uv": [4, 8.5, 4.5, 10.5], "texture": "#0"},
				"up": {"uv": [8, 14.5, 7.5, 14], "texture": "#0"},
				"down": {"uv": [8.5, 14, 8, 14.5], "texture": "#0"}
			}
		},
		{
			"from": [7, 5.4, 5.35],
			"to": [10, 6.4, 6.35],
			"rotation": {"angle": 22.5, "axis": "x", "origin": [10.5, 8.25, 6.25]},
			"faces": {
				"north": {"uv": [11, 2.5, 12.5, 3], "texture": "#0"},
				"east": {"uv": [14, 8, 14.5, 8.5], "texture": "#0"},
				"south": {"uv": [11, 3, 12.5, 3.5], "texture": "#0"},
				"west": {"uv": [14, 8.5, 14.5, 9], "texture": "#0"},
				"up": {"uv": [12.5, 10.5, 11, 10], "texture": "#0"},
				"down": {"uv": [12.5, 10.5, 11, 11], "texture": "#0"}
			}
		},
		{
			"from": [6.1, 5.4, 5.35],
			"to": [7.1, 9.4, 6.35],
			"rotation": {"angle": 22.5, "axis": "x", "origin": [10.5, 8.25, 6.25]},
			"faces": {
				"north": {"uv": [4.5, 8.5, 5, 10.5], "texture": "#0"},
				"east": {"uv": [8.5, 5.5, 9, 7.5], "texture": "#0"},
				"south": {"uv": [8.5, 7.5, 9, 9.5], "texture": "#0"},
				"west": {"uv": [9, 0, 9.5, 2], "texture": "#0"},
				"up": {"uv": [14.5, 9.5, 14, 9], "texture": "#0"},
				"down": {"uv": [14.5, 9.5, 14, 10], "texture": "#0"}
			}
		},
		{
			"from": [5.95, 10.75, 5.5],
			"to": [6.75, 12.25, 7],
			"faces": {
				"north": {"uv": [3, 13.5, 3.5, 14.25], "texture": "#0"},
				"east": {"uv": [0, 12.5, 0.75, 13.25], "texture": "#0"},
				"south": {"uv": [3.5, 13.5, 4, 14.25], "texture": "#0"},
				"west": {"uv": [12.5, 0.5, 13.25, 1.25], "texture": "#0"},
				"up": {"uv": [4.5, 14.25, 4, 13.5], "texture": "#0"},
				"down": {"uv": [14, 8, 13.5, 8.75], "texture": "#0"}
			}
		},
		{
			"from": [10.25, 10.75, 5.5],
			"to": [11.05, 12.25, 7],
			"faces": {
				"north": {"uv": [8.5, 13.5, 9, 14.25], "texture": "#0"},
				"east": {"uv": [1, 12.5, 1.75, 13.25], "texture": "#0"},
				"south": {"uv": [9, 13.5, 9.5, 14.25], "texture": "#0"},
				"west": {"uv": [12.5, 1.5, 13.25, 2.25], "texture": "#0"},
				"up": {"uv": [14, 9.75, 13.5, 9], "texture": "#0"},
				"down": {"uv": [10, 13.5, 9.5, 14.25], "texture": "#0"}
			}
		},
		{
			"from": [10.25, 11.4, 6],
			"to": [11.05, 11.6, 9.5],
			"rotation": {"angle": -22.5, "axis": "x", "origin": [11, 11.75, 7.5]},
			"faces": {
				"north": {"uv": [7, 14.5, 7.5, 14.75], "texture": "#0"},
				"east": {"uv": [13.5, 4.5, 15.25, 4.75], "texture": "#0"},
				"south": {"uv": [7.5, 14.5, 8, 14.75], "texture": "#0"},
				"west": {"uv": [13.5, 5.5, 15.25, 5.75], "texture": "#0"},
				"up": {"uv": [8.5, 11.25, 8, 9.5], "texture": "#0"},
				"down": {"uv": [9, 9.5, 8.5, 11.25], "texture": "#0"}
			}
		},
		{
			"from": [5.95, 12.4, 6],
			"to": [6.75, 12.6, 9.5],
			"rotation": {"angle": -22.5, "axis": "x", "origin": [11, 11.75, 7.5]},
			"faces": {
				"north": {"uv": [8, 14.5, 8.5, 14.75], "texture": "#0"},
				"east": {"uv": [13.5, 6, 15.25, 6.25], "texture": "#0"},
				"south": {"uv": [14.5, 8, 15, 8.25], "texture": "#0"},
				"west": {"uv": [13.5, 6.5, 15.25, 6.75], "texture": "#0"},
				"up": {"uv": [9.5, 11.25, 9, 9.5], "texture": "#0"},
				"down": {"uv": [10, 9.5, 9.5, 11.25], "texture": "#0"}
			}
		},
		{
			"from": [5.95, 11.9, 6],
			"to": [6.75, 12.1, 10.5],
			"rotation": {"angle": -22.5, "axis": "x", "origin": [11, 11.75, 7.5]},
			"faces": {
				"north": {"uv": [8.5, 14.5, 9, 14.75], "texture": "#0"},
				"east": {"uv": [12.5, 2.5, 14.75, 2.75], "texture": "#0"},
				"south": {"uv": [14.5, 8.5, 15, 8.75], "texture": "#0"},
				"west": {"uv": [12.5, 3, 14.75, 3.25], "texture": "#0"},
				"up": {"uv": [1.5, 9.25, 1, 7], "texture": "#0"},
				"down": {"uv": [2, 7, 1.5, 9.25], "texture": "#0"}
			}
		},
		{
			"from": [5.95, 11.4, 6],
			"to": [6.75, 11.6, 9.5],
			"rotation": {"angle": -22.5, "axis": "x", "origin": [11, 11.75, 7.5]},
			"faces": {
				"north": {"uv": [9, 14.5, 9.5, 14.75], "texture": "#0"},
				"east": {"uv": [13.5, 7, 15.25, 7.25], "texture": "#0"},
				"south": {"uv": [14.5, 9, 15, 9.25], "texture": "#0"},
				"west": {"uv": [13.5, 7.5, 15.25, 7.75], "texture": "#0"},
				"up": {"uv": [10.5, 7.25, 10, 5.5], "texture": "#0"},
				"down": {"uv": [10.5, 7.5, 10, 9.25], "texture": "#0"}
			}
		},
		{
			"from": [10.25, 11.9, 6],
			"to": [11.05, 12.1, 10.5],
			"rotation": {"angle": -22.5, "axis": "x", "origin": [11, 11.75, 7.5]},
			"faces": {
				"north": {"uv": [9.5, 14.5, 10, 14.75], "texture": "#0"},
				"east": {"uv": [10, 12.5, 12.25, 12.75], "texture": "#0"},
				"south": {"uv": [14.5, 9.5, 15, 9.75], "texture": "#0"},
				"west": {"uv": [12.5, 10, 14.75, 10.25], "texture": "#0"},
				"up": {"uv": [2.5, 9.25, 2, 7], "texture": "#0"},
				"down": {"uv": [3, 7, 2.5, 9.25], "texture": "#0"}
			}
		},
		{
			"from": [7.75, 9.25, 9.9],
			"to": [9.25, 12.25, 12.9],
			"faces": {
				"north": {"uv": [6, 2, 6.75, 3.5], "texture": "#0"},
				"east": {"uv": [2.5, 4, 4, 5.5], "texture": "#0"},
				"south": {"uv": [5, 6, 5.75, 7.5], "texture": "#0"},
				"west": {"uv": [4, 4, 5.5, 5.5], "texture": "#0"},
				"up": {"uv": [6.75, 7.5, 6, 6], "texture": "#0"},
				"down": {"uv": [0.75, 7, 0, 8.5], "texture": "#0"}
			}
		},
		{
			"from": [8, 10, 12.4],
			"to": [9, 12, 15.4],
			"rotation": {"angle": -22.5, "axis": "x", "origin": [9, 10.75, 14.5]},
			"faces": {
				"north": {"uv": [10.5, 11.5, 11, 12.5], "texture": "#0"},
				"east": {"uv": [0, 6, 1.5, 7], "texture": "#0"},
				"south": {"uv": [4.5, 12, 5, 13], "texture": "#0"},
				"west": {"uv": [6, 0, 7.5, 1], "texture": "#0"},
				"up": {"uv": [10.5, 5, 10, 3.5], "texture": "#0"},
				"down": {"uv": [10.5, 9.5, 10, 11], "texture": "#0"}
			}
		},
		{
			"from": [8, 9, 17.4],
			"to": [9, 10, 20.4],
			"rotation": {"angle": -22.5, "axis": "x", "origin": [9, 10.75, 14.5]},
			"faces": {
				"north": {"uv": [2, 5, 2.5, 5.5], "texture": "#0"},
				"east": {"uv": [0, 10.5, 1.5, 11], "texture": "#0"},
				"south": {"uv": [1.5, 12, 2, 12.5], "texture": "#0"},
				"west": {"uv": [10.5, 0, 12, 0.5], "texture": "#0"},
				"up": {"uv": [11, 2, 10.5, 0.5], "texture": "#0"},
				"down": {"uv": [2, 10.5, 1.5, 12], "texture": "#0"}
			}
		},
		{
			"from": [8, 10.25, 14.8],
			"to": [9, 12.25, 17.8],
			"rotation": {"angle": 0, "axis": "x", "origin": [9, 11.25, 16.5]},
			"faces": {
				"north": {"uv": [3, 12.5, 3.5, 13.5], "texture": "#0"},
				"east": {"uv": [6, 1, 7.5, 2], "texture": "#0"},
				"south": {"uv": [3.5, 12.5, 4, 13.5], "texture": "#0"},
				"west": {"uv": [1.5, 6, 3, 7], "texture": "#0"},
				"up": {"uv": [3.5, 12, 3, 10.5], "texture": "#0"},
				"down": {"uv": [4, 10.5, 3.5, 12], "texture": "#0"}
			}
		},
		{
			"from": [7.75, 11.5, 14.8],
			"to": [8, 12, 22.8],
			"rotation": {"angle": 0, "axis": "y", "origin": [9, 11.25, 16.5]},
			"faces": {
				"north": {"uv": [11, 14.5, 11.25, 14.75], "texture": "#0"},
				"east": {"uv": [5.5, 5, 9.5, 5.25], "texture": "#0"},
				"south": {"uv": [14.5, 11, 14.75, 11.25], "texture": "#0"},
				"west": {"uv": [6, 3.5, 10, 3.75], "texture": "#0"},
				"up": {"uv": [7.25, 9.5, 7, 5.5], "texture": "#0"},
				"down": {"uv": [5.25, 7.5, 5, 11.5], "texture": "#0"}
			}
		},
		{
			"from": [8, 11.25, 17.8],
			"to": [9, 12.25, 20.3],
			"rotation": {"angle": 0, "axis": "y", "origin": [9, 11.25, 16.5]},
			"faces": {
				"north": {"uv": [13.5, 10.5, 14, 11], "texture": "#0"},
				"east": {"uv": [12, 9.5, 13.25, 10], "texture": "#0"},
				"south": {"uv": [13.5, 11.5, 14, 12], "texture": "#0"},
				"west": {"uv": [11.5, 12, 12.75, 12.5], "texture": "#0"},
				"up": {"uv": [9.5, 12.75, 9, 11.5], "texture": "#0"},
				"down": {"uv": [10, 11.5, 9.5, 12.75], "texture": "#0"}
			}
		},
		{
			"from": [9, 11.5, 14.8],
			"to": [9.25, 12, 22.8],
			"rotation": {"angle": 0, "axis": "y", "origin": [9, 11.25, 16.5]},
			"faces": {
				"north": {"uv": [14.5, 11.5, 14.75, 11.75], "texture": "#0"},
				"east": {"uv": [7, 2, 11, 2.25], "texture": "#0"},
				"south": {"uv": [12, 14.5, 12.25, 14.75], "texture": "#0"},
				"west": {"uv": [7, 2.5, 11, 2.75], "texture": "#0"},
				"up": {"uv": [5.75, 11.5, 5.5, 7.5], "texture": "#0"},
				"down": {"uv": [7.75, 5.5, 7.5, 9.5], "texture": "#0"}
			}
		}
	],
	"display": {
		"thirdperson_righthand": {
			"scale": [0.5, 0.5, 0.5]
		},
		"thirdperson_lefthand": {
			"scale": [0.5, 0.5, 0.5]
		},
		"gui": {
			"rotation": [-158, 54, -180],
			"translation": [-2.5, -2.5, 0]
		},
		"head": {
			"translation": [0, 10.5, 0]
		},
		"fixed": {
			"translation": [0, -10.25, 1.5],
			"scale": [4, 4, 4]
		}
	},
	"groups": [
		0,
		{
			"name": "head",
			"origin": [0, 0, 0],
			"color": 0,
			"children": [1, 2, 3, 4, 5, 6, 7, 8, 9, 10, 11, 12, 13, 14, 15, 16, 17]
		},
		{
			"name": "body",
			"origin": [11, 11.75, 7.5],
			"color": 0,
			"children": [18, 19, 20, 21, 22, 23, 24, 25, 26, 27, 28, 29, 30, 31, 32, 33, 34, 35, 36, 37, 38, 39]
		},
		{
			"name": "hvost",
			"origin": [9, 11.25, 16.5],
			"color": 0,
			"children": [40, 41, 42, 43, 44, 45, 46]
		}
	]
}
