{
	"credit": "Made with Blockbench",
	"texture_size": [64, 64],
	"textures": {
		"0": "item/modeldata/props/static_npcs/vort1"
	},
	"elements": [
		{
			"from": [6.5, 10.68506, 3.82193],
			"to": [9.5, 13.68506, 6.82193],
			"rotation": {"angle": 0, "axis": "y", "origin": [5.5, -0.31494, 6.07193]},
			"faces": {
				"north": {"uv": [0.75, 3.5, 1.5, 4.25], "texture": "#0"},
				"east": {"uv": [0, 3.5, 0.75, 4.25], "texture": "#0"},
				"south": {"uv": [2.25, 3.5, 3, 4.25], "texture": "#0"},
				"west": {"uv": [1.5, 3.5, 2.25, 4.25], "texture": "#0"},
				"up": {"uv": [1.5, 3.5, 0.75, 2.75], "texture": "#0"},
				"down": {"uv": [2.25, 2.75, 1.5, 3.5], "texture": "#0"}
			}
		},
		{
			"from": [9.5, 11.68506, 4.82193],
			"to": [10.5, 12.68506, 5.82193],
			"rotation": {"angle": 0, "axis": "y", "origin": [5.5, -0.31494, 6.07193]},
			"faces": {
				"north": {"uv": [4.25, 7.75, 4.5, 8], "texture": "#0"},
				"east": {"uv": [4, 7.75, 4.25, 8], "texture": "#0"},
				"south": {"uv": [4.75, 7.75, 5, 8], "texture": "#0"},
				"west": {"uv": [4.5, 7.75, 4.75, 8], "texture": "#0"},
				"up": {"uv": [4.5, 7.75, 4.25, 7.5], "texture": "#0"},
				"down": {"uv": [4.75, 7.5, 4.5, 7.75], "texture": "#0"}
			}
		},
		{
			"from": [5.5, 11.68506, 4.82193],
			"to": [6.5, 12.68506, 5.82193],
			"rotation": {"angle": 0, "axis": "y", "origin": [5.5, -0.31494, 6.07193]},
			"faces": {
				"north": {"uv": [3.25, 7.75, 3.5, 8], "texture": "#0"},
				"east": {"uv": [3, 7.75, 3.25, 8], "texture": "#0"},
				"south": {"uv": [3.75, 7.75, 4, 8], "texture": "#0"},
				"west": {"uv": [3.5, 7.75, 3.75, 8], "texture": "#0"},
				"up": {"uv": [3.5, 7.75, 3.25, 7.5], "texture": "#0"},
				"down": {"uv": [3.75, 7.5, 3.5, 7.75], "texture": "#0"}
			}
		},
		{
			"from": [7, 9.91446, 3.66865],
			"to": [9, 10.91446, 4.66865],
			"rotation": {"angle": 22.5, "axis": "x", "origin": [7.5, 10.41446, 4.16865]},
			"faces": {
				"north": {"uv": [7.25, 3.5, 7.75, 3.75], "texture": "#0"},
				"east": {"uv": [7, 3.5, 7.25, 3.75], "texture": "#0"},
				"south": {"uv": [8, 3.5, 8.5, 3.75], "texture": "#0"},
				"west": {"uv": [7.75, 3.5, 8, 3.75], "texture": "#0"},
				"up": {"uv": [7.75, 3.5, 7.25, 3.25], "texture": "#0"},
				"down": {"uv": [8.25, 3.25, 7.75, 3.5], "texture": "#0"}
			}
		},
		{
			"from": [5.5, 0, 7],
			"to": [6.5, 1, 8],
			"rotation": {"angle": 0, "axis": "y", "origin": [5.5, 0, 7]},
			"faces": {
				"north": {"uv": [2.25, 7.75, 2.5, 8], "texture": "#0"},
				"east": {"uv": [2, 7.75, 2.25, 8], "texture": "#0"},
				"south": {"uv": [2.75, 7.75, 3, 8], "texture": "#0"},
				"west": {"uv": [2.5, 7.75, 2.75, 8], "texture": "#0"},
				"up": {"uv": [2.5, 7.75, 2.25, 7.5], "texture": "#0"},
				"down": {"uv": [2.75, 7.5, 2.5, 7.75], "texture": "#0"}
			}
		},
		{
			"from": [5.5, 0.25, 7.7],
			"to": [6.5, 1.25, 8.7],
			"rotation": {"angle": -22.5, "axis": "x", "origin": [6, 1.5, 8.5]},
			"faces": {
				"north": {"uv": [1.25, 7.75, 1.5, 8], "texture": "#0"},
				"east": {"uv": [1, 7.75, 1.25, 8], "texture": "#0"},
				"south": {"uv": [1.75, 7.75, 2, 8], "texture": "#0"},
				"west": {"uv": [1.5, 7.75, 1.75, 8], "texture": "#0"},
				"up": {"uv": [1.5, 7.75, 1.25, 7.5], "texture": "#0"},
				"down": {"uv": [1.75, 7.5, 1.5, 7.75], "texture": "#0"}
			}
		},
		{
			"from": [5.5, 0.7706, 9.15328],
			"to": [6.5, 4.7706, 10.15328],
			"rotation": {"angle": 22.5, "axis": "x", "origin": [6, 2.2706, 9.65328]},
			"faces": {
				"north": {"uv": [2.75, 6.5, 3, 7.5], "texture": "#0"},
				"east": {"uv": [2.5, 6.5, 2.75, 7.5], "texture": "#0"},
				"south": {"uv": [3.25, 6.5, 3.5, 7.5], "texture": "#0"},
				"west": {"uv": [3, 6.5, 3.25, 7.5], "texture": "#0"},
				"up": {"uv": [3, 6.5, 2.75, 6.25], "texture": "#0"},
				"down": {"uv": [3.25, 6.25, 3, 6.5], "texture": "#0"}
			}
		},
		{
			"from": [5.5, 4.19238, 8.03283],
			"to": [6.5, 5.19238, 11.03283],
			"rotation": {"angle": 22.5, "axis": "x", "origin": [6, 4.69238, 9.03283]},
			"faces": {
				"north": {"uv": [4.75, 6.25, 5, 6.5], "texture": "#0"},
				"east": {"uv": [4, 6.25, 4.75, 6.5], "texture": "#0"},
				"south": {"uv": [5.75, 6.25, 6, 6.5], "texture": "#0"},
				"west": {"uv": [5, 6.25, 5.75, 6.5], "texture": "#0"},
				"up": {"uv": [5, 6.25, 4.75, 5.5], "texture": "#0"},
				"down": {"uv": [5.25, 5.5, 5, 6.25], "texture": "#0"}
			}
		},
		{
			"from": [5.5, 5.14909, 8.37745],
			"to": [6.5, 6.14909, 11.37745],
			"rotation": {"angle": -22.5, "axis": "x", "origin": [6, 5.64909, 9.87745]},
			"faces": {
				"north": {"uv": [3.5, 6, 3.75, 6.25], "texture": "#0"},
				"east": {"uv": [2.75, 6, 3.5, 6.25], "texture": "#0"},
				"south": {"uv": [4.5, 6, 4.75, 6.25], "texture": "#0"},
				"west": {"uv": [3.75, 6, 4.5, 6.25], "texture": "#0"},
				"up": {"uv": [3.75, 6, 3.5, 5.25], "texture": "#0"},
				"down": {"uv": [4, 5.25, 3.75, 6], "texture": "#0"}
			}
		},
		{
			"from": [5.5, 0, 8],
			"to": [6.5, 1, 9],
			"rotation": {"angle": 0, "axis": "y", "origin": [5.5, 0, 7]},
			"faces": {
				"north": {"uv": [0.25, 7.75, 0.5, 8], "texture": "#0"},
				"east": {"uv": [0, 7.75, 0.25, 8], "texture": "#0"},
				"south": {"uv": [0.75, 7.75, 1, 8], "texture": "#0"},
				"west": {"uv": [0.5, 7.75, 0.75, 8], "texture": "#0"},
				"up": {"uv": [0.5, 7.75, 0.25, 7.5], "texture": "#0"},
				"down": {"uv": [0.75, 7.5, 0.5, 7.75], "texture": "#0"}
			}
		},
		{
			"from": [5, 0, 9],
			"to": [7, 1, 10],
			"rotation": {"angle": 0, "axis": "y", "origin": [5.5, 0, 7]},
			"faces": {
				"north": {"uv": [7.25, 0.25, 7.75, 0.5], "texture": "#0"},
				"east": {"uv": [7, 0.25, 7.25, 0.5], "texture": "#0"},
				"south": {"uv": [8, 0.25, 8.5, 0.5], "texture": "#0"},
				"west": {"uv": [7.75, 0.25, 8, 0.5], "texture": "#0"},
				"up": {"uv": [7.75, 0.25, 7.25, 0], "texture": "#0"},
				"down": {"uv": [8.25, 0, 7.75, 0.25], "texture": "#0"}
			}
		},
		{
			"from": [4.88791, 0, 7.07716],
			"to": [5.88791, 1, 10.07716],
			"rotation": {"angle": -22.5, "axis": "y", "origin": [5.38791, 0.5, 8.57716]},
			"faces": {
				"north": {"uv": [1.5, 6, 1.75, 6.25], "texture": "#0"},
				"east": {"uv": [0.75, 6, 1.5, 6.25], "texture": "#0"},
				"south": {"uv": [2.5, 6, 2.75, 6.25], "texture": "#0"},
				"west": {"uv": [1.75, 6, 2.5, 6.25], "texture": "#0"},
				"up": {"uv": [1.75, 6, 1.5, 5.25], "texture": "#0"},
				"down": {"uv": [2, 5.25, 1.75, 6], "texture": "#0"}
			}
		},
		{
			"from": [6.11209, 0, 7.07716],
			"to": [7.11209, 1, 10.07716],
			"rotation": {"angle": 22.5, "axis": "y", "origin": [6.61209, 0.5, 8.57716]},
			"faces": {
				"north": {"uv": [5.75, 2.5, 6, 2.75], "texture": "#0"},
				"east": {"uv": [5, 2.5, 5.75, 2.75], "texture": "#0"},
				"south": {"uv": [6.75, 2.5, 7, 2.75], "texture": "#0"},
				"west": {"uv": [6, 2.5, 6.75, 2.75], "texture": "#0"},
				"up": {"uv": [6, 2.5, 5.75, 1.75], "texture": "#0"},
				"down": {"uv": [6.25, 1.75, 6, 2.5], "texture": "#0"}
			}
		},
		{
			"from": [6.64805, 0, 9.77164],
			"to": [7.64805, 1, 10.77164],
			"rotation": {"angle": 0, "axis": "y", "origin": [5.64805, 0, 6.77164]},
			"faces": {
				"north": {"uv": [7.5, 7.5, 7.75, 7.75], "texture": "#0"},
				"east": {"uv": [7.25, 7.5, 7.5, 7.75], "texture": "#0"},
				"south": {"uv": [8, 7.5, 8.25, 7.75], "texture": "#0"},
				"west": {"uv": [7.75, 7.5, 8, 7.75], "texture": "#0"},
				"up": {"uv": [7.75, 7.5, 7.5, 7.25], "texture": "#0"},
				"down": {"uv": [8, 7.25, 7.75, 7.5], "texture": "#0"}
			}
		},
		{
			"from": [4.35195, 0, 9.77164],
			"to": [5.35195, 1, 10.77164],
			"rotation": {"angle": 0, "axis": "y", "origin": [5.35195, 0, 6.77164]},
			"faces": {
				"north": {"uv": [6.5, 7.5, 6.75, 7.75], "texture": "#0"},
				"east": {"uv": [6.25, 7.5, 6.5, 7.75], "texture": "#0"},
				"south": {"uv": [7, 7.5, 7.25, 7.75], "texture": "#0"},
				"west": {"uv": [6.75, 7.5, 7, 7.75], "texture": "#0"},
				"up": {"uv": [6.75, 7.5, 6.5, 7.25], "texture": "#0"},
				"down": {"uv": [7, 7.25, 6.75, 7.5], "texture": "#0"}
			}
		},
		{
			"from": [9.5, 0, 7],
			"to": [10.5, 1, 8],
			"rotation": {"angle": 0, "axis": "y", "origin": [9.5, 0, 7]},
			"faces": {
				"north": {"uv": [7.5, 5.75, 7.75, 6], "texture": "#0"},
				"east": {"uv": [7.25, 5.75, 7.5, 6], "texture": "#0"},
				"south": {"uv": [8, 5.75, 8.25, 6], "texture": "#0"},
				"west": {"uv": [7.75, 5.75, 8, 6], "texture": "#0"},
				"up": {"uv": [7.75, 5.75, 7.5, 5.5], "texture": "#0"},
				"down": {"uv": [8, 5.5, 7.75, 5.75], "texture": "#0"}
			}
		},
		{
			"from": [9.5, 0.25, 7.7],
			"to": [10.5, 1.25, 8.7],
			"rotation": {"angle": -22.5, "axis": "x", "origin": [10, 1.5, 8.5]},
			"faces": {
				"north": {"uv": [5.5, 7.5, 5.75, 7.75], "texture": "#0"},
				"east": {"uv": [5.25, 7.5, 5.5, 7.75], "texture": "#0"},
				"south": {"uv": [6, 7.5, 6.25, 7.75], "texture": "#0"},
				"west": {"uv": [5.75, 7.5, 6, 7.75], "texture": "#0"},
				"up": {"uv": [5.75, 7.5, 5.5, 7.25], "texture": "#0"},
				"down": {"uv": [6, 7.25, 5.75, 7.5], "texture": "#0"}
			}
		},
		{
			"from": [9.5, 0.7706, 9.15328],
			"to": [10.5, 4.7706, 10.15328],
			"rotation": {"angle": 22.5, "axis": "x", "origin": [10, 2.2706, 9.65328]},
			"faces": {
				"north": {"uv": [1.75, 6.5, 2, 7.5], "texture": "#0"},
				"east": {"uv": [1.5, 6.5, 1.75, 7.5], "texture": "#0"},
				"south": {"uv": [2.25, 6.5, 2.5, 7.5], "texture": "#0"},
				"west": {"uv": [2, 6.5, 2.25, 7.5], "texture": "#0"},
				"up": {"uv": [2, 6.5, 1.75, 6.25], "texture": "#0"},
				"down": {"uv": [2.25, 6.25, 2, 6.5], "texture": "#0"}
			}
		},
		{
			"from": [9.5, 4.19238, 8.03283],
			"to": [10.5, 5.19238, 11.03283],
			"rotation": {"angle": 22.5, "axis": "x", "origin": [10, 4.69238, 9.03283]},
			"faces": {
				"north": {"uv": [5.5, 5.25, 5.75, 5.5], "texture": "#0"},
				"east": {"uv": [4.75, 5.25, 5.5, 5.5], "texture": "#0"},
				"south": {"uv": [6.5, 5.25, 6.75, 5.5], "texture": "#0"},
				"west": {"uv": [5.75, 5.25, 6.5, 5.5], "texture": "#0"},
				"up": {"uv": [5.75, 5.25, 5.5, 4.5], "texture": "#0"},
				"down": {"uv": [6, 4.5, 5.75, 5.25], "texture": "#0"}
			}
		},
		{
			"from": [9.5, 5.14909, 8.37745],
			"to": [10.5, 6.14909, 11.37745],
			"rotation": {"angle": -22.5, "axis": "x", "origin": [10, 5.64909, 9.87745]},
			"faces": {
				"north": {"uv": [5.5, 4.25, 5.75, 4.5], "texture": "#0"},
				"east": {"uv": [4.75, 4.25, 5.5, 4.5], "texture": "#0"},
				"south": {"uv": [6.5, 4.25, 6.75, 4.5], "texture": "#0"},
				"west": {"uv": [5.75, 4.25, 6.5, 4.5], "texture": "#0"},
				"up": {"uv": [5.75, 4.25, 5.5, 3.5], "texture": "#0"},
				"down": {"uv": [6, 3.5, 5.75, 4.25], "texture": "#0"}
			}
		},
		{
			"from": [9.5, 0, 8],
			"to": [10.5, 1, 9],
			"rotation": {"angle": 0, "axis": "y", "origin": [9.5, 0, 7]},
			"faces": {
				"north": {"uv": [7.5, 4.25, 7.75, 4.5], "texture": "#0"},
				"east": {"uv": [7.25, 4.25, 7.5, 4.5], "texture": "#0"},
				"south": {"uv": [8, 4.25, 8.25, 4.5], "texture": "#0"},
				"west": {"uv": [7.75, 4.25, 8, 4.5], "texture": "#0"},
				"up": {"uv": [7.75, 4.25, 7.5, 4], "texture": "#0"},
				"down": {"uv": [8, 4, 7.75, 4.25], "texture": "#0"}
			}
		},
		{
			"from": [9, 0, 9],
			"to": [11, 1, 10],
			"rotation": {"angle": 0, "axis": "y", "origin": [9.5, 0, 7]},
			"faces": {
				"north": {"uv": [7, 5.25, 7.5, 5.5], "texture": "#0"},
				"east": {"uv": [6.75, 5.25, 7, 5.5], "texture": "#0"},
				"south": {"uv": [7.75, 5.25, 8.25, 5.5], "texture": "#0"},
				"west": {"uv": [7.5, 5.25, 7.75, 5.5], "texture": "#0"},
				"up": {"uv": [7.5, 5.25, 7, 5], "texture": "#0"},
				"down": {"uv": [8, 5, 7.5, 5.25], "texture": "#0"}
			}
		},
		{
			"from": [8.88791, 0, 7.07716],
			"to": [9.88791, 1, 10.07716],
			"rotation": {"angle": -22.5, "axis": "y", "origin": [9.38791, 0.5, 8.57716]},
			"faces": {
				"north": {"uv": [4.25, 5, 4.5, 5.25], "texture": "#0"},
				"east": {"uv": [3.5, 5, 4.25, 5.25], "texture": "#0"},
				"south": {"uv": [5.25, 5, 5.5, 5.25], "texture": "#0"},
				"west": {"uv": [4.5, 5, 5.25, 5.25], "texture": "#0"},
				"up": {"uv": [4.5, 5, 4.25, 4.25], "texture": "#0"},
				"down": {"uv": [4.75, 4.25, 4.5, 5], "texture": "#0"}
			}
		},
		{
			"from": [10.11209, 0, 7.07716],
			"to": [11.11209, 1, 10.07716],
			"rotation": {"angle": 22.5, "axis": "y", "origin": [10.61209, 0.5, 8.57716]},
			"faces": {
				"north": {"uv": [2.25, 5, 2.5, 5.25], "texture": "#0"},
				"east": {"uv": [1.5, 5, 2.25, 5.25], "texture": "#0"},
				"south": {"uv": [3.25, 5, 3.5, 5.25], "texture": "#0"},
				"west": {"uv": [2.5, 5, 3.25, 5.25], "texture": "#0"},
				"up": {"uv": [2.5, 5, 2.25, 4.25], "texture": "#0"},
				"down": {"uv": [2.75, 4.25, 2.5, 5], "texture": "#0"}
			}
		},
		{
			"from": [10.64805, 0, 9.77164],
			"to": [11.64805, 1, 10.77164],
			"rotation": {"angle": 0, "axis": "y", "origin": [9.64805, 0, 6.77164]},
			"faces": {
				"north": {"uv": [4.75, 3, 5, 3.25], "texture": "#0"},
				"east": {"uv": [4.5, 3, 4.75, 3.25], "texture": "#0"},
				"south": {"uv": [5.25, 3, 5.5, 3.25], "texture": "#0"},
				"west": {"uv": [5, 3, 5.25, 3.25], "texture": "#0"},
				"up": {"uv": [5, 3, 4.75, 2.75], "texture": "#0"},
				"down": {"uv": [5.25, 2.75, 5, 3], "texture": "#0"}
			}
		},
		{
			"from": [8.35195, 0, 9.77164],
			"to": [9.35195, 1, 10.77164],
			"rotation": {"angle": 0, "axis": "y", "origin": [9.35195, 0, 6.77164]},
			"faces": {
				"north": {"uv": [2.5, 3, 2.75, 3.25], "texture": "#0"},
				"east": {"uv": [2.25, 3, 2.5, 3.25], "texture": "#0"},
				"south": {"uv": [3, 3, 3.25, 3.25], "texture": "#0"},
				"west": {"uv": [2.75, 3, 3, 3.25], "texture": "#0"},
				"up": {"uv": [2.75, 3, 2.5, 2.75], "texture": "#0"},
				"down": {"uv": [3, 2.75, 2.75, 3], "texture": "#0"}
			}
		},
		{
			"from": [5, 10.68506, 8.82193],
			"to": [6, 12.68506, 10.82193],
			"rotation": {"angle": 0, "axis": "y", "origin": [8, 8.06827, 9.40223]},
			"faces": {
				"north": {"uv": [6.75, 1.75, 7, 2.25], "texture": "#0"},
				"east": {"uv": [6.25, 1.75, 6.75, 2.25], "texture": "#0"},
				"south": {"uv": [7.5, 1.75, 7.75, 2.25], "texture": "#0"},
				"west": {"uv": [7, 1.75, 7.5, 2.25], "texture": "#0"},
				"up": {"uv": [7, 1.75, 6.75, 1.25], "texture": "#0"},
				"down": {"uv": [7.25, 1.25, 7, 1.75], "texture": "#0"}
			}
		},
		{
			"from": [4.5, 12.18506, 9.32193],
			"to": [6.5, 13.18506, 10.32193],
			"rotation": {"angle": 0, "axis": "y", "origin": [8, 8.06827, 9.40223]},
			"faces": {
				"north": {"uv": [6.75, 6.25, 7.25, 6.5], "texture": "#0"},
				"east": {"uv": [6.5, 6.25, 6.75, 6.5], "texture": "#0"},
				"south": {"uv": [7.5, 6.25, 8, 6.5], "texture": "#0"},
				"west": {"uv": [7.25, 6.25, 7.5, 6.5], "texture": "#0"},
				"up": {"uv": [7.25, 6.25, 6.75, 6], "texture": "#0"},
				"down": {"uv": [7.75, 6, 7.25, 6.25], "texture": "#0"}
			}
		},
		{
			"from": [4, 9.68506, 8.82193],
			"to": [5, 12.68506, 10.82193],
			"rotation": {"angle": 0, "axis": "y", "origin": [8, 8.06827, 9.40223]},
			"faces": {
				"north": {"uv": [0.5, 6.75, 0.75, 7.5], "texture": "#0"},
				"east": {"uv": [0, 6.75, 0.5, 7.5], "texture": "#0"},
				"south": {"uv": [1.25, 6.75, 1.5, 7.5], "texture": "#0"},
				"west": {"uv": [0.75, 6.75, 1.25, 7.5], "texture": "#0"},
				"up": {"uv": [0.75, 6.75, 0.5, 6.25], "texture": "#0"},
				"down": {"uv": [1, 6.25, 0.75, 6.75], "texture": "#0"}
			}
		},
		{
			"from": [4, 6.68506, 9.32193],
			"to": [5, 9.68506, 10.32193],
			"rotation": {"angle": 0, "axis": "x", "origin": [8, 8.06827, 9.40223]},
			"faces": {
				"north": {"uv": [7.25, 2.5, 7.5, 3.25], "texture": "#0"},
				"east": {"uv": [7, 2.5, 7.25, 3.25], "texture": "#0"},
				"south": {"uv": [7.75, 2.5, 8, 3.25], "texture": "#0"},
				"west": {"uv": [7.5, 2.5, 7.75, 3.25], "texture": "#0"},
				"up": {"uv": [7.5, 2.5, 7.25, 2.25], "texture": "#0"},
				"down": {"uv": [7.75, 2.25, 7.5, 2.5], "texture": "#0"}
			}
		},
		{
			"from": [4, 4.1423, 9.78125],
			"to": [5, 7.1423, 10.78125],
			"rotation": {"angle": 22.5, "axis": "x", "origin": [8, 8.06827, 9.40223]},
			"faces": {
				"north": {"uv": [4.75, 6.75, 5, 7.5], "texture": "#0"},
				"east": {"uv": [4.5, 6.75, 4.75, 7.5], "texture": "#0"},
				"south": {"uv": [5.25, 6.75, 5.5, 7.5], "texture": "#0"},
				"west": {"uv": [5, 6.75, 5.25, 7.5], "texture": "#0"},
				"up": {"uv": [5, 6.75, 4.75, 6.5], "texture": "#0"},
				"down": {"uv": [5.25, 6.5, 5, 6.75], "texture": "#0"}
			}
		},
		{
			"from": [4, 3.1423, 9.78125],
			"to": [5, 4.1423, 11.78125],
			"rotation": {"angle": 22.5, "axis": "x", "origin": [8, 8.06827, 9.40223]},
			"faces": {
				"north": {"uv": [6.5, 4, 6.75, 4.25], "texture": "#0"},
				"east": {"uv": [6, 4, 6.5, 4.25], "texture": "#0"},
				"south": {"uv": [7.25, 4, 7.5, 4.25], "texture": "#0"},
				"west": {"uv": [6.75, 4, 7.25, 4.25], "texture": "#0"},
				"up": {"uv": [6.75, 4, 6.5, 3.5], "texture": "#0"},
				"down": {"uv": [7, 3.5, 6.75, 4], "texture": "#0"}
			}
		},
		{
			"from": [10, 10.68506, 8.82193],
			"to": [11, 12.68506, 10.82193],
			"rotation": {"angle": 0, "axis": "y", "origin": [8, 8.06827, 9.40223]},
			"faces": {
				"north": {"uv": [6.5, 0.5, 6.75, 1], "texture": "#0"},
				"east": {"uv": [6, 0.5, 6.5, 1], "texture": "#0"},
				"south": {"uv": [7.25, 0.5, 7.5, 1], "texture": "#0"},
				"west": {"uv": [6.75, 0.5, 7.25, 1], "texture": "#0"},
				"up": {"uv": [6.75, 0.5, 6.5, 0], "texture": "#0"},
				"down": {"uv": [7, 0, 6.75, 0.5], "texture": "#0"}
			}
		},
		{
			"from": [9.5, 12.18506, 9.32193],
			"to": [11.5, 13.18506, 10.32193],
			"rotation": {"angle": 0, "axis": "y", "origin": [8, 8.06827, 9.40223]},
			"faces": {
				"north": {"uv": [6.25, 4.75, 6.75, 5], "texture": "#0"},
				"east": {"uv": [6, 4.75, 6.25, 5], "texture": "#0"},
				"south": {"uv": [7, 4.75, 7.5, 5], "texture": "#0"},
				"west": {"uv": [6.75, 4.75, 7, 5], "texture": "#0"},
				"up": {"uv": [6.75, 4.75, 6.25, 4.5], "texture": "#0"},
				"down": {"uv": [7.25, 4.5, 6.75, 4.75], "texture": "#0"}
			}
		},
		{
			"from": [11, 9.68506, 8.82193],
			"to": [12, 12.68506, 10.82193],
			"rotation": {"angle": 0, "axis": "y", "origin": [8, 8.06827, 9.40223]},
			"faces": {
				"north": {"uv": [6, 6.5, 6.25, 7.25], "texture": "#0"},
				"east": {"uv": [5.5, 6.5, 6, 7.25], "texture": "#0"},
				"south": {"uv": [6.75, 6.5, 7, 7.25], "texture": "#0"},
				"west": {"uv": [6.25, 6.5, 6.75, 7.25], "texture": "#0"},
				"up": {"uv": [6.25, 6.5, 6, 6], "texture": "#0"},
				"down": {"uv": [6.5, 6, 6.25, 6.5], "texture": "#0"}
			}
		},
		{
			"from": [11, 6.68506, 9.32193],
			"to": [12, 9.68506, 10.32193],
			"rotation": {"angle": 0, "axis": "x", "origin": [8, 8.06827, 9.40223]},
			"faces": {
				"north": {"uv": [3.75, 6.75, 4, 7.5], "texture": "#0"},
				"east": {"uv": [3.5, 6.75, 3.75, 7.5], "texture": "#0"},
				"south": {"uv": [4.25, 6.75, 4.5, 7.5], "texture": "#0"},
				"west": {"uv": [4, 6.75, 4.25, 7.5], "texture": "#0"},
				"up": {"uv": [4, 6.75, 3.75, 6.5], "texture": "#0"},
				"down": {"uv": [4.25, 6.5, 4, 6.75], "texture": "#0"}
			}
		},
		{
			"from": [11, 4.1423, 9.78125],
			"to": [12, 7.1423, 10.78125],
			"rotation": {"angle": 22.5, "axis": "x", "origin": [8, 8.06827, 9.40223]},
			"faces": {
				"north": {"uv": [0.25, 0.25, 0.5, 1], "texture": "#0"},
				"east": {"uv": [0, 0.25, 0.25, 1], "texture": "#0"},
				"south": {"uv": [0.75, 0.25, 1, 1], "texture": "#0"},
				"west": {"uv": [0.5, 0.25, 0.75, 1], "texture": "#0"},
				"up": {"uv": [0.5, 0.25, 0.25, 0], "texture": "#0"},
				"down": {"uv": [0.75, 0, 0.5, 0.25], "texture": "#0"}
			}
		},
		{
			"from": [11, 3.1423, 9.78125],
			"to": [12, 4.1423, 11.78125],
			"rotation": {"angle": 22.5, "axis": "x", "origin": [8, 8.06827, 9.40223]},
			"faces": {
				"north": {"uv": [2.5, 5.75, 2.75, 6], "texture": "#0"},
				"east": {"uv": [2, 5.75, 2.5, 6], "texture": "#0"},
				"south": {"uv": [3.25, 5.75, 3.5, 6], "texture": "#0"},
				"west": {"uv": [2.75, 5.75, 3.25, 6], "texture": "#0"},
				"up": {"uv": [2.75, 5.75, 2.5, 5.25], "texture": "#0"},
				"down": {"uv": [3, 5.25, 2.75, 5.75], "texture": "#0"}
			}
		},
		{
			"from": [5.5, 5.68506, 10.07193],
			"to": [10.5, 6.68506, 11.07193],
			"rotation": {"angle": 0, "axis": "y", "origin": [5.5, -0.31494, 6.07193]},
			"faces": {
				"north": {"uv": [3.25, 0.25, 4.5, 0.5], "texture": "#0"},
				"east": {"uv": [3, 0.25, 3.25, 0.5], "texture": "#0"},
				"south": {"uv": [4.75, 0.25, 6, 0.5], "texture": "#0"},
				"west": {"uv": [4.5, 0.25, 4.75, 0.5], "texture": "#0"},
				"up": {"uv": [4.5, 0.25, 3.25, 0], "texture": "#0"},
				"down": {"uv": [5.75, 0, 4.5, 0.25], "texture": "#0"}
			}
		},
		{
			"from": [6, 5.68506, 11.07193],
			"to": [10, 6.68506, 12.07193],
			"rotation": {"angle": 0, "axis": "y", "origin": [5.5, -0.31494, 6.07193]},
			"faces": {
				"north": {"uv": [4.25, 1.5, 5.25, 1.75], "texture": "#0"},
				"east": {"uv": [4, 1.5, 4.25, 1.75], "texture": "#0"},
				"south": {"uv": [5.5, 1.5, 6.5, 1.75], "texture": "#0"},
				"west": {"uv": [5.25, 1.5, 5.5, 1.75], "texture": "#0"},
				"up": {"uv": [5.25, 1.5, 4.25, 1.25], "texture": "#0"},
				"down": {"uv": [6.25, 1.25, 5.25, 1.5], "texture": "#0"}
			}
		},
		{
			"from": [6, 6.68506, 10.07193],
			"to": [10, 7.68506, 12.07193],
			"rotation": {"angle": 0, "axis": "y", "origin": [5.5, -0.31494, 6.07193]},
			"faces": {
				"north": {"uv": [3.25, 2.25, 4.25, 2.5], "texture": "#0"},
				"east": {"uv": [2.75, 2.25, 3.25, 2.5], "texture": "#0"},
				"south": {"uv": [4.75, 2.25, 5.75, 2.5], "texture": "#0"},
				"west": {"uv": [4.25, 2.25, 4.75, 2.5], "texture": "#0"},
				"up": {"uv": [4.25, 2.25, 3.25, 1.75], "texture": "#0"},
				"down": {"uv": [5.25, 1.75, 4.25, 2.25], "texture": "#0"}
			}
		},
		{
			"from": [6.5, 7.68506, 10.32193],
			"to": [9.5, 8.68506, 12.32193],
			"rotation": {"angle": 0, "axis": "y", "origin": [5.5, -0.31494, 6.07193]},
			"faces": {
				"north": {"uv": [4.5, 1, 5.25, 1.25], "texture": "#0"},
				"east": {"uv": [4, 1, 4.5, 1.25], "texture": "#0"},
				"south": {"uv": [5.75, 1, 6.5, 1.25], "texture": "#0"},
				"west": {"uv": [5.25, 1, 5.75, 1.25], "texture": "#0"},
				"up": {"uv": [5.25, 1, 4.5, 0.5], "texture": "#0"},
				"down": {"uv": [6, 0.5, 5.25, 1], "texture": "#0"}
			}
		},
		{
			"from": [7.5, 9.18506, 8.32193],
			"to": [8.5, 11.18506, 9.32193],
			"rotation": {"angle": 0, "axis": "y", "origin": [5.5, -0.31494, 6.07193]},
			"faces": {
				"north": {"uv": [7.5, 1, 7.75, 1.5], "texture": "#0"},
				"east": {"uv": [7.25, 1, 7.5, 1.5], "texture": "#0"},
				"south": {"uv": [8, 1, 8.25, 1.5], "texture": "#0"},
				"west": {"uv": [7.75, 1, 8, 1.5], "texture": "#0"},
				"up": {"uv": [7.75, 1, 7.5, 0.75], "texture": "#0"},
				"down": {"uv": [8, 0.75, 7.75, 1], "texture": "#0"}
			}
		},
		{
			"from": [7.5, 7.68506, 7.82193],
			"to": [8.5, 9.68506, 8.82193],
			"rotation": {"angle": 0, "axis": "y", "origin": [5.5, -0.31494, 6.07193]},
			"faces": {
				"north": {"uv": [7.25, 6.75, 7.5, 7.25], "texture": "#0"},
				"east": {"uv": [7, 6.75, 7.25, 7.25], "texture": "#0"},
				"south": {"uv": [7.75, 6.75, 8, 7.25], "texture": "#0"},
				"west": {"uv": [7.5, 6.75, 7.75, 7.25], "texture": "#0"},
				"up": {"uv": [7.5, 6.75, 7.25, 6.5], "texture": "#0"},
				"down": {"uv": [7.75, 6.5, 7.5, 6.75], "texture": "#0"}
			}
		},
		{
			"from": [6.5, 8.68506, 9.82193],
			"to": [9.5, 9.68506, 11.82193],
			"rotation": {"angle": 0, "axis": "y", "origin": [5.5, -0.31494, 6.07193]},
			"faces": {
				"north": {"uv": [3.5, 4, 4.25, 4.25], "texture": "#0"},
				"east": {"uv": [3, 4, 3.5, 4.25], "texture": "#0"},
				"south": {"uv": [4.75, 4, 5.5, 4.25], "texture": "#0"},
				"west": {"uv": [4.25, 4, 4.75, 4.25], "texture": "#0"},
				"up": {"uv": [4.25, 4, 3.5, 3.5], "texture": "#0"},
				"down": {"uv": [5, 3.5, 4.25, 4], "texture": "#0"}
			}
		},
		{
			"from": [6, 9.68506, 8.82193],
			"to": [10, 10.68506, 11.82193],
			"rotation": {"angle": 0, "axis": "y", "origin": [5.5, -0.31494, 6.07193]},
			"faces": {
				"north": {"uv": [0.75, 2.5, 1.75, 2.75], "texture": "#0"},
				"east": {"uv": [0, 2.5, 0.75, 2.75], "texture": "#0"},
				"south": {"uv": [2.5, 2.5, 3.5, 2.75], "texture": "#0"},
				"west": {"uv": [1.75, 2.5, 2.5, 2.75], "texture": "#0"},
				"up": {"uv": [1.75, 2.5, 0.75, 1.75], "texture": "#0"},
				"down": {"uv": [2.75, 1.75, 1.75, 2.5], "texture": "#0"}
			}
		},
		{
			"from": [6, 10.68506, 7.82193],
			"to": [10, 13.68506, 11.82193],
			"rotation": {"angle": 0, "axis": "y", "origin": [5.5, -0.31494, 6.07193]},
			"faces": {
				"north": {"uv": [1, 1, 2, 1.75], "texture": "#0"},
				"east": {"uv": [0, 1, 1, 1.75], "texture": "#0"},
				"south": {"uv": [3, 1, 4, 1.75], "texture": "#0"},
				"west": {"uv": [2, 1, 3, 1.75], "texture": "#0"},
				"up": {"uv": [2, 1, 1, 0], "texture": "#0"},
				"down": {"uv": [3, 0, 2, 1], "texture": "#0"}
			}
		},
		{
			"from": [7, 11.18506, 6.82193],
			"to": [9, 13.18506, 7.82193],
			"rotation": {"angle": 0, "axis": "y", "origin": [5.5, -0.31494, 6.07193]},
			"faces": {
				"north": {"uv": [3, 4.5, 3.5, 5], "texture": "#0"},
				"east": {"uv": [2.75, 4.5, 3, 5], "texture": "#0"},
				"south": {"uv": [3.75, 4.5, 4.25, 5], "texture": "#0"},
				"west": {"uv": [3.5, 4.5, 3.75, 5], "texture": "#0"},
				"up": {"uv": [3.5, 4.5, 3, 4.25], "texture": "#0"},
				"down": {"uv": [4, 4.25, 3.5, 4.5], "texture": "#0"}
			}
		},
		{
			"from": [6.5, 6.68506, 11.57193],
			"to": [9.5, 7.68506, 12.57193],
			"rotation": {"angle": 0, "axis": "y", "origin": [5.5, -0.31494, 6.07193]},
			"faces": {
				"north": {"uv": [5.5, 5.75, 6.25, 6], "texture": "#0"},
				"east": {"uv": [5.25, 5.75, 5.5, 6], "texture": "#0"},
				"south": {"uv": [6.5, 5.75, 7.25, 6], "texture": "#0"},
				"west": {"uv": [6.25, 5.75, 6.5, 6], "texture": "#0"},
				"up": {"uv": [6.25, 5.75, 5.5, 5.5], "texture": "#0"},
				"down": {"uv": [7, 5.5, 6.25, 5.75], "texture": "#0"}
			}
		},
		{
			"from": [7, 7.68506, 11.82193],
			"to": [9, 8.68506, 12.82193],
			"rotation": {"angle": 0, "axis": "y", "origin": [5.5, -0.31494, 6.07193]},
			"faces": {
				"north": {"uv": [3.25, 0.75, 3.75, 1], "texture": "#0"},
				"east": {"uv": [3, 0.75, 3.25, 1], "texture": "#0"},
				"south": {"uv": [4, 0.75, 4.5, 1], "texture": "#0"},
				"west": {"uv": [3.75, 0.75, 4, 1], "texture": "#0"},
				"up": {"uv": [3.75, 0.75, 3.25, 0.5], "texture": "#0"},
				"down": {"uv": [4.25, 0.5, 3.75, 0.75], "texture": "#0"}
			}
		},
		{
			"from": [7, 8.43506, 11.32193],
			"to": [9, 13.43506, 12.32193],
			"rotation": {"angle": 0, "axis": "y", "origin": [5.5, -0.31494, 6.07193]},
			"faces": {
				"north": {"uv": [0.25, 4.5, 0.75, 5.75], "texture": "#0"},
				"east": {"uv": [0, 4.5, 0.25, 5.75], "texture": "#0"},
				"south": {"uv": [1, 4.5, 1.5, 5.75], "texture": "#0"},
				"west": {"uv": [0.75, 4.5, 1, 5.75], "texture": "#0"},
				"up": {"uv": [0.75, 4.5, 0.25, 4.25], "texture": "#0"},
				"down": {"uv": [1.25, 4.25, 0.75, 4.5], "texture": "#0"}
			}
		},
		{
			"from": [7, 13.18506, 8.32193],
			"to": [9, 14.18506, 11.32193],
			"rotation": {"angle": 0, "axis": "y", "origin": [5.5, -0.31494, 6.07193]},
			"faces": {
				"north": {"uv": [3.5, 3.25, 4, 3.5], "texture": "#0"},
				"east": {"uv": [2.75, 3.25, 3.5, 3.5], "texture": "#0"},
				"south": {"uv": [4.75, 3.25, 5.25, 3.5], "texture": "#0"},
				"west": {"uv": [4, 3.25, 4.75, 3.5], "texture": "#0"},
				"up": {"uv": [4, 3.25, 3.5, 2.5], "texture": "#0"},
				"down": {"uv": [4.5, 2.5, 4, 3.25], "texture": "#0"}
			}
		},
		{
			"from": [7, 5.18506, 9.57193],
			"to": [9, 6.18506, 11.57193],
			"rotation": {"angle": 0, "axis": "y", "origin": [5.5, -0.31494, 6.07193]},
			"faces": {
				"north": {"uv": [5.75, 3.25, 6.25, 3.5], "texture": "#0"},
				"east": {"uv": [5.25, 3.25, 5.75, 3.5], "texture": "#0"},
				"south": {"uv": [6.75, 3.25, 7.25, 3.5], "texture": "#0"},
				"west": {"uv": [6.25, 3.25, 6.75, 3.5], "texture": "#0"},
				"up": {"uv": [6.25, 3.25, 5.75, 2.75], "texture": "#0"},
				"down": {"uv": [6.75, 2.75, 6.25, 3.25], "texture": "#0"}
			}
		}
	],
	"display": {
		"head": {
			"translation": [0, -17, -3.25],
			"scale": [3.26, 3.26, 3.26]
		}
	},
	"groups": [
		{
			"name": "Vortigaunts",
			"origin": [0, 0, 0],
			"color": 0,
			"children": [
				{
					"name": "head",
					"origin": [0, -0.31494, 0.07193],
					"color": 0,
					"children": [0, 1, 2, 3]
				},
				{
					"name": "leg",
					"origin": [0, 0, 0],
					"color": 0,
					"children": [4, 5, 6, 7, 8, 9, 10, 11, 12, 13, 14]
				},
				{
					"name": "leg",
					"origin": [0, 0, 0],
					"color": 0,
					"children": [15, 16, 17, 18, 19, 20, 21, 22, 23, 24, 25]
				},
				{
					"name": "hand",
					"origin": [5.5, -0.31494, 6.07193],
					"color": 0,
					"children": [26, 27, 28, 29, 30, 31]
				},
				{
					"name": "hand",
					"origin": [5.5, -0.31494, 6.07193],
					"color": 0,
					"children": [32, 33, 34, 35, 36, 37]
				},
				{
					"name": "tors",
					"origin": [0, -0.31494, 0.07193],
					"color": 0,
					"children": [38, 39, 40, 41, 42, 43, 44, 45, 46, 47, 48, 49, 50, 51, 52]
				}
			]
		}
	]
}
