{
	"__comment": "Magnum 3D Model made by Hunajameloni",
	"textures": {
		"texture": "item/revolver"
	},
	"elements": [
		{
			"from": [ 11.5, 11, 4 ],
			"to": [ 12, 11.25, 9.25 ],
			"faces": {
				"down": { "uv": [ 6, 3.5, 13.5, 4 ], "texture": "#texture", "rotation": 270 },
				"up": { "uv": [ 6, 2, 13.5, 2.5 ], "texture": "#texture", "rotation": 90 },
				"north": { "uv": [ 5.75, 2, 6.75, 4 ], "texture": "#texture" },
				"south": { "uv": [ 5.75, 2, 6.75, 4 ], "texture": "#texture" },
				"west": { "uv": [ 5.5, 2, 14, 4 ], "texture": "#texture" },
				"east": { "uv": [ 5.5, 2, 14, 4 ], "texture": "#texture" }
			}
		},
		{
			"from": [ 11.375, 10.5, 4 ],
			"to": [ 12.125, 11, 7.25 ],
			"faces": {
				"down": { "uv": [ 6, 3.5, 13.5, 4 ], "texture": "#texture", "rotation": 270 },
				"up": { "uv": [ 6, 2, 13.5, 2.5 ], "texture": "#texture", "rotation": 90 },
				"north": { "uv": [ 5.75, 2, 6.75, 4 ], "texture": "#texture" },
				"south": { "uv": [ 5.75, 2, 6.75, 4 ], "texture": "#texture" },
				"west": { "uv": [ 5.5, 2, 14, 4 ], "texture": "#texture" },
				"east": { "uv": [ 5.5, 2, 14, 4 ], "texture": "#texture" }
			}
		},
		{
			"from": [ 11.5, 10.25, 4 ],
			"to": [ 12, 10.5, 7.25 ],
			"faces": {
				"down": { "uv": [ 6, 3.5, 13.5, 4 ], "texture": "#texture", "rotation": 270 },
				"up": { "uv": [ 6, 2, 13.5, 2.5 ], "texture": "#texture", "rotation": 90 },
				"north": { "uv": [ 5.75, 2, 6.75, 4 ], "texture": "#texture" },
				"south": { "uv": [ 5.75, 2, 6.75, 4 ], "texture": "#texture" },
				"west": { "uv": [ 5.5, 2, 14, 4 ], "texture": "#texture" },
				"east": { "uv": [ 5.5, 2, 14, 4 ], "texture": "#texture" }
			}
		},
		{
			"from": [ 11.375, 9.75, 7.25 ],
			"to": [ 12.125, 11, 7.75 ],
			"faces": {
				"down": { "uv": [ 6, 3.5, 13.5, 4 ], "texture": "#texture", "rotation": 270 },
				"up": { "uv": [ 6, 2, 13.5, 2.5 ], "texture": "#texture", "rotation": 90 },
				"north": { "uv": [ 5.75, 2, 6.75, 4 ], "texture": "#texture" },
				"south": { "uv": [ 5.75, 2, 6.75, 4 ], "texture": "#texture" },
				"west": { "uv": [ 5.5, 2, 14, 4 ], "texture": "#texture" },
				"east": { "uv": [ 5.5, 2, 14, 4 ], "texture": "#texture" }
			}
		},
		{
			"from": [ 11.25, 10, 7.75 ],
			"to": [ 12.25, 11, 8.8125 ],
			"faces": {
				"down": { "uv": [ 8.25, 8, 9.25, 8.5 ], "texture": "#texture", "rotation": 270 },
				"up": { "uv": [ 8, 6, 9, 6.5 ], "texture": "#texture", "rotation": 90 },
				"north": { "uv": [ 8.5, 8.5, 9, 11 ], "texture": "#texture" },
				"south": { "uv": [ 9, 9, 10, 11.5 ], "texture": "#texture" },
				"west": { "uv": [ 7.5, 6, 11, 8.5 ], "texture": "#texture" },
				"east": { "uv": [ 7.5, 6, 11, 8.5 ], "texture": "#texture" }
			}
		},
		{
			"from": [ 11.125, 10.125, 7.875 ],
			"to": [ 12.375, 10.875, 8.8125 ],
			"faces": {
				"down": { "uv": [ 8.25, 8, 9.25, 8.5 ], "texture": "#texture", "rotation": 270 },
				"up": { "uv": [ 8, 6, 9, 6.5 ], "texture": "#texture", "rotation": 90 },
				"north": { "uv": [ 8.5, 8.75, 9, 11.25 ], "texture": "#texture" },
				"south": { "uv": [ 9, 9, 10, 11.5 ], "texture": "#texture" },
				"west": { "uv": [ 7.5, 6, 11, 8.5 ], "texture": "#texture" },
				"east": { "uv": [ 7.5, 6, 11, 8.5 ], "texture": "#texture" }
			}
		},
		{
			"from": [ 11.375, 9.9375, 8.875 ],
			"to": [ 12.125, 11.0625, 9.3125 ],
			"faces": {
				"down": { "uv": [ 6, 3.5, 13.5, 4 ], "texture": "#texture", "rotation": 270 },
				"up": { "uv": [ 6, 2, 13.5, 2.5 ], "texture": "#texture", "rotation": 90 },
				"north": { "uv": [ 5.75, 2, 6.75, 4 ], "texture": "#texture" },
				"south": { "uv": [ 5.75, 2, 6.75, 4 ], "texture": "#texture" },
				"west": { "uv": [ 5.5, 2, 14, 4 ], "texture": "#texture" },
				"east": { "uv": [ 5.5, 2, 14, 4 ], "texture": "#texture" }
			}
		},
		{
			"from": [ 11.375, 9.3125, 7.25 ],
			"to": [ 12.125, 9.8125, 7.75 ],
			"rotation": { "origin": [ 11.375, 9.8125, 7.25 ], "axis": "x", "angle": -22.5 },
			"faces": {
				"down": { "uv": [ 6, 3.5, 13.5, 4 ], "texture": "#texture", "rotation": 270 },
				"up": { "uv": [ 6, 2, 13.5, 2.5 ], "texture": "#texture", "rotation": 90 },
				"north": { "uv": [ 5.75, 2, 6.75, 4 ], "texture": "#texture" },
				"south": { "uv": [ 5.75, 2, 6.75, 4 ], "texture": "#texture" },
				"west": { "uv": [ 5.5, 2, 14, 4 ], "texture": "#texture" },
				"east": { "uv": [ 5.5, 2, 14, 4 ], "texture": "#texture" }
			}
		},
		{
			"from": [ 11.375, 9.5, 7.75 ],
			"to": [ 12.125, 10, 9.25 ],
			"faces": {
				"down": { "uv": [ 6, 3.5, 13.5, 4 ], "texture": "#texture", "rotation": 270 },
				"up": { "uv": [ 6, 2, 13.5, 2.5 ], "texture": "#texture", "rotation": 90 },
				"north": { "uv": [ 5.75, 2, 6.75, 4 ], "texture": "#texture" },
				"south": { "uv": [ 5.75, 2, 6.75, 4 ], "texture": "#texture" },
				"west": { "uv": [ 5.5, 2, 14, 4 ], "texture": "#texture" },
				"east": { "uv": [ 5.5, 2, 14, 4 ], "texture": "#texture" }
			}
		},
		{
			"from": [ 11.375, 10.0625, 8.875 ],
			"to": [ 12.125, 10.8125, 9.375 ],
			"rotation": { "origin": [ 11.375, 10.8125, 8.875 ], "axis": "x", "angle": -22.5 },
			"faces": {
				"down": { "uv": [ 6, 3.5, 13.5, 4 ], "texture": "#texture", "rotation": 270 },
				"up": { "uv": [ 6, 2, 13.5, 2.5 ], "texture": "#texture", "rotation": 90 },
				"north": { "uv": [ 5.75, 2, 6.75, 4 ], "texture": "#texture" },
				"south": { "uv": [ 5.75, 2, 6.75, 4 ], "texture": "#texture" },
				"west": { "uv": [ 5.5, 2, 14, 4 ], "texture": "#texture" },
				"east": { "uv": [ 5.5, 2, 14, 4 ], "texture": "#texture" }
			}
		},
		{
			"from": [ 11.375, 9.9375, 9.375 ],
			"to": [ 12.125, 10.4375, 10 ],
			"rotation": { "origin": [ 11.375, 10.4375, 9.375 ], "axis": "x", "angle": 22.5 },
			"faces": {
				"down": { "uv": [ 6, 3.5, 13.5, 4 ], "texture": "#texture", "rotation": 270 },
				"up": { "uv": [ 6, 2, 13.5, 2.5 ], "texture": "#texture", "rotation": 90 },
				"north": { "uv": [ 5.75, 2, 6.75, 4 ], "texture": "#texture" },
				"south": { "uv": [ 5.75, 2, 6.75, 4 ], "texture": "#texture" },
				"west": { "uv": [ 5.5, 2, 14, 4 ], "texture": "#texture" },
				"east": { "uv": [ 5.5, 2, 14, 4 ], "texture": "#texture" }
			}
		},
		{
			"from": [ 11.375, 8.125, 9.625 ],
			"to": [ 12.125, 9.875, 10.125 ],
			"rotation": { "origin": [ 11.375, 9.875, 9.625 ], "axis": "x", "angle": -45 },
			"faces": {
				"down": { "uv": [ 2.5, 8.5, 5, 10.5 ], "texture": "#texture", "rotation": 270 },
				"up": { "uv": [ 2.5, 8.5, 5, 10.5 ], "texture": "#texture", "rotation": 90 },
				"north": { "uv": [ 2.5, 8.5, 3.5, 10.5 ], "texture": "#texture" },
				"south": { "uv": [ 2.5, 8.5, 3.5, 10.5 ], "texture": "#texture" },
				"west": { "uv": [ 2.75, 8.5, 5, 10.5 ], "texture": "#texture" },
				"east": { "uv": [ 2.75, 8.5, 5, 10.5 ], "texture": "#texture" }
			}
		},
		{
			"from": [ 11.375, 9.5, 9.25 ],
			"to": [ 12.125, 10, 9.5 ],
			"faces": {
				"down": { "uv": [ 7.75, 3.5, 10.5, 4 ], "texture": "#texture", "rotation": 270 },
				"up": { "uv": [ 7.75, 2, 10.5, 2.75 ], "texture": "#texture", "rotation": 90 },
				"north": { "uv": [ 8.25, 2, 9.25, 4 ], "texture": "#texture" },
				"south": { "uv": [ 8.25, 2, 9.25, 4 ], "texture": "#texture" },
				"west": { "uv": [ 7.75, 2, 10, 4 ], "texture": "#texture" },
				"east": { "uv": [ 7.75, 2, 10, 4 ], "texture": "#texture" }
			}
		},
		{
			"from": [ 11.375, 7.625, 10.875 ],
			"to": [ 12.125, 8.375, 11.375 ],
			"faces": {
				"down": { "uv": [ 2.5, 8.5, 5, 10.5 ], "texture": "#texture", "rotation": 270 },
				"up": { "uv": [ 2.5, 8.5, 5, 10.5 ], "texture": "#texture", "rotation": 90 },
				"north": { "uv": [ 2.5, 8.5, 3.5, 10.5 ], "texture": "#texture" },
				"south": { "uv": [ 2.5, 8.5, 3.5, 10.5 ], "texture": "#texture" },
				"west": { "uv": [ 2.75, 8.5, 5, 10.5 ], "texture": "#texture" },
				"east": { "uv": [ 2.75, 8.5, 5, 10.5 ], "texture": "#texture" }
			}
		},
		{
			"from": [ 11.375, 7.5, 10.375 ],
			"to": [ 12.125, 8.5625, 10.4375 ],
			"faces": {
				"down": { "uv": [ 2.5, 8.5, 5, 10.5 ], "texture": "#texture", "rotation": 270 },
				"up": { "uv": [ 2.5, 8.5, 5, 10.5 ], "texture": "#texture", "rotation": 90 },
				"north": { "uv": [ 2.5, 8.5, 3.5, 10.5 ], "texture": "#texture" },
				"south": { "uv": [ 2.5, 8.5, 3.5, 10.5 ], "texture": "#texture" },
				"west": { "uv": [ 2.75, 8.5, 5, 10.5 ], "texture": "#texture" },
				"east": { "uv": [ 2.75, 8.5, 5, 10.5 ], "texture": "#texture" }
			}
		},
		{
			"from": [ 11.375, 7.625, 11.25 ],
			"to": [ 12.125, 8.3125, 11.5 ],
			"faces": {
				"down": { "uv": [ 2.5, 8.5, 5, 10.5 ], "texture": "#texture", "rotation": 270 },
				"up": { "uv": [ 2.5, 8.5, 5, 10.5 ], "texture": "#texture", "rotation": 90 },
				"north": { "uv": [ 2.5, 8.5, 3.5, 10.5 ], "texture": "#texture" },
				"south": { "uv": [ 2.5, 8.5, 3.5, 10.5 ], "texture": "#texture" },
				"west": { "uv": [ 2.75, 8.5, 5, 10.5 ], "texture": "#texture" },
				"east": { "uv": [ 2.75, 8.5, 5, 10.5 ], "texture": "#texture" }
			}
		},
		{
			"from": [ 11.375, 9.25, 9.5 ],
			"to": [ 12.125, 9.5, 9.75 ],
			"faces": {
				"down": { "uv": [ 2.5, 8.5, 5, 10.5 ], "texture": "#texture", "rotation": 270 },
				"up": { "uv": [ 2.5, 8.5, 5, 10.5 ], "texture": "#texture", "rotation": 90 },
				"north": { "uv": [ 2.5, 8.5, 3.5, 10.5 ], "texture": "#texture" },
				"south": { "uv": [ 2.5, 8.5, 3.5, 10.5 ], "texture": "#texture" },
				"west": { "uv": [ 2.75, 8.5, 5, 10.5 ], "texture": "#texture" },
				"east": { "uv": [ 2.75, 8.5, 5, 10.5 ], "texture": "#texture" }
			}
		},
		{
			"from": [ 11.375, 7.25, 10.375 ],
			"to": [ 12.125, 7.625, 11.4375 ],
			"faces": {
				"down": { "uv": [ 2.5, 8.5, 5, 10.5 ], "texture": "#texture", "rotation": 270 },
				"up": { "uv": [ 2.5, 8.5, 5, 10.5 ], "texture": "#texture", "rotation": 90 },
				"north": { "uv": [ 2.5, 8.5, 3.5, 10.5 ], "texture": "#texture" },
				"south": { "uv": [ 2.5, 8.5, 3.5, 10.5 ], "texture": "#texture" },
				"west": { "uv": [ 2.75, 8.5, 5, 10.5 ], "texture": "#texture" },
				"east": { "uv": [ 2.75, 8.5, 5, 10.5 ], "texture": "#texture" }
			}
		},
		{
			"from": [ 11.5, 9, 9 ],
			"to": [ 12, 9.25, 9.25 ],
			"faces": {
				"down": { "uv": [ 8.75, 2.5, 11.25, 3.75 ], "texture": "#texture", "rotation": 270 },
				"up": { "uv": [ 9, 2.25, 11.5, 3.75 ], "texture": "#texture", "rotation": 90 },
				"north": { "uv": [ 8.25, 2.5, 9.25, 3.5 ], "texture": "#texture" },
				"south": { "uv": [ 8.25, 2.5, 9.25, 3.5 ], "texture": "#texture" },
				"west": { "uv": [ 7.75, 2.5, 10, 3.75 ], "texture": "#texture" },
				"east": { "uv": [ 7.75, 2.5, 10, 3.75 ], "texture": "#texture" }
			}
		},
		{
			"from": [ 11.5, 8.75, 8.5 ],
			"to": [ 12, 9, 9 ],
			"faces": {
				"down": { "uv": [ 8.75, 2.5, 11.25, 3.75 ], "texture": "#texture", "rotation": 270 },
				"up": { "uv": [ 9, 2.25, 11.5, 3.75 ], "texture": "#texture", "rotation": 90 },
				"north": { "uv": [ 8.25, 2.5, 9.25, 3.5 ], "texture": "#texture" },
				"south": { "uv": [ 8.25, 2.5, 9.25, 3.5 ], "texture": "#texture" },
				"west": { "uv": [ 7.75, 2.5, 10, 3.75 ], "texture": "#texture" },
				"east": { "uv": [ 7.75, 2.5, 10, 3.75 ], "texture": "#texture" }
			}
		},
		{
			"from": [ 11.5, 9, 8.25 ],
			"to": [ 12, 9.25, 8.5 ],
			"faces": {
				"down": { "uv": [ 8.75, 2.5, 11.25, 3.75 ], "texture": "#texture", "rotation": 270 },
				"up": { "uv": [ 9, 2.25, 11.5, 3.75 ], "texture": "#texture", "rotation": 90 },
				"north": { "uv": [ 8.25, 2.5, 9.25, 3.5 ], "texture": "#texture" },
				"south": { "uv": [ 8.25, 2.5, 9.25, 3.5 ], "texture": "#texture" },
				"west": { "uv": [ 7.75, 2.5, 10, 3.75 ], "texture": "#texture" },
				"east": { "uv": [ 7.75, 2.5, 10, 3.75 ], "texture": "#texture" }
			}
		},
		{
			"from": [ 11.5, 9.25, 8.25 ],
			"to": [ 12, 9.5, 8.5 ],
			"faces": {
				"down": { "uv": [ 8.75, 2.5, 11.25, 3.75 ], "texture": "#texture", "rotation": 270 },
				"up": { "uv": [ 9, 2.25, 11.5, 3.75 ], "texture": "#texture", "rotation": 90 },
				"north": { "uv": [ 8.25, 2.5, 9.25, 3.5 ], "texture": "#texture" },
				"south": { "uv": [ 8.25, 2.5, 9.25, 3.5 ], "texture": "#texture" },
				"west": { "uv": [ 7.75, 2.5, 10, 3.75 ], "texture": "#texture" },
				"east": { "uv": [ 7.75, 2.5, 10, 3.75 ], "texture": "#texture" }
			}
		},
		{
			"from": [ 11.5, 9.25, 9.25 ],
			"to": [ 12, 9.5, 9.5 ],
			"faces": {
				"down": { "uv": [ 8.75, 2.5, 11.25, 3.75 ], "texture": "#texture", "rotation": 270 },
				"up": { "uv": [ 9, 2.25, 11.5, 3.75 ], "texture": "#texture", "rotation": 90 },
				"north": { "uv": [ 8.25, 2.5, 9.25, 3.5 ], "texture": "#texture" },
				"south": { "uv": [ 8.25, 2.5, 9.25, 3.5 ], "texture": "#texture" },
				"west": { "uv": [ 7.75, 2.5, 10, 3.75 ], "texture": "#texture" },
				"east": { "uv": [ 7.75, 2.5, 10, 3.75 ], "texture": "#texture" }
			}
		},
		{
			"from": [ 11.375, 8.0625, 10.75 ],
			"to": [ 12.125, 8.8125, 11.25 ],
			"rotation": { "origin": [ 11.375, 8.8125, 10.75 ], "axis": "x", "angle": -22.5 },
			"faces": {
				"down": { "uv": [ 2.5, 8.5, 5, 10.5 ], "texture": "#texture", "rotation": 270 },
				"up": { "uv": [ 2.5, 8.5, 5, 10.5 ], "texture": "#texture", "rotation": 90 },
				"north": { "uv": [ 2.5, 8.5, 3.5, 10.5 ], "texture": "#texture" },
				"south": { "uv": [ 2.5, 8.5, 3.5, 10.5 ], "texture": "#texture" },
				"west": { "uv": [ 2.75, 8.5, 5, 10.5 ], "texture": "#texture" },
				"east": { "uv": [ 2.75, 8.5, 5, 10.5 ], "texture": "#texture" }
			}
		},
		{
			"from": [ 11.375, 7.625, 10.375 ],
			"to": [ 12.125, 8.8125, 10.875 ],
			"faces": {
				"down": { "uv": [ 2.5, 8.5, 5, 10.5 ], "texture": "#texture", "rotation": 270 },
				"up": { "uv": [ 2.5, 8.5, 5, 10.5 ], "texture": "#texture", "rotation": 90 },
				"north": { "uv": [ 2.5, 8.5, 3.5, 10.5 ], "texture": "#texture" },
				"south": { "uv": [ 2.5, 8.5, 3.5, 10.5 ], "texture": "#texture" },
				"west": { "uv": [ 2.75, 8.5, 5, 10.5 ], "texture": "#texture" },
				"east": { "uv": [ 2.75, 8.5, 5, 10.5 ], "texture": "#texture" }
			}
		},
		{
			"from": [ 11.375, 8.0625, 9.5 ],
			"to": [ 12.125, 9.4375, 10.0625 ],
			"rotation": { "origin": [ 11.375, 9.4375, 9.5 ], "axis": "x", "angle": -45 },
			"faces": {
				"down": { "uv": [ 2.5, 8.5, 5, 10.5 ], "texture": "#texture", "rotation": 270 },
				"up": { "uv": [ 2.5, 8.5, 5, 10.5 ], "texture": "#texture", "rotation": 90 },
				"north": { "uv": [ 2.5, 8.5, 3.5, 10.5 ], "texture": "#texture" },
				"south": { "uv": [ 2.5, 8.5, 3.5, 10.5 ], "texture": "#texture" },
				"west": { "uv": [ 2.75, 8.5, 5, 10.5 ], "texture": "#texture" },
				"east": { "uv": [ 2.75, 8.5, 5, 10.5 ], "texture": "#texture" }
			}
		},
		{
			"from": [ 11.625, 10.375, 9.25 ],
			"to": [ 11.875, 11, 9.4375 ],
			"rotation": { "origin": [ 11.625, 11, 9.25 ], "axis": "x", "angle": -22.5 },
			"faces": {
				"down": { "uv": [ 2.5, 8.5, 5, 10.5 ], "texture": "#texture", "rotation": 270 },
				"up": { "uv": [ 2.5, 8.5, 5, 10.5 ], "texture": "#texture", "rotation": 90 },
				"north": { "uv": [ 2.5, 8.5, 3.5, 10.5 ], "texture": "#texture" },
				"south": { "uv": [ 2.5, 8.5, 3.5, 10.5 ], "texture": "#texture" },
				"west": { "uv": [ 2.75, 8.5, 5, 10.5 ], "texture": "#texture" },
				"east": { "uv": [ 2.75, 8.5, 5, 10.5 ], "texture": "#texture" }
			}
		},
		{
			"from": [ 11.375, 9.5, 9.5 ],
			"to": [ 12.125, 9.9375, 9.875 ],
			"rotation": { "origin": [ 11.375, 9.9375, 9.5 ], "axis": "x", "angle": 22.5 },
			"faces": {
				"down": { "uv": [ 6, 3.5, 13.5, 4 ], "texture": "#texture", "rotation": 270 },
				"up": { "uv": [ 6, 2, 13.5, 2.5 ], "texture": "#texture", "rotation": 90 },
				"north": { "uv": [ 5.75, 2, 6.75, 4 ], "texture": "#texture" },
				"south": { "uv": [ 5.75, 2, 6.75, 4 ], "texture": "#texture" },
				"west": { "uv": [ 5.5, 2, 14, 4 ], "texture": "#texture" },
				"east": { "uv": [ 5.5, 2, 14, 4 ], "texture": "#texture" }
			}
		}
	],
	"display": {
		"thirdperson_righthand": {
			"rotation":  [ 0, 4, 0 ],
			"translation":  [ -5.86, -1.7, -0.76 ],
			"scale":  [ 1.4, 1.4, 1.4 ]
		},
		"thirdperson_lefthand": {
			"rotation":  [ 0, -4, 0 ],
			"translation":  [ 4.91, -1.7, -0.76 ],
			"scale":  [ 1.4, 1.4, 1.4 ]
		},
		"firstperson_righthand": {
			"rotation":  [ 3, -6, 4 ],
			"translation":  [ -7.37, 2.83, 3.78 ],
			"scale":  [ 1.1, 1.1, 1.04 ]
		},
		"firstperson_lefthand": {
			"rotation":  [ 0, -3, -1 ],
			"translation":  [ 0, 2.83, 4.91 ],
			"scale":  [ 1.1, 1.1, 1.04 ]
		},
		"gui": {
			"rotation":  [ -28, -133, 0 ],
			"translation":  [ 4.34, -5.29, 0 ],
			"scale":  [ 2, 2, 2 ]
		},
		"head": {
			"rotation":  [ 117, -149, 116 ],
			"translation":  [ -1.391, -25.72, -2.086 ],
			"scale":  [ 2, 2, 2 ]
		},
		"ground": {
			"rotation":  [ 18, 9, 10 ],
			"translation":  [ -2.46, -2.65, -1.32 ]
		},
		"fixed": {
			"rotation":  [ 0, 89, 0 ],
			"translation":  [ 0.76, -2.83, 7.18 ],
			"scale":  [ 2, 2, 2 ]
		}
	}
}