{
	"__comment": "Pulserifle 3D Model made by Hunajameloni",
	"textures": {
		"texture": "item/pulserifle"
	},
	"elements": [
		{
			"__comment": "Aseenpiiput",
			"from": [ 4.75, 10.625, 7.75 ],
			"to": [ 6.625, 11, 9.25 ],
			"rotation": { "origin": [ 4.75, 10.625, 7.75 ], "axis": "y", "angle": -45 },
			"faces": {
				"down": { "uv": [ 14.5, 1, 15, 1.5 ], "texture": "#texture" },
				"up": { "uv": [ 14.5, 1, 15, 1.5 ], "texture": "#texture" },
				"north": { "uv": [ 14.5, 1, 15, 1.5 ], "texture": "#texture" },
				"south": { "uv": [ 14.5, 1, 15, 1.5 ], "texture": "#texture" },
				"west": { "uv": [ 14.5, 1, 15, 1.5 ], "texture": "#texture" },
				"east": { "uv": [ 14.5, 1, 15, 1.5 ], "texture": "#texture" }
			}
		},
		{
			"__comment": "Aseenranka",
			"from": [ 2, 12.375, 8 ],
			"to": [ 17, 13.375, 9 ],
			"rotation": { "origin": [ 2, 13.375, 8 ], "axis": "z", "angle": -45 },
			"faces": {
				"down": { "uv": [ 14.5, 1, 15, 1.5 ], "texture": "#texture" },
				"up": { "uv": [ 14.5, 1, 15, 1.5 ], "texture": "#texture" },
				"north": { "uv": [ 14.5, 1, 15, 1.5 ], "texture": "#texture" },
				"south": { "uv": [ 14.5, 1, 15, 1.5 ], "texture": "#texture" },
				"west": { "uv": [ 14.5, 2, 15, 2.5 ], "texture": "#texture" },
				"east": { "uv": [ 14.5, 1, 15, 1.5 ], "texture": "#texture" }
			}
		},
		{
			"__comment": "Aseenpiiput",
			"from": [ 1.375, 12.25, 8.75 ],
			"to": [ 4.375, 13.25, 9.75 ],
			"rotation": { "origin": [ 1.375, 13.25, 8.75 ], "axis": "z", "angle": -45 },
			"faces": {
				"down": { "uv": [ 14.5, 1, 15, 1.5 ], "texture": "#texture" },
				"up": { "uv": [ 14.5, 1, 15, 1.5 ], "texture": "#texture" },
				"north": { "uv": [ 14.5, 1, 15, 1.5 ], "texture": "#texture" },
				"south": { "uv": [ 14.5, 1, 15, 1.5 ], "texture": "#texture" },
				"west": { "uv": [ 15, 1, 15.5, 1.5 ], "texture": "#texture" },
				"east": { "uv": [ 15, 1, 15.5, 1.5 ], "texture": "#texture" }
			}
		},
		{
			"__comment": "Aseenpiiput",
			"from": [ 5, 7.5, 7.5 ],
			"to": [ 9, 9.5, 9.5 ],
			"rotation": { "origin": [ 5, 9.5, 7.5 ], "axis": "z", "angle": -45 },
			"faces": {
				"down": { "uv": [ 14.5, 1.5, 15, 2 ], "texture": "#texture" },
				"up": { "uv": [ 14.5, 1.5, 15, 2 ], "texture": "#texture" },
				"north": { "uv": [ 14.5, 1.5, 15, 2 ], "texture": "#texture" },
				"south": { "uv": [ 14.5, 1.5, 15, 2 ], "texture": "#texture" },
				"west": { "uv": [ 14.5, 1.5, 15, 2 ], "texture": "#texture" },
				"east": { "uv": [ 14.5, 1.5, 15, 2 ], "texture": "#texture" }
			}
		},
		{
			"__comment": "Aseenpiiput",
			"from": [ 3, 8, 8 ],
			"to": [ 6, 10, 9 ],
			"rotation": { "origin": [ 3, 10, 8 ], "axis": "z", "angle": -45 },
			"faces": {
				"down": { "uv": [ 14.5, 1, 15, 1.5 ], "texture": "#texture" },
				"up": { "uv": [ 14.5, 1, 15, 1.5 ], "texture": "#texture" },
				"north": { "uv": [ 14.5, 1, 15, 1.5 ], "texture": "#texture" },
				"south": { "uv": [ 14.5, 1, 15, 1.5 ], "texture": "#texture" },
				"west": { "uv": [ 14.5, 1, 15, 1.5 ], "texture": "#texture" },
				"east": { "uv": [ 14.5, 1, 15, 1.5 ], "texture": "#texture" }
			}
		},
		{
			"__comment": "Aseenpiiput",
			"from": [ 0.375, 9.5, 8 ],
			"to": [ 3.75, 10.5, 9 ],
			"rotation": { "origin": [ 0.375, 10.5, 8 ], "axis": "z", "angle": -45 },
			"faces": {
				"down": { "uv": [ 14.5, 1, 15, 1.5 ], "texture": "#texture" },
				"up": { "uv": [ 14.5, 1, 15, 1.5 ], "texture": "#texture" },
				"north": { "uv": [ 14.5, 1, 15, 1.5 ], "texture": "#texture" },
				"south": { "uv": [ 14.5, 1, 15, 1.5 ], "texture": "#texture" },
				"west": { "uv": [ 14.5, 2, 15, 2.5 ], "texture": "#texture" },
				"east": { "uv": [ 14.5, 1, 15, 1.5 ], "texture": "#texture" }
			}
		},
		{
			"__comment": "Lipas",
			"from": [ 2.625, 6.875, 7.5 ],
			"to": [ 3.75, 10, 10 ],
			"rotation": { "origin": [ 2.625, 10, 7.5 ], "axis": "z", "angle": -45 },
			"faces": {
				"down": { "uv": [ 14.5, 1, 15, 1.5 ], "texture": "#texture" },
				"up": { "uv": [ 14.5, 1, 15, 1.5 ], "texture": "#texture" },
				"north": { "uv": [ 14.5, 1, 15, 1.5 ], "texture": "#texture" },
				"south": { "uv": [ 14.5, 1, 15, 1.5 ], "texture": "#texture" },
				"west": { "uv": [ 14.5, 1, 15, 1.5 ], "texture": "#texture" },
				"east": { "uv": [ 14.5, 1, 15, 1.5 ], "texture": "#texture" }
			}
		},
		{
			"__comment": "Lipas",
			"from": [ 1.5, 7.5, 7.375 ],
			"to": [ 2.375, 8.75, 10.75 ],
			"rotation": { "origin": [ 1.5, 8.75, 7.375 ], "axis": "z", "angle": -45 },
			"faces": {
				"down": { "uv": [ 14.5, 1, 15, 1.5 ], "texture": "#texture" },
				"up": { "uv": [ 14.5, 1, 15, 1.5 ], "texture": "#texture" },
				"north": { "uv": [ 14.5, 1, 15, 1.5 ], "texture": "#texture" },
				"south": { "uv": [ 14.5, 1, 15, 1.5 ], "texture": "#texture" },
				"west": { "uv": [ 14.5, 1, 15, 1.5 ], "texture": "#texture" },
				"east": { "uv": [ 14.5, 1, 15, 1.5 ], "texture": "#texture" }
			}
		},
		{
			"__comment": "Lipas",
			"from": [ 2.625, 8.5, 6.25 ],
			"to": [ 3.5, 9.75, 8.25 ],
			"rotation": { "origin": [ 2.625, 9.75, 6.25 ], "axis": "z", "angle": -45 },
			"faces": {
				"down": { "uv": [ 14.5, 1, 15, 1.5 ], "texture": "#texture" },
				"up": { "uv": [ 14.5, 1, 15, 1.5 ], "texture": "#texture" },
				"north": { "uv": [ 14.5, 1, 15, 1.5 ], "texture": "#texture" },
				"south": { "uv": [ 14.5, 1, 15, 1.5 ], "texture": "#texture" },
				"west": { "uv": [ 14.5, 1, 15, 1.5 ], "texture": "#texture" },
				"east": { "uv": [ 14.5, 1, 15, 1.5 ], "texture": "#texture" }
			}
		},
		{
			"__comment": "Aseenpiiput*",
			"from": [ 6.5, 5.375, 8.25 ],
			"to": [ 10.5, 6.875, 8.875 ],
			"rotation": { "origin": [ 6.5, 6.875, 8.25 ], "axis": "z", "angle": -22.5 },
			"faces": {
				"down": { "uv": [ 14.5, 1.5, 15, 2 ], "texture": "#texture" },
				"up": { "uv": [ 14.5, 1, 15, 1.5 ], "texture": "#texture" },
				"north": { "uv": [ 14.5, 1.5, 15, 2 ], "texture": "#texture" },
				"south": { "uv": [ 14.5, 1.5, 15, 2 ], "texture": "#texture" },
				"west": { "uv": [ 14.5, 1.5, 15, 2 ], "texture": "#texture" },
				"east": { "uv": [ 14.5, 1.5, 15, 2 ], "texture": "#texture" }
			}
		},
		{
			"__comment": "Aseenpiiput*",
			"from": [ 10, 3.75, 8.25 ],
			"to": [ 14.125, 4.75, 8.875 ],
			"rotation": { "origin": [ 10, 4.75, 8.25 ], "axis": "z", "angle": -45 },
			"faces": {
				"down": { "uv": [ 14.5, 1.5, 15, 2 ], "texture": "#texture" },
				"up": { "uv": [ 14.5, 1.5, 15, 2 ], "texture": "#texture" },
				"north": { "uv": [ 14.5, 1.5, 15, 2 ], "texture": "#texture" },
				"south": { "uv": [ 14.5, 1.5, 15, 2 ], "texture": "#texture" },
				"west": { "uv": [ 14.5, 1.5, 15, 2 ], "texture": "#texture" },
				"east": { "uv": [ 14.5, 1.5, 15, 2 ], "texture": "#texture" }
			}
		},
		{
			"__comment": "Aseenpiiput*",
			"from": [ 10.5, 0.25, 7.375 ],
			"to": [ 13.5, 0.875, 9.5 ],
			"rotation": { "origin": [ 10.5, 0.875, 7.375 ], "axis": "z", "angle": 45 },
			"faces": {
				"down": { "uv": [ 14.5, 1.5, 15, 2 ], "texture": "#texture" },
				"up": { "uv": [ 14.5, 1.5, 15, 2 ], "texture": "#texture" },
				"north": { "uv": [ 14.5, 1.5, 15, 2 ], "texture": "#texture" },
				"south": { "uv": [ 14.5, 1.5, 15, 2 ], "texture": "#texture" },
				"west": { "uv": [ 14.5, 1.5, 15, 2 ], "texture": "#texture" },
				"east": { "uv": [ 14.5, 1.5, 15, 2 ], "texture": "#texture" }
			}
		},
		{
			"__comment": "Aseenpiiput*",
			"from": [ 10.75, 0.5, 7.625 ],
			"to": [ 13, 1.375, 9.625 ],
			"rotation": { "origin": [ 10.75, 1.375, 7.625 ], "axis": "z", "angle": 45 },
			"faces": {
				"down": { "uv": [ 14.5, 1.5, 15, 2 ], "texture": "#texture" },
				"up": { "uv": [ 14.5, 1.5, 15, 2 ], "texture": "#texture" },
				"north": { "uv": [ 14.5, 1.5, 15, 2 ], "texture": "#texture" },
				"south": { "uv": [ 14.5, 1.5, 15, 2 ], "texture": "#texture" },
				"west": { "uv": [ 14.5, 1.5, 15, 2 ], "texture": "#texture" },
				"east": { "uv": [ 14.5, 1.5, 15, 2 ], "texture": "#texture" }
			}
		},
		{
			"__comment": "Aseenpiiput*",
			"from": [ 10.5, -0.625, 8 ],
			"to": [ 12.5, 0.125, 9 ],
			"rotation": { "origin": [ 10.5, 0.125, 8 ], "axis": "z", "angle": 45 },
			"faces": {
				"down": { "uv": [ 14.5, 1.5, 15, 2 ], "texture": "#texture" },
				"up": { "uv": [ 14.5, 1.5, 15, 2 ], "texture": "#texture" },
				"north": { "uv": [ 14.5, 1.5, 15, 2 ], "texture": "#texture" },
				"south": { "uv": [ 14.5, 1.5, 15, 2 ], "texture": "#texture" },
				"west": { "uv": [ 14.5, 1.5, 15, 2 ], "texture": "#texture" },
				"east": { "uv": [ 14.5, 1.5, 15, 2 ], "texture": "#texture" }
			}
		},
		{
			"__comment": "Aseenpiiput*",
			"from": [ 12.625, 0.75, 7.625 ],
			"to": [ 13.625, 2.875, 9.25 ],
			"rotation": { "origin": [ 12.625, 2.875, 7.625 ], "axis": "z", "angle": -45 },
			"faces": {
				"down": { "uv": [ 14.5, 1.5, 15, 2 ], "texture": "#texture" },
				"up": { "uv": [ 14.5, 1.5, 15, 2 ], "texture": "#texture" },
				"north": { "uv": [ 14.5, 1.5, 15, 2 ], "texture": "#texture" },
				"south": { "uv": [ 14.5, 1.5, 15, 2 ], "texture": "#texture" },
				"west": { "uv": [ 14.5, 1.5, 15, 2 ], "texture": "#texture" },
				"east": { "uv": [ 14.5, 1.5, 15, 2 ], "texture": "#texture" }
			}
		},
		{
			"__comment": "Aseenpiiput*",
			"from": [ 10.625, -1.375, 7.375 ],
			"to": [ 14.625, -0.5, 9.5 ],
			"rotation": { "origin": [ 10.625, -0.5, 7.375 ], "axis": "z", "angle": 45 },
			"faces": {
				"down": { "uv": [ 14.5, 1.5, 15, 2 ], "texture": "#texture" },
				"up": { "uv": [ 14.5, 1.5, 15, 2 ], "texture": "#texture" },
				"north": { "uv": [ 14.5, 1.5, 15, 2 ], "texture": "#texture" },
				"south": { "uv": [ 14.5, 1.5, 15, 2 ], "texture": "#texture" },
				"west": { "uv": [ 14.5, 1.5, 15, 2 ], "texture": "#texture" },
				"east": { "uv": [ 14.5, 1.5, 15, 2 ], "texture": "#texture" }
			}
		},
		{
			"from": [ 5.875, 1.75, 8 ],
			"to": [ 9.375, 2.875, 8.875 ],
			"rotation": { "origin": [ 5.875, 2.875, 8 ], "axis": "z", "angle": 45 },
			"faces": {
				"down": { "uv": [ 14.5, 1.5, 15, 2 ], "texture": "#texture" },
				"up": { "uv": [ 14.5, 1.5, 15, 2 ], "texture": "#texture" },
				"north": { "uv": [ 14.5, 1.5, 15, 2 ], "texture": "#texture" },
				"south": { "uv": [ 14.5, 1.5, 15, 2 ], "texture": "#texture" },
				"west": { "uv": [ 14.5, 1.5, 15, 2 ], "texture": "#texture" },
				"east": { "uv": [ 14.5, 1.5, 15, 2 ], "texture": "#texture" }
			}
		}
	],
	"display": {
		"thirdperson_righthand": {
			"rotation":  [ 74, -88, 112 ],
			"translation":  [ 0.94, 3.02, -0.19 ],
			"scale":  [ 1.24, 1.24, 1.5 ]
		},
		"thirdperson_lefthand": {
			"rotation":  [ -162, 91, 125 ],
			"translation":  [ -0.94, 3.02, -0.19 ],
			"scale":  [ 1.24, 1.24, 1.5 ]
		},
		"firstperson_righthand": {
			"rotation":  [ 1, -98, 45 ],
			"translation":  [ 2.08, 4.54, 2.27 ],
			"scale":  [ 2, 2, 2 ]
		},
		"firstperson_lefthand": {
			"rotation":  [ -62, 89, 23 ],
			"translation":  [ 0.5126, 4.34, 4.34 ],
			"scale":  [ 2, 2, 2 ]
		},
		"gui": {
			"rotation":  [ 3, 133, 4 ],
			"translation":  [ -1.7, 1.7, 0 ]
		},
		"head": {
			"translation":  [ 1.3922, -10.43, 4.8689 ],
			"scale":  [ 2, 2, 2 ]
		},
		"ground": {
			"translation":  [ 0, 2, 0 ],
			"scale":  [ 0.7, 0.7, 0.7 ]
		},
		"fixed": {
			"translation":  [ 1.5, 2.6, -2.3 ],
			"scale":  [ 1.3, 1.3, 1.3 ]
		}
	}
}