{
	"__comment": "Pistol 3D Model made by Hunajameloni",
	"textures": {
		"texture": "item/pistol"
	},
	"elements": [
		{
			"from": [ 11.125, 5.125, 4.625 ],
			"to": [ 12, 5.625, 7.6875 ],
			"faces": {
				"down": { "uv": [ 6.5, 1, 11.5, 5 ], "texture": "#texture", "rotation": 270 },
				"up": { "uv": [ 6.5, 1, 11.5, 1.5 ], "texture": "#texture", "rotation": 90 },
				"north": { "uv": [ 7.25, 1, 10.5, 5 ], "texture": "#texture" },
				"south": { "uv": [ 7.25, 1, 10.5, 5 ], "texture": "#texture" },
				"west": { "uv": [ 14.5, 1, 5, 5 ], "texture": "#texture" },
				"east": { "uv": [ 14.5, 1, 5, 5 ], "texture": "#texture" }
			}
		},
		{
			"from": [ 11.25, 5.5, 4.625 ],
			"to": [ 11.875, 5.75, 6.125 ],
			"faces": {
				"down": { "uv": [ 6.75, 4.5, 9.75, 5 ], "texture": "#texture", "rotation": 270 },
				"up": { "uv": [ 6.75, 1, 9.6875, 1.625 ], "texture": "#texture", "rotation": 90 },
				"north": { "uv": [ 7.25, 4, 7.875, 4.25 ], "texture": "#texture" },
				"south": { "uv": [ 7.25, 4, 7.875, 4.25 ], "texture": "#texture" },
				"west": { "uv": [ 5.5, 5, 13.5, 2 ], "texture": "#texture" },
				"east": { "uv": [ 5, 3.5, 14.5, 1 ], "texture": "#texture" }
			}
		},
		{
			"from": [ 11.125, 4.9375, 6.625 ],
			"to": [ 11.875, 5.1875, 7.375 ],
			"faces": {
				"down": { "uv": [ 5, 10.5, 4.25, 9.5 ], "texture": "#texture", "rotation": 270 },
				"up": { "uv": [ 5, 10.5, 4.25, 9.5 ], "texture": "#texture", "rotation": 90 },
				"north": { "uv": [ 4, 9.5, 5, 10.25 ], "texture": "#texture" },
				"south": { "uv": [ 4, 9.5, 5, 10.25 ], "texture": "#texture" },
				"west": { "uv": [ 1.5, 9.5, 5, 11.5 ], "texture": "#texture" },
				"east": { "uv": [ 1.5, 9.5, 5, 11.5 ], "texture": "#texture" }
			}
		},
		{
			"from": [ 11.1875, 2.9375, 6.625 ],
			"to": [ 11.75, 5, 7.3125 ],
			"rotation": { "origin": [ 11.1875, 5, 6.625 ], "axis": "x", "angle": -22.5 },
			"faces": {
				"down": { "uv": [ 3.5, 11.25, 4.25, 11.75 ], "texture": "#texture", "rotation": 270 },
				"up": { "uv": [ 3.5, 11, 4.25, 11.5 ], "texture": "#texture", "rotation": 90 },
				"north": { "uv": [ 3.5, 12, 4, 15 ], "texture": "#texture" },
				"south": { "uv": [ 3.5, 11.75, 4, 14.75 ], "texture": "#texture" },
				"west": { "uv": [ 1.25, 11.25, 3.75, 15.25 ], "texture": "#texture" },
				"east": { "uv": [ 1, 11, 4, 15.25 ], "texture": "#texture" }
			}
		},
		{
			"from": [ 11.25, 5, 7.25 ],
			"to": [ 11.875, 5.5, 7.9375 ],
			"rotation": { "origin": [ 11.25, 5.5, 7.25 ], "axis": "x", "angle": 45 },
			"faces": {
				"down": { "uv": [ 5, 10.5, 4.25, 9.5 ], "texture": "#texture", "rotation": 270 },
				"up": { "uv": [ 5, 10.5, 4.25, 9.5 ], "texture": "#texture", "rotation": 90 },
				"north": { "uv": [ 4, 9.5, 5, 10.25 ], "texture": "#texture" },
				"south": { "uv": [ 4, 9.5, 5, 10.25 ], "texture": "#texture" },
				"west": { "uv": [ 1.5, 9.5, 5, 11.5 ], "texture": "#texture" },
				"east": { "uv": [ 1.5, 9.5, 5, 11.5 ], "texture": "#texture" }
			}
		},
		{
			"from": [ 11.375, 4.375, 6.125 ],
			"to": [ 11.625, 4.5, 6.875 ],
			"faces": {
				"down": { "uv": [ 5, 10.5, 4.25, 9.5 ], "texture": "#texture", "rotation": 270 },
				"up": { "uv": [ 5, 10.5, 4.25, 9.5 ], "texture": "#texture", "rotation": 90 },
				"north": { "uv": [ 4, 9.5, 5, 10.25 ], "texture": "#texture" },
				"south": { "uv": [ 4, 9.5, 5, 10.25 ], "texture": "#texture" },
				"west": { "uv": [ 1.5, 9.5, 5, 11.5 ], "texture": "#texture" },
				"east": { "uv": [ 1.5, 9.5, 5, 11.5 ], "texture": "#texture" }
			}
		},
		{
			"from": [ 11.375, 4.4375, 6.125 ],
			"to": [ 11.625, 4.9375, 6.25 ],
			"faces": {
				"down": { "uv": [ 5, 10.5, 4.25, 9.5 ], "texture": "#texture", "rotation": 270 },
				"up": { "uv": [ 5, 10.5, 4.25, 9.5 ], "texture": "#texture", "rotation": 90 },
				"north": { "uv": [ 4, 9.5, 5, 10.25 ], "texture": "#texture" },
				"south": { "uv": [ 4, 9.5, 5, 10.25 ], "texture": "#texture" },
				"west": { "uv": [ 1.5, 9.5, 5, 11.5 ], "texture": "#texture" },
				"east": { "uv": [ 1.5, 9.5, 5, 11.5 ], "texture": "#texture" }
			}
		},
		{
			"from": [ 11.4375, 5.125, 7.25 ],
			"to": [ 11.75, 5.1875, 7.9375 ],
			"rotation": { "origin": [ 11.4375, 5.1875, 7.25 ], "axis": "x", "angle": -22.5 },
			"faces": {
				"down": { "uv": [ 7.75, 13, 8.5, 14 ], "texture": "#texture", "rotation": 270 },
				"up": { "uv": [ 7.75, 13, 8.5, 14 ], "texture": "#texture", "rotation": 90 },
				"north": { "uv": [ 7.5, 13, 8.5, 14 ], "texture": "#texture" },
				"south": { "uv": [ 7.5, 13, 8.5, 14 ], "texture": "#texture" },
				"west": { "uv": [ 7.75, 13, 8.5, 14 ], "texture": "#texture" },
				"east": { "uv": [ 7.75, 13, 8.5, 14 ], "texture": "#texture" }
			}
		},
		{
			"from": [ 11.25, 5.5, 6.5 ],
			"to": [ 11.875, 5.75, 7.5 ],
			"faces": {
				"down": { "uv": [ 5.5, 6, 13.5, 8 ], "texture": "#texture", "rotation": 270 },
				"up": { "uv": [ 5.5, 6, 13.5, 8 ], "texture": "#texture", "rotation": 90 },
				"north": { "uv": [ 7.25, 4, 7.875, 4.25 ], "texture": "#texture" },
				"south": { "uv": [ 7.25, 4, 7.875, 4.25 ], "texture": "#texture" },
				"west": { "uv": [ 13.25, 4, 5.25, 1 ], "texture": "#texture" },
				"east": { "uv": [ 13.25, 4, 5.25, 1 ], "texture": "#texture" }
			}
		},
		{
			"from": [ 11.25, 4.875, 4.625 ],
			"to": [ 11.875, 5.125, 7.1875 ],
			"faces": {
				"down": { "uv": [ 1.5, 7.5, 4.25, 8 ], "texture": "#texture", "rotation": 270 },
				"up": { "uv": [ 1.5, 7.5, 4.25, 8 ], "texture": "#texture", "rotation": 90 },
				"north": { "uv": [ 3, 6, 3.625, 6.25 ], "texture": "#texture" },
				"south": { "uv": [ 3, 6, 3.625, 6.25 ], "texture": "#texture" },
				"west": { "uv": [ 0, 6, 4.5, 7.75 ], "texture": "#texture" },
				"east": { "uv": [ 0, 6, 4.5, 7.75 ], "texture": "#texture" }
			}
		},
		{
			"from": [ 11.1875, 4.5625, 7.25 ],
			"to": [ 11.75, 5.125, 7.5625 ],
			"faces": {
				"down": { "uv": [ 5, 10.5, 4.25, 9.5 ], "texture": "#texture", "rotation": 270 },
				"up": { "uv": [ 5, 10.5, 4.25, 9.5 ], "texture": "#texture", "rotation": 90 },
				"north": { "uv": [ 4, 9.5, 5, 10.25 ], "texture": "#texture" },
				"south": { "uv": [ 4, 9.5, 5, 10.25 ], "texture": "#texture" },
				"west": { "uv": [ 1.5, 9.5, 5, 11.5 ], "texture": "#texture" },
				"east": { "uv": [ 1.5, 9.5, 5, 11.5 ], "texture": "#texture" }
			}
		},
		{
			"from": [ 11.25, 4.875, 4.375 ],
			"to": [ 11.875, 5.625, 4.625 ],
			"faces": {
				"down": { "uv": [ 1, 6, 1.25, 6.4375 ], "texture": "#texture", "rotation": 270 },
				"up": { "uv": [ 1, 6, 1.25, 6.4375 ], "texture": "#texture", "rotation": 90 },
				"north": { "uv": [ 1, 6, 1.5, 7.5 ], "texture": "#texture" },
				"south": { "uv": [ 1, 6, 1.5, 7.5 ], "texture": "#texture" },
				"west": { "uv": [ 1, 6, 1.5, 7.25 ], "texture": "#texture" },
				"east": { "uv": [ 1, 6, 1.5, 7.25 ], "texture": "#texture" }
			}
		},
		{
			"from": [ 11.25, 4.9375, 7.375 ],
			"to": [ 11.875, 5.3125, 7.8125 ],
			"faces": {
				"down": { "uv": [ 5, 10.5, 4.25, 9.5 ], "texture": "#texture", "rotation": 270 },
				"up": { "uv": [ 5, 10.5, 4.25, 9.5 ], "texture": "#texture", "rotation": 90 },
				"north": { "uv": [ 4, 9.5, 5, 10.25 ], "texture": "#texture" },
				"south": { "uv": [ 4, 9.5, 5, 10.25 ], "texture": "#texture" },
				"west": { "uv": [ 1.5, 9.5, 5, 11.5 ], "texture": "#texture" },
				"east": { "uv": [ 1.5, 9.5, 5, 11.5 ], "texture": "#texture" }
			}
		},
		{
			"from": [ 11.8125, 5.125, 4.375 ],
			"to": [ 12, 5.625, 4.625 ],
			"faces": {
				"down": { "uv": [ 2, 6, 2.5, 7.5 ], "texture": "#texture", "rotation": 270 },
				"up": { "uv": [ 2, 6, 2.5, 7.5 ], "texture": "#texture", "rotation": 90 },
				"north": { "uv": [ 2, 6, 2.5, 7.5 ], "texture": "#texture" },
				"south": { "uv": [ 2, 6, 2.5, 7.5 ], "texture": "#texture" },
				"west": { "uv": [ 3.8125, 10.4375, 4.0625, 10.875 ], "texture": "#texture" },
				"east": { "uv": [ 2.25, 6.25, 2.5, 6.6875 ], "texture": "#texture" }
			}
		},
		{
			"from": [ 11.0625, 5.125, 4.375 ],
			"to": [ 11.25, 5.625, 4.625 ],
			"faces": {
				"down": { "uv": [ 1, 6.25, 1.25, 6.6875 ], "texture": "#texture", "rotation": 270 },
				"up": { "uv": [ 1, 6.25, 1.25, 6.6875 ], "texture": "#texture", "rotation": 90 },
				"north": { "uv": [ 1, 6, 1.5, 7.5 ], "texture": "#texture" },
				"south": { "uv": [ 1, 6, 1.5, 7.5 ], "texture": "#texture" },
				"west": { "uv": [ 1, 6, 1.5, 7.5 ], "texture": "#texture" },
				"east": { "uv": [ 1, 6, 1.5, 7.5 ], "texture": "#texture" }
			}
		},
		{
			"from": [ 11.25, 5.625, 4.375 ],
			"to": [ 11.875, 5.75, 4.5625 ],
			"faces": {
				"down": { "uv": [ 2, 6, 2.5, 7.5 ], "texture": "#texture", "rotation": 270 },
				"up": { "uv": [ 2, 6, 2.5, 7.5 ], "texture": "#texture", "rotation": 90 },
				"north": { "uv": [ 1, 6.25, 1.625, 6.5 ], "texture": "#texture" },
				"south": { "uv": [ 1, 6.25, 1.625, 6.5 ], "texture": "#texture" },
				"west": { "uv": [ 1, 6, 1.5, 7.5 ], "texture": "#texture" },
				"east": { "uv": [ 1, 6, 1.5, 7.5 ], "texture": "#texture" }
			}
		}
	],
	"display": {
		"thirdperson_righthand": {
			"rotation":  [ 3, 1, 0 ],
			"translation":  [ -5.86, 7.18, 4.16 ],
			"scale":  [ 1.54, 2.27, 2.08 ]
		},
		"thirdperson_lefthand": {
			"rotation":  [ 3, 1, 0 ],
			"translation":  [ 5.29, 6.61, 4.16 ],
			"scale":  [ 1.54, 2.27, 2.08 ]
		},
		"firstperson_righthand": {
			"rotation":  [ 0, -3, 0 ],
			"translation":  [ -9.64, 10.271, 5.29 ],
			"scale":  [ 1.86, 2.08, 2 ]
		},
		"firstperson_lefthand": {
			"rotation":  [ 0, -3, 0 ],
			"translation":  [ 3.78, 10.271, 5.29 ],
			"scale":  [ 1.86, 2.08, 2 ]
		},
		"gui": {
			"rotation":  [ -16, -120, 4 ],
			"translation":  [ -0.94, 5.67, 0 ],
			"scale":  [ 2.2, 2.93, 3.02 ]
		},
		"head": {
			"rotation":  [ 64, -91, 67 ],
			"translation":  [ -4.173, -12.52, -6.955 ],
			"scale":  [ 3, 3, 3 ]
		},
		"ground": {
			"rotation":  [ 16, -37, 0 ],
			"translation":  [ -3.4, 1.32, 0 ],
			"scale":  [ 1.26, 1.67, 1.83 ]
		},
		"fixed": {
			"rotation":  [ 1, 89, 0 ],
			"translation":  [ 4.35, 8.5, 8.69 ],
			"scale":  [ 2.43, 2.55, 2.46 ]
		}
	}
}