{
	"__comment": "SMG 3D Model made by Hunajameloni",
	"textures": {
		"texture": "item/smg"
	},
	"elements": [
		{
			"from": [ 2, 12.5, 5.5 ],
			"to": [ 3.8125, 13, 6 ],
			"faces": {
				"down": { "uv": [ 10.5, 2, 12.3125, 2.5 ], "texture": "#texture" },
				"up": { "uv": [ 10.5, 2, 12.3125, 2.5 ], "texture": "#texture" },
				"north": { "uv": [ 10.5, 2, 12.3125, 2.5 ], "texture": "#texture" },
				"south": { "uv": [ 10.5, 2, 12.3125, 2.5 ], "texture": "#texture" },
				"west": { "uv": [ 10, 2, 10.5, 2.5 ], "texture": "#texture" },
				"east": { "uv": [ 10, 2, 10.5, 2.5 ], "texture": "#texture" }
			}
		},
		{
			"from": [ 2, 11.75, 5.5 ],
			"to": [ 3.5, 12.25, 6 ],
			"faces": {
				"down": { "uv": [ 11, 3, 12.5, 3.5 ], "texture": "#texture" },
				"up": { "uv": [ 11, 3, 12.5, 3.5 ], "texture": "#texture" },
				"north": { "uv": [ 10.5, 3, 12, 3.5 ], "texture": "#texture" },
				"south": { "uv": [ 10.5, 3, 12, 3.5 ], "texture": "#texture" },
				"west": { "uv": [ 10, 3, 10.5, 3.5 ], "texture": "#texture" },
				"east": { "uv": [ 10, 3, 10.5, 3.5 ], "texture": "#texture" }
			}
		},
		{
			"from": [ 3.9375, 11.125, 5.1875 ],
			"to": [ 4.375, 13.25, 6.25 ],
			"rotation": { "origin": [ 3.9375, 13.25, 5.1875 ], "axis": "z", "angle": -22.5 },
			"faces": {
				"down": { "uv": [ 8, 6.5, 8.5, 7.5 ], "texture": "#texture" },
				"up": { "uv": [ 8, 6.5, 8.5, 7.5 ], "texture": "#texture" },
				"north": { "uv": [ 8, 6.5, 8.5, 7.5 ], "texture": "#texture" },
				"south": { "uv": [ 8, 6.5, 8.5, 7.5 ], "texture": "#texture" },
				"west": { "uv": [ 8, 6.5, 8.5, 7.5 ], "texture": "#texture" },
				"east": { "uv": [ 8, 6.5, 8.5, 7.5 ], "texture": "#texture" }
			}
		},
		{
			"from": [ 4.5625, 12.9375, 5.1875 ],
			"to": [ 5.0625, 13.4375, 6.25 ],
			"rotation": { "origin": [ 4.5625, 13.4375, 5.1875 ], "axis": "z", "angle": -45 },
			"faces": {
				"down": { "uv": [ 9, 6.5, 9.5, 7 ], "texture": "#texture" },
				"up": { "uv": [ 9, 6.5, 9.5, 7 ], "texture": "#texture" },
				"north": { "uv": [ 8.5, 6.5, 9, 7.5 ], "texture": "#texture" },
				"south": { "uv": [ 8.5, 6.5, 9, 7.5 ], "texture": "#texture" },
				"west": { "uv": [ 9, 6.5, 9.5, 7.5 ], "texture": "#texture" },
				"east": { "uv": [ 9, 6.5, 9.5, 7.5 ], "texture": "#texture" }
			}
		},
		{
			"from": [ 4.5625, 11.625, 5.1875 ],
			"to": [ 7.6875, 13.4375, 6.25 ],
			"faces": {
				"down": { "uv": [ 8, 6.5, 14, 7.5 ], "texture": "#texture" },
				"up": { "uv": [ 8, 6.5, 14, 7.5 ], "texture": "#texture" },
				"north": { "uv": [ 8, 6.5, 14, 9 ], "texture": "#texture" },
				"south": { "uv": [ 8, 6.5, 14, 9 ], "texture": "#texture" },
				"west": { "uv": [ 8, 6.5, 14, 9 ], "texture": "#texture" },
				"east": { "uv": [ 8, 6.5, 14, 9 ], "texture": "#texture" }
			}
		},
		{
			"from": [ 3.875, 11.625, 5.1875 ],
			"to": [ 6.4375, 13, 6.25 ],
			"faces": {
				"down": { "uv": [ 8, 7, 14, 7.5 ], "texture": "#texture" },
				"up": { "uv": [ 8, 7, 14, 7.5 ], "texture": "#texture" },
				"north": { "uv": [ 8, 7, 14, 9 ], "texture": "#texture" },
				"south": { "uv": [ 8, 7, 14, 9 ], "texture": "#texture" },
				"west": { "uv": [ 8, 7, 14, 9 ], "texture": "#texture" },
				"east": { "uv": [ 8, 7, 14, 9 ], "texture": "#texture" }
			}
		},
		{
			"from": [ 7.3125, 11.5625, 5.1875 ],
			"to": [ 8.3125, 12.0625, 6.25 ],
			"rotation": { "origin": [ 7.3125, 12.0625, 5.1875 ], "axis": "z", "angle": 22.5 },
			"faces": {
				"down": { "uv": [ 13.5, 9, 13, 8.5 ], "texture": "#texture" },
				"up": { "uv": [ 3.5, 5.5, 4, 6 ], "texture": "#texture" },
				"north": { "uv": [ 12.5, 8, 14, 9 ], "texture": "#texture" },
				"south": { "uv": [ 12.5, 8, 14, 9 ], "texture": "#texture" },
				"west": { "uv": [ 12.5, 8, 14, 9 ], "texture": "#texture" },
				"east": { "uv": [ 12.5, 8, 14, 9 ], "texture": "#texture" }
			}
		},
		{
			"from": [ 7.4375, 11.9375, 5.1875 ],
			"to": [ 8.625, 13.4375, 6.25 ],
			"faces": {
				"down": { "uv": [ 14, 8.5, 13.5, 8 ], "texture": "#texture" },
				"up": { "uv": [ 9.5, 7, 10, 7.5 ], "texture": "#texture" },
				"north": { "uv": [ 12.5, 6.5, 14, 8.5 ], "texture": "#texture" },
				"south": { "uv": [ 12.5, 6.5, 14, 8.5 ], "texture": "#texture" },
				"west": { "uv": [ 12.5, 6.5, 14, 8.5 ], "texture": "#texture" },
				"east": { "uv": [ 12.5, 6.5, 14, 8.5 ], "texture": "#texture" }
			}
		},
		{
			"from": [ 7.3125, 10.5625, 5.25 ],
			"to": [ 8.625, 11.5625, 6.25 ],
			"rotation": { "origin": [ 7.3125, 11.5625, 5.25 ], "axis": "z", "angle": 22.5 },
			"faces": {
				"down": { "uv": [ 8.5, 12, 9, 13 ], "texture": "#texture" },
				"up": { "uv": [ 8.5, 12, 9, 13 ], "texture": "#texture" },
				"north": { "uv": [ 8.5, 12, 9, 13 ], "texture": "#texture" },
				"south": { "uv": [ 8.5, 12, 9, 13 ], "texture": "#texture" },
				"west": { "uv": [ 8.5, 12, 9, 13 ], "texture": "#texture" },
				"east": { "uv": [ 8.5, 12, 9, 13 ], "texture": "#texture" }
			}
		},
		{
			"from": [ 7.9375, 10.8125, 5.25 ],
			"to": [ 11.6875, 11.875, 6.25 ],
			"faces": {
				"down": { "uv": [ 10, 12, 9, 11 ], "texture": "#texture" },
				"up": { "uv": [ 9, 10.5, 10, 11.5 ], "texture": "#texture" },
				"north": { "uv": [ 8.5, 12.5, 12.5, 13 ], "texture": "#texture" },
				"south": { "uv": [ 8.5, 12.5, 12.5, 13 ], "texture": "#texture" },
				"west": { "uv": [ 8.5, 12.5, 12.5, 13 ], "texture": "#texture" },
				"east": { "uv": [ 8.5, 12.5, 12.5, 13 ], "texture": "#texture" }
			}
		},
		{
			"from": [ 8.5, 11.8125, 5.25 ],
			"to": [ 11.6875, 13.5, 6.25 ],
			"faces": {
				"down": { "uv": [ 10, 11.5, 9, 10.5 ], "texture": "#texture" },
				"up": { "uv": [ 9.5, 11, 10.5, 12 ], "texture": "#texture" },
				"north": { "uv": [ 8.5, 10.5, 12, 13 ], "texture": "#texture" },
				"south": { "uv": [ 8.5, 10.5, 12, 13 ], "texture": "#texture" },
				"west": { "uv": [ 8.5, 10.5, 9, 13 ], "texture": "#texture" },
				"east": { "uv": [ 8.5, 10.5, 9, 13 ], "texture": "#texture" }
			}
		},
		{
			"from": [ 9.125, 8.8125, 5.25 ],
			"to": [ 10, 10.875, 6.25 ],
			"faces": {
				"down": { "uv": [ 10, 13, 11, 14 ], "texture": "#texture" },
				"up": { "uv": [ 10, 13, 11, 14 ], "texture": "#texture" },
				"north": { "uv": [ 10, 13, 11, 15 ], "texture": "#texture" },
				"south": { "uv": [ 10, 13, 11, 15 ], "texture": "#texture" },
				"west": { "uv": [ 10, 13, 11, 15 ], "texture": "#texture" },
				"east": { "uv": [ 10, 13, 11, 15 ], "texture": "#texture" }
			}
		},
		{
			"from": [ 8.1875, 9.9375, 5.25 ],
			"to": [ 8.5, 10.9375, 6.25 ],
			"faces": {
				"down": { "uv": [ 9, 13, 9.5, 14 ], "texture": "#texture" },
				"up": { "uv": [ 9, 13, 9.5, 14 ], "texture": "#texture" },
				"north": { "uv": [ 9, 13, 9.5, 14 ], "texture": "#texture" },
				"south": { "uv": [ 9, 13, 9.5, 14 ], "texture": "#texture" },
				"west": { "uv": [ 9, 13, 9.5, 14 ], "texture": "#texture" },
				"east": { "uv": [ 9, 13, 9.5, 14 ], "texture": "#texture" }
			}
		},
		{
			"from": [ 8.1875, 9.875, 5.25 ],
			"to": [ 9.1875, 10.1875, 6.25 ],
			"faces": {
				"down": { "uv": [ 9, 13, 9.5, 14 ], "texture": "#texture" },
				"up": { "uv": [ 9, 13, 9.5, 14 ], "texture": "#texture" },
				"north": { "uv": [ 9, 13, 9.5, 14 ], "texture": "#texture" },
				"south": { "uv": [ 9, 13, 9.5, 14 ], "texture": "#texture" },
				"west": { "uv": [ 9, 13, 9.5, 14 ], "texture": "#texture" },
				"east": { "uv": [ 9, 13, 9.5, 14 ], "texture": "#texture" }
			}
		},
		{
			"from": [ 3.3125, 8.6875, 5.25 ],
			"to": [ 4.0625, 11.5, 6.25 ],
			"faces": {
				"down": { "uv": [ 2.5, 9.5, 3.5, 12 ], "texture": "#texture" },
				"up": { "uv": [ 2.5, 9.5, 3.5, 12 ], "texture": "#texture" },
				"north": { "uv": [ 2.5, 9.5, 3.5, 12 ], "texture": "#texture" },
				"south": { "uv": [ 2.5, 9.5, 3.5, 12 ], "texture": "#texture" },
				"west": { "uv": [ 2.5, 9.5, 3.5, 12 ], "texture": "#texture" },
				"east": { "uv": [ 2.5, 9.5, 3.5, 12 ], "texture": "#texture" }
			}
		},
		{
			"from": [ 9.4375, 13.5, 5.25 ],
			"to": [ 10.75, 14, 6.25 ],
			"faces": {
				"down": { "uv": [ 9.5, 10.5, 10.8125, 11.5 ], "texture": "#texture" },
				"up": { "uv": [ 9.5, 11, 10.8125, 12 ], "texture": "#texture" },
				"north": { "uv": [ 9.5, 11, 10.8125, 11.5 ], "texture": "#texture" },
				"south": { "uv": [ 9.5, 11, 10.8125, 11.5 ], "texture": "#texture" },
				"west": { "uv": [ 9.5, 11, 10.5, 11.5 ], "texture": "#texture" },
				"east": { "uv": [ 9.5, 11, 10.5, 11.5 ], "texture": "#texture" }
			}
		},
		{
			"from": [ 10.3125, 13.9375, 5.25 ],
			"to": [ 10.75, 14.4375, 6.25 ],
			"faces": {
				"down": { "uv": [ 10.5, 10.5, 10.9375, 11.5 ], "texture": "#texture" },
				"up": { "uv": [ 10.5, 10.5, 10.9375, 11.5 ], "texture": "#texture" },
				"north": { "uv": [ 9.5, 10.5, 9.9375, 11 ], "texture": "#texture" },
				"south": { "uv": [ 9.5, 10.5, 9.9375, 11 ], "texture": "#texture" },
				"west": { "uv": [ 10, 11, 11, 11.5 ], "texture": "#texture" },
				"east": { "uv": [ 10, 11, 11, 11.5 ], "texture": "#texture" }
			}
		},
		{
			"from": [ 4.1875, 12.0625, 5 ],
			"to": [ 8.5, 13.0625, 6.4375 ],
			"faces": {
				"down": { "uv": [ 8, 8, 14, 8.5 ], "texture": "#texture" },
				"up": { "uv": [ 8, 6.5, 14, 7.5 ], "texture": "#texture" },
				"north": { "uv": [ 8, 7, 14, 8.5 ], "texture": "#texture" },
				"south": { "uv": [ 8, 7, 14, 8.5 ], "texture": "#texture" },
				"west": { "uv": [ 8, 7, 14, 8.5 ], "texture": "#texture" },
				"east": { "uv": [ 8, 7, 14, 8.5 ], "texture": "#texture" }
			}
		},
		{
			"from": [ 10.5625, 11.0625, 4.9375 ],
			"to": [ 11.5625, 13.25, 6.5 ],
			"faces": {
				"down": { "uv": [ 11, 10.5, 11.5, 11.5 ], "texture": "#texture" },
				"up": { "uv": [ 11, 10.5, 11.5, 11.5 ], "texture": "#texture" },
				"north": { "uv": [ 10.5, 10.5, 11, 11.5 ], "texture": "#texture" },
				"south": { "uv": [ 10, 10.5, 11, 12 ], "texture": "#texture" },
				"west": { "uv": [ 9, 10.5, 10.5, 12 ], "texture": "#texture" },
				"east": { "uv": [ 9, 10.5, 10.5, 12 ], "texture": "#texture" }
			}
		},
		{
			"from": [ 8.5, 12.4375, 5 ],
			"to": [ 10.5625, 13.3125, 6.4375 ],
			"faces": {
				"down": { "uv": [ 9, 10.5, 11, 11.5 ], "texture": "#texture" },
				"up": { "uv": [ 9, 10.5, 11, 11.5 ], "texture": "#texture" },
				"north": { "uv": [ 9, 11, 11, 12.5 ], "texture": "#texture" },
				"south": { "uv": [ 9, 11, 11, 12.5 ], "texture": "#texture" },
				"west": { "uv": [ 9, 10.5, 10.4375, 11.375 ], "texture": "#texture" },
				"east": { "uv": [ 9, 10.5, 10.4375, 11.375 ], "texture": "#texture" }
			}
		},
		{
			"from": [ 8.5, 11.875, 4.9375 ],
			"to": [ 10.75, 12.5, 6.5 ],
			"faces": {
				"down": { "uv": [ 9, 10.5, 11, 11.5 ], "texture": "#texture" },
				"up": { "uv": [ 9, 10.5, 11, 11.5 ], "texture": "#texture" },
				"north": { "uv": [ 9, 11.5, 11, 12.5 ], "texture": "#texture" },
				"south": { "uv": [ 9, 11.5, 11, 12.5 ], "texture": "#texture" },
				"west": { "uv": [ 9, 11, 10.5625, 11.625 ], "texture": "#texture" },
				"east": { "uv": [ 9, 11, 10.5625, 11.625 ], "texture": "#texture" }
			}
		},
		{
			"from": [ 8.5, 11.125, 5 ],
			"to": [ 10.5625, 12, 6.4375 ],
			"faces": {
				"down": { "uv": [ 9, 10.5, 11, 11.5 ], "texture": "#texture" },
				"up": { "uv": [ 9, 10.5, 11, 11.5 ], "texture": "#texture" },
				"north": { "uv": [ 9, 11, 11.0625, 11.875 ], "texture": "#texture" },
				"south": { "uv": [ 9, 10.5, 11.0625, 11.375 ], "texture": "#texture" },
				"west": { "uv": [ 9, 10.5, 10.4375, 11.375 ], "texture": "#texture" },
				"east": { "uv": [ 9.5, 11, 10.9375, 11.875 ], "texture": "#texture" }
			}
		}
	],
	"display": {
		"thirdperson_righthand": {
			"rotation":  [ 86, -88, 81 ],
			"translation":  [ -3.21, -3.97, 0.4 ],
			"scale":  [ 1.3, 1.2, 1.1 ]
		},
		"thirdperson_lefthand": {
			"rotation":  [ -81, 92, 84 ],
			"translation":  [ 2.08, -3.78, -0.76 ],
			"scale":  [ 1.3, 1.2, 1.1 ]
		},
		"firstperson_righthand": {
			"rotation":  [ 0, -92, 0 ],
			"translation":  [ -6.43, 0.38, 2.08 ]
		},
		"firstperson_lefthand": {
			"rotation":  [ 0, 84, 0 ],
			"translation":  [ -0.373, 0, 1.9543 ]
		},
		"gui": {
			"rotation":  [ -11, 142, -20 ],
			"translation":  [ 1.89, -5.48, 0 ],
			"scale":  [ 1.5, 1.4, 1.3 ]
		},
		"head": {
			"rotation":  [ -6, 3, 41 ],
			"translation":  [ 6.2608, -19.46, 9.0431 ],
			"scale":  [ 2, 2, 2 ]
		},
		"ground": {
			"rotation":  [ 0, -14, -34 ],
			"translation":  [ 1.89, -2.83, 0.57 ],
			"scale":  [ 1, 0.9, 0.8 ]
		},
		"fixed": {
			"rotation":  [ 0, 0, -35 ],
			"translation":  [ -1.8, -5, 2.5 ],
			"scale":  [ 1.5, 1.4, 1.3 ]
		}
	}
}