{
	"credit": "Made by 🌌Pasport🌌 modified by SanyaSho",
	"texture_size": [64, 64],
	"textures": {
		"0": "item/modeldata/props/misc_props/chair"
	},
	"elements": [
		{
			"from": [2, 10.2, 2.3],
			"to": [14, 11.2, 14.1],
			"rotation": {"angle": 0, "axis": "y", "origin": [0, 0, -2]},
			"faces": {
				"north": {"uv": [5.75, 4, 8.75, 4.25], "texture": "#0"},
				"east": {"uv": [5.75, 4.25, 8.75, 4.5], "texture": "#0"},
				"south": {"uv": [5.75, 4.5, 8.75, 4.75], "texture": "#0"},
				"west": {"uv": [5.75, 4.75, 8.75, 5], "texture": "#0"},
				"up": {"uv": [3, 3, 0, 0], "texture": "#0"},
				"down": {"uv": [3, 3, 0, 6], "texture": "#0"}
			}
		},
		{
			"from": [2, 0, -2],
			"to": [3, 11.9, -1],
			"rotation": {"angle": 22.5, "axis": "x", "origin": [2.5, 0, -1.5]},
			"faces": {
				"north": {"uv": [2, 6, 2.25, 9], "texture": "#0"},
				"east": {"uv": [2.25, 6, 2.5, 9], "texture": "#0"},
				"south": {"uv": [2.5, 6, 2.75, 9], "texture": "#0"},
				"west": {"uv": [2.75, 6, 3, 9], "texture": "#0"},
				"up": {"uv": [8.25, 7.75, 8, 7.5], "texture": "#0"},
				"down": {"uv": [8.5, 2.25, 8.25, 2.5], "texture": "#0"}
			}
		},
		{
			"from": [13, 0, -2],
			"to": [14, 11.8, -1],
			"rotation": {"angle": 22.5, "axis": "x", "origin": [2.5, 0, -1.5]},
			"faces": {
				"north": {"uv": [3, 7.75, 3.25, 10.75], "texture": "#0"},
				"east": {"uv": [3.25, 7.75, 3.5, 10.75], "texture": "#0"},
				"south": {"uv": [3.5, 7.75, 3.75, 10.75], "texture": "#0"},
				"west": {"uv": [3.75, 7.75, 4, 10.75], "texture": "#0"},
				"up": {"uv": [8.5, 2.75, 8.25, 2.5], "texture": "#0"},
				"down": {"uv": [8.5, 2.75, 8.25, 3], "texture": "#0"}
			}
		},
		{
			"from": [2, -7.5, 16.25],
			"to": [3, 4.4, 17.25],
			"rotation": {"angle": -22.5, "axis": "x", "origin": [2.5, 0, -1.5]},
			"faces": {
				"north": {"uv": [4, 7.75, 4.25, 10.75], "texture": "#0"},
				"east": {"uv": [4.25, 7.75, 4.5, 10.75], "texture": "#0"},
				"south": {"uv": [4.5, 7.75, 4.75, 10.75], "texture": "#0"},
				"west": {"uv": [4.75, 7.75, 5, 10.75], "texture": "#0"},
				"up": {"uv": [8.5, 3.25, 8.25, 3], "texture": "#0"},
				"down": {"uv": [8.5, 3.25, 8.25, 3.5], "texture": "#0"}
			}
		},
		{
			"from": [13, -7.5, 16.25],
			"to": [14, 4.4, 17.25],
			"rotation": {"angle": -22.5, "axis": "x", "origin": [2.5, 0, -1.5]},
			"faces": {
				"north": {"uv": [5, 7.75, 5.25, 10.75], "texture": "#0"},
				"east": {"uv": [5.25, 7.75, 5.5, 10.75], "texture": "#0"},
				"south": {"uv": [5.5, 7.75, 5.75, 10.75], "texture": "#0"},
				"west": {"uv": [5.75, 7.75, 6, 10.75], "texture": "#0"},
				"up": {"uv": [8.5, 3.75, 8.25, 3.5], "texture": "#0"},
				"down": {"uv": [8.5, 3.75, 8.25, 4], "texture": "#0"}
			}
		},
		{
			"from": [2.5, 11, 2.75],
			"to": [13.5, 11.3, 13.5],
			"rotation": {"angle": 0, "axis": "y", "origin": [0, 0, 5]},
			"faces": {
				"north": {"uv": [5.75, 5, 8.5, 5.25], "texture": "#0"},
				"east": {"uv": [5.75, 5.25, 8.5, 5.5], "texture": "#0"},
				"south": {"uv": [6, 7.75, 8.75, 8], "texture": "#0"},
				"west": {"uv": [8, 5.5, 10.75, 5.75], "texture": "#0"},
				"up": {"uv": [5.75, 2.75, 3, 0], "texture": "#0"},
				"down": {"uv": [5.75, 2.75, 3, 5.5], "texture": "#0"}
			}
		},
		{
			"from": [2, 11, 13],
			"to": [3, 24, 14],
			"faces": {
				"north": {"uv": [0, 6, 0.25, 9.25], "texture": "#0"},
				"east": {"uv": [0.25, 6, 0.5, 9.25], "texture": "#0"},
				"south": {"uv": [0.5, 6, 0.75, 9.25], "texture": "#0"},
				"west": {"uv": [0.75, 6, 1, 9.25], "texture": "#0"},
				"up": {"uv": [7, 8.5, 6.75, 8.25], "texture": "#0"},
				"down": {"uv": [7.25, 8.25, 7, 8.5], "texture": "#0"}
			}
		},
		{
			"from": [13, 11, 13],
			"to": [14, 24, 14],
			"faces": {
				"north": {"uv": [1, 6, 1.25, 9.25], "texture": "#0"},
				"east": {"uv": [1.25, 6, 1.5, 9.25], "texture": "#0"},
				"south": {"uv": [1.5, 6, 1.75, 9.25], "texture": "#0"},
				"west": {"uv": [1.75, 6, 2, 9.25], "texture": "#0"},
				"up": {"uv": [7.5, 8.5, 7.25, 8.25], "texture": "#0"},
				"down": {"uv": [7.75, 8.25, 7.5, 8.5], "texture": "#0"}
			}
		},
		{
			"from": [3, 23, 13],
			"to": [13, 24, 14],
			"faces": {
				"north": {"uv": [8, 6, 10.5, 6.25], "texture": "#0"},
				"east": {"uv": [8.25, 7.5, 8.5, 7.75], "texture": "#0"},
				"south": {"uv": [8, 6.25, 10.5, 6.5], "texture": "#0"},
				"west": {"uv": [7.75, 8.25, 8, 8.5], "texture": "#0"},
				"up": {"uv": [10.5, 6.75, 8, 6.5], "texture": "#0"},
				"down": {"uv": [10.5, 6.75, 8, 7], "texture": "#0"}
			}
		},
		{
			"from": [3, 14, 13],
			"to": [13, 22.7, 13.5],
			"faces": {
				"north": {"uv": [3, 5.5, 5.5, 7.75], "texture": "#0"},
				"east": {"uv": [8.25, 0, 8.5, 2.25], "texture": "#0"},
				"south": {"uv": [5.5, 5.5, 8, 7.75], "texture": "#0"},
				"west": {"uv": [6, 8.25, 6.25, 10.5], "texture": "#0"},
				"up": {"uv": [10.5, 7.25, 8, 7], "texture": "#0"},
				"down": {"uv": [10.5, 7.25, 8, 7.5], "texture": "#0"}
			}
		},
		{
			"from": [3.25, 14.25, 12.7],
			"to": [12.75, 22.45, 13.2],
			"faces": {
				"north": {"uv": [5.75, 0, 8.25, 2], "texture": "#0"},
				"east": {"uv": [6.25, 8.25, 6.5, 10.25], "texture": "#0"},
				"south": {"uv": [5.75, 2, 8.25, 4], "texture": "#0"},
				"west": {"uv": [6.5, 8.25, 6.75, 10.25], "texture": "#0"},
				"up": {"uv": [10.5, 6, 8, 5.75], "texture": "#0"},
				"down": {"uv": [8.5, 8, 6, 8.25], "texture": "#0"}
			}
		}
	],
	"display": {
		"thirdperson_righthand": {
			"scale": [0.5, 0.5, 0.5]
		},
		"thirdperson_lefthand": {
			"scale": [0.5, 0.5, 0.5]
		},
		"ground": {
			"translation": [0, 2, 0],
			"scale": [0.5, 0.5, 0.5]
		},
		"gui": {
			"rotation": [-156.5, 39.75, -180],
			"translation": [0, -2, 0],
			"scale": [0.8, 0.8, 0.8]
		},
		"head": {
			"translation": [0, 10, 0],
			"scale": [0.5, 0.5, 0.5]
		},
		"fixed": {
			"rotation": [-90, 0, 0],
			"translation": [0, 0, -13],
			"scale": [1.8, 1.8, 1.8]
		}
	}
}
