{
	"credit": "Made by 🌌Pasport🌌 modified by SanyaSho",
	"texture_size": [64, 64],
	"textures": {
		"2": "item/modeldata/props/misc_props/cremator"
	},
	"elements": [
		{
			"from": [12, 9.5, 5.25],
			"to": [12.5, 10, 16.25],
			"faces": {
				"north": {"uv": [8.5, 7.75, 8.625, 7.875], "texture": "#2"},
				"east": {"uv": [7, 2, 9.75, 2.125], "texture": "#2"},
				"south": {"uv": [8.5, 8, 8.625, 8.125], "texture": "#2"},
				"west": {"uv": [1.75, 8, 4.5, 8.125], "texture": "#2"},
				"up": {"uv": [4.625, 10.75, 4.5, 8], "texture": "#2"},
				"down": {"uv": [4.875, 8, 4.75, 10.75], "texture": "#2"}
			}
		},
		{
			"from": [3, 0, 1],
			"to": [13, 0.25, 16],
			"faces": {
				"north": {"uv": [8.25, 1, 10.75, 1.125], "texture": "#2"},
				"east": {"uv": [7, 1.5, 10.75, 1.625], "texture": "#2"},
				"south": {"uv": [8.25, 1.25, 10.75, 1.375], "texture": "#2"},
				"west": {"uv": [7, 1.75, 10.75, 1.875], "texture": "#2"},
				"up": {"uv": [2.5, 3.75, 0, 0], "texture": "#2"},
				"down": {"uv": [5, 0, 2.5, 3.75], "texture": "#2"}
			}
		},
		{
			"from": [3, 0.25, 15.5],
			"to": [3.5, 11.25, 16],
			"faces": {
				"north": {"uv": [5, 8, 5.125, 10.75], "texture": "#2"},
				"east": {"uv": [5.25, 8, 5.375, 10.75], "texture": "#2"},
				"south": {"uv": [5.5, 8, 5.625, 10.75], "texture": "#2"},
				"west": {"uv": [5.75, 8, 5.875, 10.75], "texture": "#2"},
				"up": {"uv": [8.625, 8.375, 8.5, 8.25], "texture": "#2"},
				"down": {"uv": [8.625, 8.5, 8.5, 8.625], "texture": "#2"}
			}
		},
		{
			"from": [12.5, 0.25, 15.5],
			"to": [13, 11.25, 16],
			"faces": {
				"north": {"uv": [1.75, 8.25, 1.875, 11], "texture": "#2"},
				"east": {"uv": [2, 8.25, 2.125, 11], "texture": "#2"},
				"south": {"uv": [2.25, 8.25, 2.375, 11], "texture": "#2"},
				"west": {"uv": [8.25, 2.25, 8.375, 5], "texture": "#2"},
				"up": {"uv": [8.875, 3.625, 8.75, 3.5], "texture": "#2"},
				"down": {"uv": [8.875, 3.75, 8.75, 3.875], "texture": "#2"}
			}
		},
		{
			"from": [3, 0.25, 5.5],
			"to": [3.5, 11.25, 6],
			"faces": {
				"north": {"uv": [2.5, 8.25, 2.625, 11], "texture": "#2"},
				"east": {"uv": [2.75, 8.25, 2.875, 11], "texture": "#2"},
				"south": {"uv": [3, 8.25, 3.125, 11], "texture": "#2"},
				"west": {"uv": [3.25, 8.25, 3.375, 11], "texture": "#2"},
				"up": {"uv": [8.875, 4.125, 8.75, 4], "texture": "#2"},
				"down": {"uv": [8.875, 4.25, 8.75, 4.375], "texture": "#2"}
			}
		},
		{
			"from": [12.5, 0.25, 5.5],
			"to": [13, 11.25, 6],
			"faces": {
				"north": {"uv": [3.5, 8.25, 3.625, 11], "texture": "#2"},
				"east": {"uv": [3.75, 8.25, 3.875, 11], "texture": "#2"},
				"south": {"uv": [4, 8.25, 4.125, 11], "texture": "#2"},
				"west": {"uv": [4.25, 8.25, 4.375, 11], "texture": "#2"},
				"up": {"uv": [8.875, 4.625, 8.75, 4.5], "texture": "#2"},
				"down": {"uv": [8.875, 4.75, 8.75, 4.875], "texture": "#2"}
			}
		},
		{
			"from": [2.75, 9, 15],
			"to": [13.25, 9.5, 15.5],
			"faces": {
				"north": {"uv": [8.25, 0, 10.875, 0.125], "texture": "#2"},
				"east": {"uv": [6, 8.75, 6.125, 8.875], "texture": "#2"},
				"south": {"uv": [8.25, 0.25, 10.875, 0.375], "texture": "#2"},
				"west": {"uv": [6.25, 8.75, 6.375, 8.875], "texture": "#2"},
				"up": {"uv": [10.875, 0.625, 8.25, 0.5], "texture": "#2"},
				"down": {"uv": [10.875, 0.75, 8.25, 0.875], "texture": "#2"}
			}
		},
		{
			"from": [3.5, 9.5, 5.25],
			"to": [4, 10, 16.25],
			"faces": {
				"north": {"uv": [8.75, 6.25, 8.875, 6.375], "texture": "#2"},
				"east": {"uv": [8, 5.75, 10.75, 5.875], "texture": "#2"},
				"south": {"uv": [6.5, 8.75, 6.625, 8.875], "texture": "#2"},
				"west": {"uv": [8, 6, 10.75, 6.125], "texture": "#2"},
				"up": {"uv": [8.375, 9, 8.25, 6.25], "texture": "#2"},
				"down": {"uv": [7.125, 8.25, 7, 11], "texture": "#2"}
			}
		},
		{
			"from": [5.5, 2, 6.25],
			"to": [10, 7.5, 10.25],
			"rotation": {"angle": -22.5, "axis": "z", "origin": [7.75, 4.75, 8]},
			"faces": {
				"north": {"uv": [7, 0, 8.125, 1.375], "texture": "#2"},
				"east": {"uv": [5, 2.25, 6, 3.625], "texture": "#2"},
				"south": {"uv": [7, 4.25, 8.125, 5.625], "texture": "#2"},
				"west": {"uv": [7, 5.75, 8, 7.125], "texture": "#2"},
				"up": {"uv": [8.125, 8.25, 7, 7.25], "texture": "#2"},
				"down": {"uv": [1.125, 8, 0, 9], "texture": "#2"}
			}
		},
		{
			"from": [5.75, 5, 5.5],
			"to": [6.75, 6, 7],
			"rotation": {"angle": -22.5, "axis": "z", "origin": [5.75, 5.25, 6.5]},
			"faces": {
				"north": {"uv": [8, 3.25, 8.25, 3.5], "texture": "#2"},
				"east": {"uv": [8.5, 3, 8.875, 3.25], "texture": "#2"},
				"south": {"uv": [8, 3.5, 8.25, 3.75], "texture": "#2"},
				"west": {"uv": [8.5, 3.25, 8.875, 3.5], "texture": "#2"},
				"up": {"uv": [8.25, 2.625, 8, 2.25], "texture": "#2"},
				"down": {"uv": [8.25, 2.75, 8, 3.125], "texture": "#2"}
			}
		},
		{
			"from": [5.5, 4.75, 5],
			"to": [7, 6.25, 5.5],
			"rotation": {"angle": -22.5, "axis": "z", "origin": [5.75, 5.25, 6.5]},
			"faces": {
				"north": {"uv": [7.25, 8.25, 7.625, 8.625], "texture": "#2"},
				"east": {"uv": [8.5, 6.25, 8.625, 6.625], "texture": "#2"},
				"south": {"uv": [7.75, 8.25, 8.125, 8.625], "texture": "#2"},
				"west": {"uv": [8.5, 6.75, 8.625, 7.125], "texture": "#2"},
				"up": {"uv": [8.875, 7.375, 8.5, 7.25], "texture": "#2"},
				"down": {"uv": [8.875, 7.5, 8.5, 7.625], "texture": "#2"}
			}
		},
		{
			"from": [8.75, 3.5, 6],
			"to": [9.75, 4.5, 7],
			"rotation": {"angle": -22.5, "axis": "z", "origin": [5.75, 5.25, 6.5]},
			"faces": {
				"north": {"uv": [8, 3.75, 8.25, 4], "texture": "#2"},
				"east": {"uv": [8, 4, 8.25, 4.25], "texture": "#2"},
				"south": {"uv": [8, 6.25, 8.25, 6.5], "texture": "#2"},
				"west": {"uv": [8, 6.5, 8.25, 6.75], "texture": "#2"},
				"up": {"uv": [8.25, 7, 8, 6.75], "texture": "#2"},
				"down": {"uv": [8.25, 7, 8, 7.25], "texture": "#2"}
			}
		},
		{
			"from": [8.75, 6.5, 6],
			"to": [9.75, 7.5, 7],
			"rotation": {"angle": -22.5, "axis": "z", "origin": [5.75, 5.25, 6.5]},
			"faces": {
				"north": {"uv": [8.5, 3.5, 8.75, 3.75], "texture": "#2"},
				"east": {"uv": [8.5, 3.75, 8.75, 4], "texture": "#2"},
				"south": {"uv": [8.5, 4, 8.75, 4.25], "texture": "#2"},
				"west": {"uv": [8.5, 4.25, 8.75, 4.5], "texture": "#2"},
				"up": {"uv": [8.75, 4.75, 8.5, 4.5], "texture": "#2"},
				"down": {"uv": [8.75, 4.75, 8.5, 5], "texture": "#2"}
			}
		},
		{
			"from": [4.25, 8.75, 5],
			"to": [11.75, 9.25, 12.5],
			"faces": {
				"north": {"uv": [8.25, 5.5, 10.125, 5.625], "texture": "#2"},
				"east": {"uv": [8.5, 2.25, 10.375, 2.375], "texture": "#2"},
				"south": {"uv": [8.5, 2.5, 10.375, 2.625], "texture": "#2"},
				"west": {"uv": [8.5, 2.75, 10.375, 2.875], "texture": "#2"},
				"up": {"uv": [7.875, 4.125, 6, 2.25], "texture": "#2"},
				"down": {"uv": [5.875, 6, 4, 7.875], "texture": "#2"}
			}
		},
		{
			"from": [8, 0, 15.75],
			"to": [12, 8.5, 16.75],
			"rotation": {"angle": 45, "axis": "y", "origin": [8, 0, 14]},
			"faces": {
				"north": {"uv": [6, 4.25, 7, 6.375], "texture": "#2"},
				"east": {"uv": [1.25, 8, 1.5, 10.125], "texture": "#2"},
				"south": {"uv": [6, 6.5, 7, 8.625], "texture": "#2"},
				"west": {"uv": [1.5, 8, 1.75, 10.125], "texture": "#2"},
				"up": {"uv": [9.25, 5.25, 8.25, 5], "texture": "#2"},
				"down": {"uv": [9.25, 5.25, 8.25, 5.5], "texture": "#2"}
			}
		},
		{
			"from": [4, 0, 4.75],
			"to": [12, 9, 12.75],
			"faces": {
				"north": {"uv": [0, 3.75, 2, 6], "texture": "#2"},
				"east": {"uv": [2, 3.75, 4, 6], "texture": "#2"},
				"south": {"uv": [4, 3.75, 6, 6], "texture": "#2"},
				"west": {"uv": [5, 0, 7, 2.25], "texture": "#2"},
				"up": {"uv": [2, 8, 0, 6], "texture": "#2"},
				"down": {"uv": [4, 6, 2, 8], "texture": "#2"}
			}
		}
	],
	"display": {
		"thirdperson_righthand": {
			"rotation": [24.25, 0, 0],
			"translation": [0, 2.25, 1.5],
			"scale": [0.5, 0.5, 0.5]
		},
		"thirdperson_lefthand": {
			"scale": [0.5, 0.5, 0.5]
		},
		"firstperson_righthand": {
			"translation": [0, 6.75, 0]
		},
		"firstperson_lefthand": {
			"translation": [0, 6.25, 0]
		},
		"ground": {
			"translation": [0, 5.75, 0]
		},
		"gui": {
			"rotation": [-147, 44.5, -180],
			"translation": [-0.5, 2.5, 0]
		},
		"head": {
			"translation": [0, 14.25, 0]
		},
		"fixed": {
			"rotation": [-90, 0, 0],
			"translation": [0, 0, -19],
			"scale": [2.5, 2.5, 2.5]
		}
	},
	"groups": [
		{
			"name": "korpus",
			"origin": [0, 0, 0],
			"color": 0,
			"children": [0, 1, 2, 3, 4, 5, 6, 7]
		},
		{
			"name": "head",
			"origin": [5.75, 5.25, 6.5],
			"color": 0,
			"children": [8, 9, 10, 11, 12]
		},
		13,
		14,
		15
	]
}
