{
	"credit": "Made by 🌌Pasport🌌 modified by SanyaSho",
	"texture_size": [32, 32],
	"textures": {
		"1": "item/modeldata/props/misc_props/konus"
	},
	"elements": [
		{
			"from": [4, 0, 4],
			"to": [12, 0.75, 12],
			"faces": {
				"north": {"uv": [9, 5.5, 13, 6], "texture": "#1"},
				"east": {"uv": [5.5, 10, 9.5, 10.5], "texture": "#1"},
				"south": {"uv": [10, 6, 14, 6.5], "texture": "#1"},
				"west": {"uv": [10, 6.5, 14, 7], "texture": "#1"},
				"up": {"uv": [4, 4, 0, 0], "texture": "#1"},
				"down": {"uv": [4, 4, 0, 8], "texture": "#1"}
			}
		},
		{
			"from": [5.5, 0.5, 5.5],
			"to": [10.5, 4.5, 10.5],
			"faces": {
				"north": {"uv": [4, 5, 6.5, 7], "texture": "#1"},
				"east": {"uv": [6.5, 0, 9, 2], "texture": "#1"},
				"south": {"uv": [6.5, 2, 9, 4], "texture": "#1"},
				"west": {"uv": [6.5, 4, 9, 6], "texture": "#1"},
				"up": {"uv": [6.5, 2.5, 4, 0], "texture": "#1"},
				"down": {"uv": [6.5, 2.5, 4, 5], "texture": "#1"}
			}
		},
		{
			"from": [6, 4.5, 6],
			"to": [10, 8.5, 10],
			"faces": {
				"north": {"uv": [6.5, 6, 8.5, 8], "texture": "#1"},
				"east": {"uv": [4, 7, 6, 9], "texture": "#1"},
				"south": {"uv": [0, 8, 2, 10], "texture": "#1"},
				"west": {"uv": [2, 8, 4, 10], "texture": "#1"},
				"up": {"uv": [8, 10, 6, 8], "texture": "#1"},
				"down": {"uv": [10, 8, 8, 10], "texture": "#1"}
			}
		},
		{
			"from": [6.75, 7.5, 6.75],
			"to": [9.25, 11.5, 9.25],
			"faces": {
				"north": {"uv": [8.5, 6, 10, 8], "texture": "#1"},
				"east": {"uv": [9, 0, 10.5, 2], "texture": "#1"},
				"south": {"uv": [9, 2, 10.5, 4], "texture": "#1"},
				"west": {"uv": [4, 9, 5.5, 11], "texture": "#1"},
				"up": {"uv": [10.5, 5.5, 9, 4], "texture": "#1"},
				"down": {"uv": [1.5, 10, 0, 11.5], "texture": "#1"}
			}
		}
	],
	"display": {
		"thirdperson_righthand": {
			"translation": [0.5, 3.25, 0],
			"scale": [0.5, 0.5, 0.5]
		},
		"thirdperson_lefthand": {
			"translation": [0, 2.5, 0],
			"scale": [0.5, 0.5, 0.5]
		},
		"firstperson_righthand": {
			"translation": [0, 6.75, 0]
		},
		"firstperson_lefthand": {
			"translation": [0, 7, 0]
		},
		"ground": {
			"translation": [0, 5, 0]
		},
		"gui": {
			"rotation": [23.25, -24.75, 0],
			"translation": [0, 1.25, 0]
		},
		"head": {
			"translation": [0, 21.5, 0],
			"scale": [2, 2, 2]
		},
		"fixed": {
			"rotation": [-90, 0, 0],
			"translation": [0, 0, -23.5],
			"scale": [3, 3, 3]
		}
	}
}
