{
	"credit": "Made by 🌌Pasport🌌 modified by SanyaSho",
	"texture_size": [64, 64],
	"textures": {
		"0": "item/modeldata/props/misc_props/lambdabox"
	},
	"elements": [
		{
			"from": [3, 0, 3],
			"to": [13, 8, 13],
			"faces": {
				"north": {"uv": [0, 5, 2.5, 7], "texture": "#0"},
				"east": {"uv": [5, 0, 7.5, 2], "texture": "#0"},
				"south": {"uv": [5, 2, 7.5, 4], "texture": "#0"},
				"west": {"uv": [2.5, 5, 5, 7], "texture": "#0"},
				"up": {"uv": [5, 2.5, 2.5, 0], "texture": "#0"},
				"down": {"uv": [5, 2.5, 2.5, 5], "texture": "#0"}
			}
		},
		{
			"from": [2.8, 0, 2.8],
			"to": [4, 8.2, 4],
			"faces": {
				"north": {"uv": [5, 5, 5.25, 7], "texture": "#0"},
				"east": {"uv": [5.25, 5, 5.5, 7], "texture": "#0"},
				"south": {"uv": [5.5, 5, 5.75, 7], "texture": "#0"},
				"west": {"uv": [5.75, 5, 6, 7], "texture": "#0"},
				"up": {"uv": [1.5, 7.5, 1.25, 7.25], "texture": "#0"},
				"down": {"uv": [1.75, 7.25, 1.5, 7.5], "texture": "#0"}
			}
		},
		{
			"from": [4, 7.2, 2.8],
			"to": [12, 8.2, 4],
			"faces": {
				"north": {"uv": [6, 5, 8, 5.25], "texture": "#0"},
				"east": {"uv": [1.75, 7.25, 2, 7.5], "texture": "#0"},
				"south": {"uv": [6, 5.25, 8, 5.5], "texture": "#0"},
				"west": {"uv": [2, 7.25, 2.25, 7.5], "texture": "#0"},
				"up": {"uv": [8, 5.75, 6, 5.5], "texture": "#0"},
				"down": {"uv": [8, 5.75, 6, 6], "texture": "#0"}
			}
		},
		{
			"from": [2.8, 0, 12],
			"to": [4, 8.2, 13.2],
			"faces": {
				"north": {"uv": [6, 6, 6.25, 8], "texture": "#0"},
				"east": {"uv": [6.25, 6, 6.5, 8], "texture": "#0"},
				"south": {"uv": [6.5, 6, 6.75, 8], "texture": "#0"},
				"west": {"uv": [6.75, 6, 7, 8], "texture": "#0"},
				"up": {"uv": [2.5, 7.5, 2.25, 7.25], "texture": "#0"},
				"down": {"uv": [2.75, 7.25, 2.5, 7.5], "texture": "#0"}
			}
		},
		{
			"from": [12, 0, 2.8],
			"to": [13.2, 8.2, 4],
			"faces": {
				"north": {"uv": [0, 7, 0.25, 9], "texture": "#0"},
				"east": {"uv": [0.25, 7, 0.5, 9], "texture": "#0"},
				"south": {"uv": [0.5, 7, 0.75, 9], "texture": "#0"},
				"west": {"uv": [0.75, 7, 1, 9], "texture": "#0"},
				"up": {"uv": [3, 7.5, 2.75, 7.25], "texture": "#0"},
				"down": {"uv": [3.25, 7.25, 3, 7.5], "texture": "#0"}
			}
		},
		{
			"from": [4, 7.2, 12],
			"to": [12, 8.2, 13.2],
			"faces": {
				"north": {"uv": [1, 7, 3, 7.25], "texture": "#0"},
				"east": {"uv": [3.25, 7.25, 3.5, 7.5], "texture": "#0"},
				"south": {"uv": [3, 7, 5, 7.25], "texture": "#0"},
				"west": {"uv": [3.5, 7.25, 3.75, 7.5], "texture": "#0"},
				"up": {"uv": [9, 6.25, 7, 6], "texture": "#0"},
				"down": {"uv": [9, 6.25, 7, 6.5], "texture": "#0"}
			}
		},
		{
			"from": [12, 0, 12],
			"to": [13.2, 8.2, 13.2],
			"faces": {
				"north": {"uv": [5, 7, 5.25, 9], "texture": "#0"},
				"east": {"uv": [5.25, 7, 5.5, 9], "texture": "#0"},
				"south": {"uv": [5.5, 7, 5.75, 9], "texture": "#0"},
				"west": {"uv": [5.75, 7, 6, 9], "texture": "#0"},
				"up": {"uv": [4, 7.5, 3.75, 7.25], "texture": "#0"},
				"down": {"uv": [4.25, 7.25, 4, 7.5], "texture": "#0"}
			}
		},
		{
			"from": [7, 8, 4],
			"to": [8, 8.2, 12],
			"faces": {
				"north": {"uv": [4.25, 7.25, 4.5, 7.5], "texture": "#0"},
				"east": {"uv": [7, 6.5, 9, 6.75], "texture": "#0"},
				"south": {"uv": [4.5, 7.25, 4.75, 7.5], "texture": "#0"},
				"west": {"uv": [7, 6.75, 9, 7], "texture": "#0"},
				"up": {"uv": [7.25, 9, 7, 7], "texture": "#0"},
				"down": {"uv": [1.25, 7.25, 1, 9.25], "texture": "#0"}
			}
		},
		{
			"from": [2.8, -0.4, 2.8],
			"to": [13.2, 0, 13.2],
			"faces": {
				"north": {"uv": [5, 4, 7.5, 4.25], "texture": "#0"},
				"east": {"uv": [5, 4.25, 7.5, 4.5], "texture": "#0"},
				"south": {"uv": [5, 4.5, 7.5, 4.75], "texture": "#0"},
				"west": {"uv": [5, 4.75, 7.5, 5], "texture": "#0"},
				"up": {"uv": [2.5, 2.5, 0, 0], "texture": "#0"},
				"down": {"uv": [2.5, 2.5, 0, 5], "texture": "#0"}
			}
		}
	],
	"display": {
		"thirdperson_righthand": {
			"translation": [0, 2.25, 0],
			"scale": [0.5, 0.5, 0.5]
		},
		"thirdperson_lefthand": {
			"translation": [0, 1.75, 0],
			"scale": [0.5, 0.5, 0.5]
		},
		"ground": {
			"translation": [0, 4.75, 0]
		},
		"gui": {
			"rotation": [29.25, -50.25, 0],
			"translation": [0, 4, 0]
		},
		"head": {
			"translation": [0, 14.25, 0]
		},
		"fixed": {
			"rotation": [-90, 0, 0],
			"translation": [0, 1.25, -31.75],
			"scale": [4, 4, 4]
		}
	}
}
