{
	"credit": "Made by 🌌Pasport🌌 modified by SanyaSho",
	"texture_size": [32, 32],
	"textures": {
		"1": "item/modeldata/props/misc_props/tv"
	},
	"elements": [
		{
			"from": [2, 0, 5],
			"to": [14, 9, 11],
			"faces": {
				"north": {"uv": [0, 0, 6, 4.5], "texture": "#1"},
				"east": {"uv": [5, 9.5, 8, 14], "texture": "#1"},
				"south": {"uv": [0, 4.5, 6, 9], "texture": "#1"},
				"west": {"uv": [8, 9.5, 11, 14], "texture": "#1"},
				"up": {"uv": [12, 3, 6, 0], "texture": "#1"},
				"down": {"uv": [12, 3, 6, 6], "texture": "#1"}
			}
		},
		{
			"from": [3, 1, 11],
			"to": [13, 8, 12],
			"faces": {
				"north": {"uv": [6, 6, 11, 9.5], "texture": "#1"},
				"east": {"uv": [11, 7, 11.5, 10.5], "texture": "#1"},
				"south": {"uv": [0, 9, 5, 12.5], "texture": "#1"},
				"west": {"uv": [11, 10.5, 11.5, 14], "texture": "#1"},
				"up": {"uv": [16, 6.5, 11, 6], "texture": "#1"},
				"down": {"uv": [16, 6.5, 11, 7], "texture": "#1"}
			}
		}
	],
	"display": {
		"ground": {
			"translation": [0, 6.25, 0]
		},
		"head": {
			"translation": [0, 22.5, 0],
			"scale": [2, 2, 2]
		},
		"fixed": {
			"rotation": [-90, 0, 0],
			"translation": [0, 0, -21],
			"scale": [2.74, 2.74, 2.74]
		}
	}
}
