{
    "ammocrateclose": {
      "sounds": [
        "items/ammocrate_close"
      ]
    },
    "ammocrateopen": {
      "sounds": [
        "items/ammocrate_open"
      ]
    },
    "ammopickup": {
      "sounds": [
        "items/ammo_pickup"
      ]
    },
    "batterypickup": {
      "sounds": [
        "items/battery_pickup"
      ]
    },
    "flashlight1": {
      "sounds": [
        "items/flashlight1"
      ]
    },
    "medcharge4": {
      "sounds": [
        "items/medcharge4"
      ]
    },
    "medshot4": {
      "sounds": [
        "items/medshot4"
      ]
    },
    "medshotno1": {
      "sounds": [
        "items/medshotno1"
      ]
    },
    "smallmedkit1": {
      "sounds": [
        "items/smallmedkit1"
      ]
    },
    "suitcharge1": {
      "sounds": [
        "items/suitcharge1"
      ]
    },
    "suitchargeno1": {
      "sounds": [
        "items/suitchargeno1"
      ]
    },
    "suitchargeok1": {
      "sounds": [
        "items/suitchargeok1"
      ]
    },
    "breathe1": {
      "sounds": [
        "player/breathe1"
      ]
    },
    "suit.indicator.geiger": {
      "sounds": [
        {
          "name": "player/geiger1"
        },
        {
          "name": "player/geiger2"
        },
        {
          "name": "player/geiger3"
        }
      ],
      "subtitle": "HEV: Geiger"
    },
    "heartbeat1": {
      "sounds": [
        "player/heartbeat1"
      ],
      "subtitle": "Heartbeat"
    },
    "sprayer": {
      "sounds": [
        "player/sprayer"
      ],
      "subtitle": "Creating spray"
    },
    "suit_denydevice": {
      "sounds": [
        "player/suit_denydevice"
      ],
      "subtitle": "None"
    },
    "suit_sprint": {
      "sounds": [
        "player/suit_sprint"
      ],
      "subtitle": "Sprint ON"
    },
    "suit_acquired": {
      "sounds": [
        "suit/acquired"
      ]
    },
    "suit_activated": {
      "sounds": [
        "suit/activated"
      ]
    },
    "suit_ammo_depleted": {
      "sounds": [
        "suit/ammo_depleted"
      ]
    },
    "suit_antidote_shot": {
      "sounds": [
        "suit/antidote_shot"
      ]
    },
    "suit_antitoxin_shot": {
      "sounds": [
        "suit/antitoxin_shot"
      ]
    },
    "suit_armor_gone": {
      "sounds": [
        "suit/armor_gone"
      ]
    },
    "suit_automedic_on": {
      "sounds": [
        "suit/automedic_on"
      ]
    },
    "suit_beep": {
      "sounds": [
        "suit/beep"
      ]
    },
    "suit_bell": {
      "sounds": [
        "suit/bell"
      ]
    },
    "suit_biohazard_detected": {
      "sounds": [
        "suit/biohazard_detected"
      ]
    },
    "suit_bio_reading": {
      "sounds": [
        "suit/bio_reading"
      ]
    },
    "suit_bleeding_stopped": {
      "sounds": [
        "suit/bleeding_stopped"
      ]
    },
    "suit_blip": {
      "sounds": [
        "suit/blip"
      ]
    },
    "suit_blood_loss": {
      "sounds": [
        "suit/blood_loss"
      ]
    },
    "suit_blood_plasma": {
      "sounds": [
        "suit/blood_plasma"
      ]
    },
    "suit_blood_toxins": {
      "sounds": [
        "suit/blood_toxins"
      ]
    },
    "suit_boop": {
      "sounds": [
        "suit/boop"
      ]
    },
    "suit_buzz": {
      "sounds": [
        "suit/buzz"
      ]
    },
    "suit_chemical_detected": {
      "sounds": [
        "suit/chemical_detected"
      ]
    },
    "suit_comma": {
      "sounds": [
        "suit/_comma"
      ]
    },
    "suit_deactivated": {
      "sounds": [
        "suit/deactivated"
      ]
    },
    "suit_eighty": {
      "sounds": [
        "suit/eighty"
      ]
    },
    "suit_evacuate_area": {
      "sounds": [
        "suit/evacuate_area"
      ]
    },
    "suit_fifteen": {
      "sounds": [
        "suit/fifteen"
      ]
    },
    "suit_fifty": {
      "sounds": [
        "suit/fifty"
      ]
    },
    "suit_five": {
      "sounds": [
        "suit/five"
      ]
    },
    "suit_flatline": {
      "sounds": [
        "suit/flatline"
      ]
    },
    "suit_fourty": {
      "sounds": [
        "suit/fourty"
      ]
    },
    "suit_fuzz": {
      "sounds": [
        "suit/fuzz"
      ]
    },
    "suit_health_critical": {
      "sounds": [
        "suit/health_critical"
      ]
    },
    "suit_health_dropping": {
      "sounds": [
        "suit/health_dropping"
      ]
    },
    "suit_health_dropping2": {
      "sounds": [
        "suit/health_dropping2"
      ]
    },
    "suit_heat_damage": {
      "sounds": [
        "suit/heat_damage"
      ]
    },
    "suit_hev_critical_fail": {
      "sounds": [
        "suit/hev_critical_fail"
      ]
    },
    "suit_hev_damage": {
      "sounds": [
        "suit/hev_damage"
      ]
    },
    "suit_hev_general_fail": {
      "sounds": [
        "suit/hev_general_fail"
      ]
    },
    "suit_hev_shutdown": {
      "sounds": [
        "suit/hev_shutdown"
      ]
    },
    "suit_minor_fracture": {
      "sounds": [
        "suit/minor_fracture"
      ]
    },
    "suit_minor_lacerations": {
      "sounds": [
        "suit/minor_lacerations"
      ]
    },
    "suit_morphine_shot": {
      "sounds": [
        "suit/morphine_shot"
      ]
    },
    "suit_near_death": {
      "sounds": [
        "suit/near_death"
      ]
    },
    "suit_ninety": {
      "sounds": [
        "suit/ninety"
      ]
    },
    "suit_onehundred": {
      "sounds": [
        "suit/onehundred"
      ]
    },
    "suit_percent": {
      "sounds": [
        "suit/percent"
      ]
    },
    "suit_power_below": {
      "sounds": [
        "suit/power_below"
      ]
    },
    "suit_power_level_is": {
      "sounds": [
        "suit/power_level_is"
      ]
    },
    "suit_powermove_overload": {
      "sounds": [
        "suit/powermove_overload"
      ]
    },
    "suit_power_restored": {
      "sounds": [
        "suit/power_restored"
      ]
    },
    "suit_radiation_detected": {
      "sounds": [
        "suit/radiation_detected"
      ]
    },
    "suit_seek_medic": {
      "sounds": [
        "suit/seek_medic"
      ]
    },
    "suit_seventy": {
      "sounds": [
        "suit/seventy"
      ]
    },
    "suit_shock_damage": {
      "sounds": [
        "suit/shock_damage"
      ]
    },
    "suit_sixty": {
      "sounds": [
        "suit/sixty"
      ]
    },
    "suit_targetting_system": {
      "sounds": [
        "suit/targetting_system"
      ]
    },
    "suit_ten": {
      "sounds": [
        "suit/ten"
      ]
    },
    "suit_thirty": {
      "sounds": [
        "suit/thirty"
      ]
    },
    "suit_torniquette_applied": {
      "sounds": [
        "suit/torniquette_applied"
      ]
    },
    "suit_twenty": {
      "sounds": [
        "suit/twenty"
      ]
    },
    "suit_voice_off": {
      "sounds": [
        "suit/voice_off"
      ]
    },
    "suit_voice_on": {
      "sounds": [
        "suit/voice_on"
      ]
    },
    "suit_warning": {
      "sounds": [
        "suit/warning"
      ]
    },
    "suit_wound_sterilized": {
      "sounds": [
        "suit/wound_sterilized"
      ]
    }
}
